/*
 * Image Data Array
 * Generated by: uink_render_tool
 * Date: 2026-04-13 15:19:09
 *
 * Source: 蜡笔小新.png
 * Mode: 黑白红黄(2-bit)
 * Size: 400 x 300 pixels
 * Data size: 30000 bytes
 */

#include <stdint.h>

// Image metadata macros
#define PIC_4COLOR_2BIT_WIDTH 400
#define PIC_4COLOR_2BIT_HEIGHT 300
#define PIC_4COLOR_2BIT_SIZE 30000
#define PIC_4COLOR_2BIT_BIT_DEPTH 2

/*
 * Pixel Access Helper:
 * Each byte contains 4 pixels (2 bits per pixel)
 * Pixel at (x, y): byte_index = y * ((width + 3) / 4) + (x / 4)
 *                  bit_offset = 6 - ((x % 4) * 2)
 *                  pixel = (data[byte_index] >> bit_offset) & 0x03
 */
// Image data array (30000 bytes)
const uint8_t pic_4color_2bit_data[30000] = {
    0xFF, 0xFF, 0xFF, 0xFF, 0xFF, 0xFF, 0xFF, 0xFF, 0xFF, 0xFF, 0xFF, 0xFF, 0xFF, 0xFF, 0xFF, 0xFF,
    0xFF, 0xFF, 0xFF, 0xFF, 0xFF, 0xFF, 0xFF, 0xFF, 0xFF, 0xFF, 0xFF, 0xFF, 0xFF, 0xFF, 0xFF, 0xFF,
    0xFF, 0xFF, 0xFF, 0xFF, 0xFF, 0xFF, 0xFF, 0xFF, 0xFF, 0xFF, 0xFF, 0xFF, 0xFF, 0xFF, 0xFF, 0xFF,
    0xFF, 0xFF, 0xFF, 0xFF, 0xFF, 0xFF, 0xFF, 0xFF, 0xFF, 0xFF, 0xFF, 0xFF, 0xFF, 0xFF, 0xFF, 0xFF,
    0xFF, 0xFF, 0xFF, 0xFF, 0xFF, 0xFF, 0xFF, 0xFF, 0xFF, 0xFF, 0xFF, 0xFF, 0xFF, 0xFF, 0xFF, 0xFF,
    0xFF, 0xFF, 0xFF, 0xFF, 0xFF, 0xFF, 0xFF, 0xFF, 0xFF, 0xFF, 0xFF, 0xFF, 0xFF, 0xFF, 0xFF, 0xFF,
    0xFF, 0xFF, 0xFF, 0xFF, 0xFF, 0xFF, 0xFF, 0xFF, 0xFF, 0xFF, 0xFF, 0xFF, 0xFF, 0xFF, 0xFF, 0xFF,
    0xFF, 0xFF, 0xFF, 0xFF, 0xFF, 0xFF, 0xFF, 0xFF, 0xFF, 0xFF, 0xFF, 0xFF, 0xFF, 0xFF, 0xFF, 0xFF,
    0xFF, 0xFF, 0xFF, 0xFF, 0xFF, 0xFF, 0xFF, 0xFF, 0xFF, 0xFF, 0xFF, 0xFF, 0xFF, 0xFF, 0xFF, 0xFF,
    0xFF, 0xFF, 0xFF, 0xFF, 0xFF, 0xFF, 0xFF, 0xFF, 0xFF, 0xFF, 0xFF, 0xFF, 0xFF, 0xFF, 0xFF, 0xFF,
    0xFF, 0xFF, 0xFF, 0xFF, 0xFF, 0xFF, 0xFF, 0xFF, 0xFF, 0xFF, 0xFF, 0xFF, 0xFF, 0xFF, 0xFF, 0xFF,
    0xFF, 0xFF, 0xFF, 0xFF, 0xFF, 0xFF, 0xFF, 0xFF, 0xFF, 0xFF, 0xFF, 0xFF, 0xFF, 0xFF, 0xFF, 0xFF,
    0xFF, 0xFF, 0xFF, 0xFF, 0xFF, 0xFF, 0xFF, 0xFF, 0xFF, 0xFF, 0xFF, 0xFF, 0xFF, 0xFF, 0xFF, 0xFF,
    0xFF, 0xFF, 0xFF, 0xFF, 0xFF, 0xFF, 0xFF, 0xFF, 0xFF, 0xFF, 0xFF, 0xFF, 0xFF, 0xFF, 0xFF, 0xFF,
    0xFF, 0xFF, 0xFF, 0xFF, 0xFF, 0xFF, 0xFF, 0xFF, 0xFF, 0xFF, 0xFF, 0xFF, 0xFF, 0xFF, 0xFF, 0xFF,
    0xFF, 0xFF, 0xFF, 0xFF, 0xFF, 0xFF, 0xFF, 0xFF, 0xFF, 0xFF, 0xFF, 0xFF, 0xFF, 0xFF, 0xFF, 0xFF,
    0xFF, 0xFF, 0xFF, 0xFF, 0xFF, 0xFF, 0xFF, 0xFF, 0xFF, 0xFF, 0xFF, 0xFF, 0xFF, 0xFF, 0xFF, 0xFF,
    0xFF, 0xFF, 0xFF, 0xFF, 0xFF, 0xFF, 0xFF, 0xFF, 0xFF, 0xFF, 0xFF, 0xFF, 0xFF, 0xFF, 0xFF, 0xFF,
    0xFF, 0xFF, 0xFF, 0xFF, 0xFF, 0xFF, 0xFF, 0xFF, 0xFF, 0xFF, 0xFF, 0xFF, 0xFF, 0xFF, 0xFF, 0xFF,
    0xFF, 0xFF, 0xFF, 0xFF, 0xFF, 0xFF, 0xFF, 0xFF, 0xFF, 0xFF, 0xFF, 0xFF, 0xFF, 0xFF, 0xFF, 0xFF,
    0xFF, 0xFF, 0xFF, 0xFF, 0xFF, 0xFF, 0xFF, 0xFF, 0xFF, 0xFF, 0xFF, 0xFF, 0xFF, 0xFF, 0xFF, 0xFF,
    0xFF, 0xFF, 0xFF, 0xFF, 0xFF, 0xFF, 0xFF, 0xFF, 0xFF, 0xFF, 0xFF, 0xFF, 0xFF, 0xFF, 0xFF, 0xFF,
    0xFF, 0xFF, 0xFF, 0xFF, 0xFF, 0xFF, 0xFF, 0xFF, 0xFF, 0xFF, 0xFF, 0xFF, 0xFF, 0xFF, 0xFF, 0xFF,
    0xFF, 0xFF, 0xFF, 0xFF, 0xFF, 0xFF, 0xFF, 0xFF, 0xFF, 0xFF, 0xFF, 0xFF, 0xFF, 0xFF, 0xFF, 0xFF,
    0xFF, 0xFF, 0xFF, 0xFF, 0xFF, 0xFF, 0xFF, 0xFF, 0xFF, 0xFF, 0xFF, 0xFF, 0xFF, 0xFF, 0xFF, 0xFF,
    0xFF, 0xFF, 0xFF, 0xFF, 0xFF, 0xFF, 0xFF, 0xFF, 0xFF, 0xFF, 0xFF, 0xFF, 0xFF, 0xFF, 0xFF, 0xFF,
    0xFF, 0xFF, 0xFF, 0xFF, 0xFF, 0xFF, 0xFF, 0xFF, 0xFF, 0xFF, 0xFF, 0xFF, 0xFF, 0xFF, 0xFF, 0xFF,
    0xFF, 0xFF, 0xFF, 0xFF, 0xFF, 0xFF, 0xFF, 0xFF, 0xFF, 0xFF, 0xFF, 0xFF, 0xFF, 0xFF, 0xFF, 0xFF,
    0xFF, 0xFF, 0xFF, 0xFF, 0xFF, 0xFF, 0xFF, 0xFF, 0xFF, 0xFF, 0xFF, 0xFF, 0xFF, 0xFF, 0xFF, 0xFF,
    0xFF, 0xFF, 0xFF, 0xFF, 0xFF, 0xFF, 0xFF, 0xFF, 0xFF, 0xFF, 0xFF, 0xFF, 0xFF, 0xFF, 0xFF, 0xFF,
    0xFF, 0xFF, 0xFF, 0xFF, 0xFF, 0xFF, 0xFF, 0xFF, 0xFF, 0xFF, 0xFF, 0xFF, 0xFF, 0xFF, 0xFF, 0xFF,
    0xFF, 0xFF, 0xFF, 0xFF, 0xFF, 0xFF, 0xFF, 0xFF, 0xFF, 0xFF, 0xFF, 0xFF, 0xFF, 0xFF, 0xFF, 0xFF,
    0xFF, 0xFF, 0xFF, 0xFF, 0xFF, 0xFF, 0xFF, 0xFF, 0xFF, 0xFF, 0xFF, 0xFF, 0xFF, 0xFF, 0xFF, 0xFF,
    0xFF, 0xFF, 0xFF, 0xFF, 0xFF, 0xFF, 0xFF, 0xFF, 0xFF, 0xFF, 0xFF, 0xFF, 0xFF, 0xFF, 0xFF, 0xFF,
    0xFF, 0xFF, 0xFF, 0xFF, 0xFF, 0xFF, 0xFF, 0xFF, 0xFF, 0xFF, 0xFF, 0xFF, 0xFF, 0xFF, 0xFF, 0xFF,
    0xFF, 0xFF, 0xFF, 0xFF, 0xFF, 0xFF, 0xFF, 0xFF, 0xFF, 0xFF, 0xFF, 0xFF, 0xFF, 0xFF, 0xFF, 0xFF,
    0xFF, 0xFF, 0xFF, 0xFF, 0xFF, 0xFF, 0xFF, 0xFF, 0xFF, 0xFF, 0xFF, 0xFF, 0xFF, 0xFF, 0xFF, 0xFF,
    0xFF, 0xFF, 0xFF, 0xFF, 0xFF, 0xFF, 0xFF, 0xFF, 0xFF, 0xFF, 0xFF, 0xFF, 0xFF, 0xFF, 0xFF, 0xFF,
    0xFF, 0xFF, 0xFF, 0xFF, 0xFF, 0xFF, 0xFF, 0xFF, 0xFF, 0xFF, 0xFF, 0xFF, 0xFF, 0xFF, 0xFF, 0xFF,
    0xFF, 0xFF, 0xFF, 0xFF, 0xFF, 0xFF, 0xFF, 0xFF, 0xFF, 0xFF, 0xFF, 0xFF, 0xFF, 0xFF, 0xFF, 0xFF,
    0xFF, 0xFF, 0xFF, 0xFF, 0xFF, 0xFF, 0xFF, 0xFF, 0xFF, 0xFF, 0xFF, 0xFF, 0xFF, 0xFF, 0xFF, 0xFF,
    0xFF, 0xFF, 0xFF, 0xFF, 0xFF, 0xFF, 0xFF, 0xFF, 0xFF, 0xFF, 0xFF, 0xFF, 0xFF, 0xFF, 0xFF, 0xFF,
    0xFF, 0xFF, 0xFF, 0xFF, 0xFF, 0xFF, 0xFF, 0xFF, 0xFF, 0xFF, 0xFF, 0xFF, 0xFF, 0xFF, 0xFF, 0xFF,
    0xFF, 0xFF, 0xFF, 0xFF, 0xFF, 0xFF, 0xFF, 0xFF, 0xFF, 0xFF, 0xFF, 0xFF, 0xFF, 0xFF, 0xFF, 0xFF,
    0xFF, 0xFF, 0xFF, 0xFF, 0xFF, 0xFF, 0xFF, 0xFF, 0xFF, 0xFF, 0xFF, 0xFF, 0xFF, 0xFF, 0xFF, 0xFF,
    0xFF, 0xFF, 0xFF, 0xFF, 0xFF, 0xFF, 0xFF, 0xFF, 0xFF, 0xFF, 0xFF, 0xFF, 0xFF, 0xFF, 0xFF, 0xFF,
    0xFF, 0xFF, 0xFF, 0xFF, 0xFF, 0xFF, 0xFF, 0xFF, 0xFF, 0xFF, 0xFF, 0xFF, 0xFF, 0xFF, 0xFF, 0xFF,
    0xFF, 0xFF, 0xFF, 0xFF, 0xFF, 0xFF, 0xFF, 0xFF, 0xFF, 0xFF, 0xFF, 0xFF, 0xFF, 0xFF, 0xFF, 0xFF,
    0xFF, 0xFF, 0xFF, 0xFF, 0xFF, 0xFF, 0xFF, 0xFF, 0xFF, 0xFF, 0xFF, 0xFF, 0xFF, 0xFF, 0xFF, 0xFF,
    0xFF, 0xFF, 0xFF, 0xFF, 0xFF, 0xFF, 0xFF, 0xFF, 0xFF, 0xFF, 0xFF, 0xFF, 0xFF, 0xFF, 0xFF, 0xFF,
    0xFF, 0xFF, 0xFF, 0xFF, 0xFF, 0xFF, 0xFF, 0xFF, 0xFF, 0xFF, 0xFF, 0xFF, 0xFF, 0xFF, 0xFF, 0xFF,
    0xFF, 0xFF, 0xFF, 0xFF, 0xFF, 0xFF, 0xFF, 0xFF, 0xFF, 0xFF, 0xFF, 0xFF, 0xFF, 0xFF, 0xFF, 0xFF,
    0xFF, 0xFF, 0xFF, 0xFF, 0xFF, 0xFF, 0xFF, 0xFF, 0xFF, 0xFF, 0xFF, 0xFF, 0xFF, 0xFF, 0xFF, 0xFF,
    0xFF, 0xFF, 0xFF, 0xFF, 0xFF, 0xFF, 0xFF, 0xFF, 0xFF, 0xFF, 0xFF, 0xFF, 0xFF, 0xFF, 0xFF, 0xFF,
    0xFF, 0xFF, 0xFF, 0xFF, 0xFF, 0xFF, 0xFF, 0xFF, 0xFF, 0xFF, 0xFF, 0xFF, 0xFF, 0xFF, 0xFF, 0xFF,
    0xFF, 0xFF, 0xFF, 0xFF, 0xFF, 0xFF, 0xFF, 0xFF, 0xFF, 0xFF, 0xFF, 0xFF, 0xFF, 0xFF, 0xFF, 0xFF,
    0xFF, 0xFF, 0xFF, 0xFF, 0xFF, 0xFF, 0xFF, 0xFF, 0xFF, 0xFF, 0xFF, 0xFF, 0xFF, 0xFF, 0xFF, 0xFF,
    0xFF, 0xFF, 0xFF, 0xFF, 0xFF, 0xFF, 0xFF, 0xFF, 0xFF, 0xFF, 0xFF, 0xFF, 0xFF, 0xFF, 0xFF, 0xFF,
    0xFF, 0xFF, 0xFF, 0xFF, 0xFF, 0xFF, 0xFF, 0xFF, 0xFF, 0xFF, 0xFF, 0xFF, 0xFF, 0xFF, 0xFF, 0xFF,
    0xFF, 0xFF, 0xFF, 0xFF, 0xFF, 0xFF, 0xFF, 0xFF, 0xFF, 0xFF, 0xFF, 0xFF, 0xFF, 0xFF, 0xFF, 0xFF,
    0xFF, 0xFF, 0xFF, 0xFF, 0xFF, 0xFF, 0xFF, 0xFF, 0xFF, 0xFF, 0xFF, 0xFF, 0xFF, 0xFF, 0xFF, 0xFF,
    0xFF, 0xFF, 0xFF, 0xFF, 0xFF, 0xFF, 0xFF, 0xFF, 0xFF, 0xFF, 0xFF, 0xFF, 0xFF, 0xFF, 0xFF, 0xFF,
    0xFF, 0xFF, 0xFF, 0xFF, 0xFF, 0xFF, 0xFF, 0xFF, 0xFF, 0xFF, 0xFF, 0xFF, 0xFF, 0xFF, 0xFF, 0xFF,
    0xFF, 0xFF, 0xFF, 0xFF, 0xFF, 0xFF, 0xFF, 0xFF, 0xFF, 0xFF, 0xFF, 0xFF, 0xFF, 0xFF, 0xFF, 0xFF,
    0xFF, 0xFF, 0xFF, 0xFF, 0xFF, 0xFF, 0xFF, 0xFF, 0xFF, 0xFF, 0xFF, 0xFF, 0xFF, 0xFF, 0xFF, 0xFF,
    0xFF, 0xFF, 0xFF, 0xFF, 0xFF, 0xFF, 0xFF, 0xFF, 0xFF, 0xFF, 0xFF, 0xFF, 0xFF, 0xFF, 0xFF, 0xFF,
    0xFF, 0xFF, 0xFF, 0xFF, 0xFF, 0xFF, 0xFF, 0xFF, 0xFF, 0xFF, 0xFF, 0xFF, 0xFF, 0xFF, 0xFF, 0xFF,
    0xFF, 0xFF, 0xFF, 0xFF, 0xFF, 0xFF, 0xFF, 0xFF, 0xFF, 0xFF, 0xFF, 0xFF, 0xFF, 0xFF, 0xFF, 0xFF,
    0xFF, 0xFF, 0xFF, 0xFF, 0xFF, 0xFF, 0xFF, 0xFF, 0xFF, 0xFF, 0xFF, 0xFF, 0xFF, 0xFF, 0xFF, 0xFF,
    0xFF, 0xFF, 0xFF, 0xFF, 0xFF, 0xFF, 0xFF, 0xFF, 0xFF, 0xFF, 0xFF, 0xFF, 0xFF, 0xFF, 0xFF, 0xFF,
    0xFF, 0xFF, 0xFF, 0xFF, 0xFF, 0xFF, 0xFF, 0xFF, 0xFF, 0xFF, 0xFF, 0xFF, 0xFF, 0xFF, 0xFF, 0xFF,
    0xFF, 0xFF, 0xFF, 0xFF, 0xFF, 0xFF, 0xFF, 0xFF, 0xFF, 0xFF, 0xFF, 0xFF, 0xFF, 0xFF, 0xFF, 0xFF,
    0xFF, 0xFF, 0xFF, 0xFF, 0xFF, 0xFF, 0xFF, 0xFF, 0xFF, 0xFF, 0xFF, 0xFF, 0xFF, 0xFF, 0xFF, 0xFF,
    0xFF, 0xFF, 0xFF, 0xFF, 0xFF, 0xFF, 0xFF, 0xFF, 0xFF, 0xFF, 0xFF, 0xFF, 0xFF, 0xFF, 0xFF, 0xFF,
    0xFF, 0xFF, 0xFF, 0xFF, 0xFF, 0xFF, 0xFF, 0xFF, 0xFF, 0xFF, 0xFF, 0xFF, 0xFF, 0xFF, 0xFF, 0xFF,
    0xFF, 0xFF, 0xFF, 0xFF, 0xFF, 0xFF, 0xFF, 0xFF, 0xFF, 0xFF, 0xFF, 0xFF, 0xFF, 0xFF, 0xFF, 0xFF,
    0xFF, 0xFF, 0xFF, 0xFF, 0xFF, 0xFF, 0xFF, 0xFF, 0xFF, 0xFF, 0xFF, 0xFF, 0xFF, 0xFF, 0xFF, 0xFF,
    0xFF, 0xFF, 0xFF, 0xFF, 0xFF, 0xFF, 0xFF, 0xFF, 0xFF, 0xFF, 0xFF, 0xFF, 0xFF, 0xFF, 0xFF, 0xFF,
    0xFF, 0xFF, 0xFF, 0xFF, 0xFF, 0xFF, 0xFF, 0xFF, 0xFF, 0xFF, 0xFF, 0xFF, 0xFF, 0xFF, 0xFF, 0xFF,
    0xFF, 0xFF, 0xFF, 0xFF, 0xFF, 0xFF, 0xFF, 0xFF, 0xFF, 0xFF, 0xFF, 0xFF, 0xFF, 0xFF, 0xFF, 0xFF,
    0xFF, 0xFF, 0xFF, 0xFF, 0xFF, 0xFF, 0xFF, 0xFF, 0xFF, 0xFF, 0xFF, 0xFF, 0xFF, 0xFF, 0xFF, 0xFF,
    0xFF, 0xFF, 0xFF, 0xFF, 0xFF, 0xFF, 0xFF, 0xFF, 0xFF, 0xFF, 0xFF, 0xFF, 0xFF, 0xFF, 0xFF, 0xFF,
    0xFF, 0xFF, 0xFF, 0xFF, 0xFF, 0xFF, 0xFF, 0xFF, 0xFF, 0xFF, 0xFF, 0xFF, 0xFF, 0xFF, 0xFF, 0xFF,
    0xFF, 0xFF, 0xFF, 0xFF, 0xFF, 0xFF, 0xFF, 0xFF, 0xFF, 0xFF, 0xFF, 0xFF, 0xFF, 0xFF, 0xFF, 0xFF,
    0xFF, 0xFF, 0xFF, 0xFF, 0xFF, 0xFF, 0xFF, 0xFF, 0xFF, 0xFF, 0xFF, 0xFF, 0xFF, 0xFF, 0xFF, 0xFF,
    0xFF, 0xFF, 0xFF, 0xFF, 0xFF, 0xFF, 0xFF, 0xFF, 0xFF, 0xFF, 0xFF, 0xFF, 0xFF, 0xFF, 0xFF, 0xFF,
    0xFF, 0xFF, 0xFF, 0xFF, 0xFF, 0xFF, 0xFF, 0xFF, 0xFF, 0xFF, 0xFF, 0xFF, 0xFF, 0xFF, 0xFF, 0xFF,
    0xFF, 0xFF, 0xFF, 0xFF, 0xFF, 0xFF, 0xFF, 0xFF, 0xFF, 0xFF, 0xFF, 0xFF, 0xFF, 0xFF, 0xFF, 0xFF,
    0xFF, 0xFF, 0xFF, 0xFF, 0xFF, 0xFF, 0xFF, 0xFF, 0xFF, 0xFF, 0xFF, 0xFF, 0xFF, 0xFF, 0xFF, 0xFF,
    0xFF, 0xFF, 0xFF, 0xFF, 0xFF, 0xFF, 0xFF, 0xFF, 0xFF, 0xFF, 0xFF, 0xFF, 0xFF, 0xFF, 0xFF, 0xFF,
    0xFF, 0xFF, 0xFF, 0xFF, 0xFF, 0xFF, 0xFF, 0xFF, 0xFF, 0xFF, 0xFF, 0xFF, 0xFF, 0xFF, 0xFF, 0xFF,
    0xFF, 0xFF, 0xFF, 0xFF, 0xFF, 0xFF, 0xFF, 0xFF, 0xFF, 0xFF, 0xFF, 0xFF, 0xFF, 0xFF, 0xFF, 0xFF,
    0xFF, 0xFF, 0xFF, 0xFF, 0xFF, 0xFF, 0xFF, 0xFF, 0xFF, 0xFF, 0xFF, 0xFF, 0xFF, 0xFF, 0xFF, 0xFF,
    0xFF, 0xFF, 0xFF, 0xFF, 0xFF, 0xFF, 0xFF, 0xFF, 0xFF, 0xFF, 0xFF, 0xFF, 0xFF, 0xFF, 0xFF, 0xFF,
    0xFF, 0xFF, 0xFF, 0xFF, 0xFF, 0xFF, 0xFF, 0xFF, 0xFF, 0xFF, 0xFF, 0xFF, 0xFF, 0xFF, 0xFF, 0xFF,
    0xFF, 0xFF, 0xFF, 0xFF, 0xFF, 0xFF, 0xFF, 0xFF, 0xFF, 0xFF, 0xFF, 0xFF, 0xFF, 0xFF, 0xFF, 0xFF,
    0xFF, 0xFF, 0xFF, 0xFF, 0xFF, 0xFF, 0xFF, 0xFF, 0xFF, 0xFF, 0xFF, 0xFF, 0xFF, 0xFF, 0xFF, 0xFF,
    0xFF, 0xFF, 0xFF, 0xFF, 0xFF, 0xFF, 0xFF, 0xFF, 0xFF, 0xFF, 0xFF, 0xFF, 0xFF, 0xFF, 0xFF, 0xFF,
    0xFF, 0xFF, 0xFF, 0xFF, 0xFF, 0xFF, 0xFF, 0xFF, 0xFF, 0xFF, 0xFF, 0xFF, 0xFF, 0xFF, 0xFF, 0xFF,
    0xFF, 0xFF, 0xFF, 0xFF, 0xFF, 0xFF, 0xFF, 0xFF, 0xFF, 0xFF, 0xFF, 0xFF, 0xFF, 0xFF, 0xFF, 0xFF,
    0xFF, 0xFF, 0xFF, 0xFF, 0xFF, 0xFF, 0xFF, 0xFF, 0xFF, 0xFF, 0xFF, 0xFF, 0xFF, 0xFF, 0xFF, 0xFF,
    0xFF, 0xFF, 0xFF, 0xFF, 0xFF, 0xFF, 0xFF, 0xFF, 0xFF, 0xFF, 0xFF, 0xFF, 0xFF, 0xFF, 0xFF, 0xFF,
    0xFF, 0xFF, 0xFF, 0xFF, 0xFF, 0xFF, 0xFF, 0xFF, 0xFF, 0xFF, 0xFF, 0xFF, 0xFF, 0xFF, 0xFF, 0xFF,
    0xFF, 0xFF, 0xFF, 0xFF, 0xFF, 0xFF, 0xFF, 0xFF, 0xFF, 0xFF, 0xFF, 0xFF, 0xFF, 0xFF, 0xFF, 0xFF,
    0xFF, 0xFF, 0xFF, 0xFF, 0xFF, 0xFF, 0xFF, 0xFF, 0xFF, 0xFF, 0xFF, 0xFF, 0xFF, 0xFF, 0xFF, 0xFF,
    0xFF, 0xFF, 0xFF, 0xFF, 0xFF, 0xFF, 0xFF, 0xFF, 0xFF, 0xFF, 0xFF, 0xFF, 0xFF, 0xFF, 0xFF, 0xFF,
    0xFF, 0xFF, 0xFF, 0xFF, 0xFF, 0xFF, 0xFF, 0xFF, 0xFF, 0xFF, 0xF0, 0x00, 0x00, 0x3F, 0xFF, 0xFF,
    0xFF, 0xFF, 0xFF, 0xFF, 0xFF, 0xFF, 0xFF, 0xFF, 0xFF, 0xFF, 0xFF, 0xFF, 0xFF, 0xFF, 0xFF, 0xFF,
    0xFF, 0xFF, 0xFF, 0xFF, 0xFF, 0xFF, 0xFF, 0xFF, 0xFF, 0xFF, 0xFF, 0xFF, 0xFF, 0xFF, 0xFF, 0xFF,
    0xFF, 0xFF, 0xFF, 0xFF, 0xFF, 0xFF, 0xFF, 0xFF, 0xFF, 0xFF, 0xFF, 0xFF, 0xFF, 0xFF, 0xFF, 0xFF,
    0xFF, 0xFF, 0xFF, 0xFF, 0xFF, 0xFF, 0xFF, 0xFF, 0xFF, 0xFF, 0xFF, 0xFF, 0xFF, 0xFF, 0xFF, 0xFF,
    0xFF, 0xFF, 0xFF, 0xFF, 0xFF, 0xFF, 0xFF, 0xFF, 0xFF, 0xFF, 0xFF, 0xFF, 0xFF, 0xFF, 0xFF, 0xFF,
    0xFF, 0xFF, 0xFF, 0xFF, 0xFF, 0xFF, 0xFF, 0xFF, 0xFF, 0xFF, 0xFF, 0xFF, 0xFF, 0xFF, 0xF1, 0xA6,
    0x99, 0xCF, 0xFF, 0xFF, 0xFF, 0xFF, 0xFF, 0xFF, 0xFF, 0xFF, 0xFF, 0xFF, 0xFF, 0xFF, 0xFF, 0xFF,
    0xFF, 0xFF, 0xFF, 0xFF, 0xFF, 0xFF, 0xFF, 0xFF, 0xFF, 0xFF, 0xFF, 0xFF, 0xFF, 0xFF, 0xFF, 0xFF,
    0xFF, 0xFF, 0xFF, 0xFF, 0xFF, 0xFF, 0xFF, 0xFF, 0xFF, 0xFF, 0xFF, 0xFF, 0xFF, 0xFF, 0xFF, 0xFF,
    0xFF, 0xFF, 0xFF, 0xFF, 0xFF, 0xFF, 0xFF, 0xFF, 0xFF, 0xFF, 0xFF, 0x3C, 0x3C, 0xFF, 0xFF, 0xFF,
    0xFF, 0xFF, 0xFF, 0xFF, 0xFF, 0xFF, 0xFF, 0xFF, 0xFF, 0xFF, 0xFF, 0xFF, 0xFF, 0xFF, 0xFF, 0xFF,
    0xFF, 0xFF, 0xFF, 0xFF, 0xFF, 0xFF, 0xFF, 0xFF, 0xFF, 0xFF, 0xFF, 0xFF, 0xFF, 0xFF, 0xFF, 0xFF,
    0xFF, 0xFF, 0xC9, 0x55, 0x55, 0x4F, 0xFF, 0xFF, 0xFF, 0xFF, 0xFF, 0xFF, 0xFF, 0xFF, 0xFF, 0xFF,
    0xFF, 0xFF, 0xFF, 0xFF, 0xFF, 0xFF, 0xFF, 0xFF, 0xFF, 0xFF, 0xFF, 0xFF, 0xFF, 0xFF, 0xFF, 0xFF,
    0xFF, 0xFF, 0xFF, 0xFF, 0xFF, 0xFF, 0xFF, 0xFF, 0xFF, 0xFF, 0xFF, 0xFF, 0xFF, 0xFF, 0xFF, 0xFF,
    0xFF, 0xFF, 0xFF, 0xFF, 0xFF, 0xFF, 0xFF, 0xFF, 0xFF, 0xFF, 0xFF, 0xFF, 0xFF, 0x00, 0x00, 0x00,
    0x00, 0x00, 0x00, 0xFF, 0xFF, 0xFF, 0xFF, 0xFF, 0xFF, 0xFF, 0xFF, 0xFF, 0xFF, 0xFF, 0xFF, 0xFF,
    0xFF, 0xFF, 0xFF, 0xFF, 0xFF, 0xFF, 0xFF, 0xFF, 0xFF, 0xFF, 0xFF, 0xFF, 0xFF, 0xFF, 0xFF, 0xFF,
    0xFF, 0xFF, 0xFF, 0xFF, 0xFF, 0xFF, 0xC5, 0x55, 0x55, 0x73, 0xFF, 0xFF, 0xFF, 0xFF, 0xFF, 0xFF,
    0xFF, 0xFF, 0xFF, 0xFF, 0xFF, 0xFF, 0xFF, 0xFF, 0xFF, 0xFF, 0xFF, 0xFF, 0xFF, 0xFF, 0xFF, 0xFF,
    0xFF, 0xFF, 0xFF, 0xFF, 0xFF, 0xFF, 0xFF, 0xFF, 0xFF, 0xFF, 0xFF, 0xFF, 0xFF, 0xFF, 0xFF, 0xFF,
    0xFF, 0xC3, 0xFF, 0xFF, 0xFF, 0xFF, 0xFF, 0xFF, 0xFF, 0xFF, 0xFF, 0xFF, 0xFF, 0xFF, 0xFF, 0xFF,
    0x00, 0x00, 0x00, 0x00, 0x00, 0x00, 0x00, 0x00, 0xFF, 0xFF, 0xFF, 0xFF, 0xFF, 0xFF, 0xFF, 0xFF,
    0xFF, 0xFF, 0xFF, 0xFF, 0xFF, 0xFF, 0xFF, 0xFF, 0xFF, 0xFF, 0xFF, 0xFF, 0xFF, 0xFF, 0xFF, 0xFF,
    0xFF, 0xFF, 0xFF, 0xFF, 0xFF, 0xFF, 0xFF, 0xFF, 0xFF, 0xFF, 0xC1, 0x55, 0x55, 0x4F, 0xFF, 0xFF,
    0xFF, 0xFF, 0xFF, 0xFF, 0xFF, 0xFF, 0xFF, 0xFF, 0xFF, 0xFF, 0xFF, 0xFF, 0xFF, 0xFF, 0xFF, 0xFF,
    0xFF, 0xFF, 0xFF, 0xFF, 0xFF, 0xFF, 0xFF, 0xFF, 0xFF, 0xFF, 0xFF, 0xFF, 0xFF, 0xFF, 0xFF, 0xFF,
    0xFF, 0xFF, 0xFF, 0xFF, 0xFF, 0xC3, 0xFF, 0xFF, 0xFF, 0xFF, 0xFF, 0xFF, 0xFF, 0xFF, 0xFF, 0xFF,
    0xFF, 0xFF, 0xFF, 0x00, 0x00, 0x00, 0x00, 0x00, 0x00, 0x00, 0x00, 0x00, 0x0F, 0xFF, 0xFF, 0xFF,
    0xFF, 0xFF, 0xFF, 0xFF, 0xFF, 0xFF, 0xFF, 0xFF, 0xFF, 0xFF, 0xFF, 0xFF, 0xFF, 0xFF, 0xFF, 0xFF,
    0xFF, 0xFF, 0xFF, 0xFF, 0xFF, 0xFF, 0xFF, 0xFF, 0xFF, 0xFF, 0xFF, 0xFF, 0xFF, 0xFF, 0xF0, 0x09,
    0x55, 0xCF, 0xFF, 0xFF, 0xFF, 0xFF, 0xFF, 0xFF, 0xFF, 0xFF, 0xFF, 0xFF, 0xFF, 0xFF, 0xFF, 0xFF,
    0xFF, 0xFF, 0xFF, 0xFF, 0xFF, 0xFF, 0xFF, 0xFF, 0xFF, 0xFF, 0xFF, 0xFF, 0xFF, 0xFF, 0xFF, 0xFF,
    0xFF, 0xFF, 0xFF, 0xFF, 0xFF, 0xFF, 0xFF, 0xFF, 0xFC, 0x00, 0xFF, 0xFF, 0xFF, 0xFF, 0xFF, 0xFF,
    0xFF, 0xFF, 0xFF, 0xFF, 0xFF, 0xFF, 0xF0, 0x00, 0x00, 0x0F, 0xA9, 0x96, 0x59, 0x65, 0xAC, 0x00,
    0x03, 0xFF, 0xFF, 0xFF, 0xFF, 0xFF, 0xFF, 0xFF, 0xFF, 0xFF, 0xFF, 0xFF, 0xFF, 0xFF, 0xFF, 0xFF,
    0xCF, 0xFF, 0xFF, 0xFF, 0xFF, 0xFF, 0xC0, 0x00, 0x0F, 0xFF, 0xFF, 0xFF, 0xFF, 0xFF, 0xFF, 0xFF,
    0xFF, 0xFF, 0xFF, 0x25, 0x54, 0x3F, 0xFF, 0xFF, 0xFF, 0xFF, 0xFF, 0xFF, 0xFF, 0xFF, 0xFF, 0xFF,
    0xFF, 0xFF, 0xFF, 0xFF, 0xFF, 0xFF, 0xFF, 0xFF, 0xFF, 0xFF, 0xFF, 0xFF, 0xFF, 0xFF, 0xFF, 0xFF,
    0xFF, 0xFF, 0xFF, 0xFF, 0xFF, 0xFF, 0xFF, 0xFF, 0xFF, 0xFF, 0xFF, 0xFF, 0xFC, 0x00, 0x3F, 0xFF,
    0xFF, 0xFF, 0xFF, 0xFF, 0xFF, 0xFF, 0xFF, 0xFF, 0xFF, 0xFF, 0x00, 0x00, 0x2A, 0x65, 0x9A, 0xAA,
    0xA9, 0xAA, 0x59, 0x68, 0x00, 0x3F, 0xFF, 0xFF, 0xFF, 0xFF, 0xFF, 0xFF, 0xFF, 0xFF, 0xFF, 0xFF,
    0xFF, 0xFF, 0xFF, 0xFF, 0x03, 0xFF, 0xFF, 0xFF, 0xFF, 0xFC, 0x00, 0x00, 0x00, 0xFF, 0xFF, 0xFF,
    0xFF, 0xFF, 0xFF, 0xFF, 0xFF, 0xFF, 0xFC, 0xD5, 0x60, 0xFF, 0xFF, 0xFF, 0xFF, 0xFF, 0xFF, 0xFF,
    0xFF, 0xFF, 0xFF, 0xFF, 0xFF, 0xFF, 0xFF, 0xFF, 0xFF, 0xFF, 0xFF, 0xFF, 0xFF, 0xFF, 0xFF, 0xFF,
    0xFF, 0xFF, 0xFF, 0xFF, 0xFF, 0xFF, 0xFF, 0xFF, 0xFF, 0xFF, 0xFF, 0xFF, 0xFF, 0xFF, 0xFF, 0xFF,
    0xC0, 0x14, 0x3F, 0xFF, 0xFF, 0xFF, 0xFF, 0xFF, 0xFF, 0xFF, 0xFF, 0xFF, 0xFF, 0xF0, 0x00, 0x0A,
    0x69, 0xA9, 0xA5, 0x65, 0x96, 0x96, 0xA6, 0x96, 0x80, 0x3F, 0xFF, 0xFF, 0xFF, 0xFF, 0xFF, 0xFF,
    0xFF, 0xFF, 0xFF, 0xFF, 0xFF, 0xFF, 0xFF, 0xFC, 0x00, 0xFF, 0xFF, 0xFF, 0xFF, 0xC0, 0x00, 0x00,
    0x00, 0x0F, 0xFF, 0xFF, 0xFF, 0xFF, 0xFF, 0xFF, 0xFF, 0xFF, 0xF0, 0x55, 0x70, 0x3F, 0xFF, 0xFF,
    0xFF, 0xFF, 0xFF, 0xFF, 0xFF, 0xFF, 0xFF, 0xFF, 0xFF, 0xFF, 0xFF, 0xFF, 0xFF, 0xFF, 0xFF, 0xFF,
    0xFF, 0xFF, 0xFF, 0xFF, 0xFF, 0xFF, 0xFF, 0xFF, 0xFF, 0xFF, 0xFF, 0xFF, 0xFF, 0xFF, 0xFF, 0xFF,
    0xFF, 0xFF, 0xFF, 0xFF, 0x00, 0x57, 0x0F, 0xFF, 0xFF, 0xFF, 0xFF, 0xFF, 0xFF, 0xFF, 0xFF, 0xFF,
    0xFF, 0xC0, 0x02, 0x9A, 0x66, 0x9A, 0x6A, 0xA6, 0xAA, 0x69, 0xA6, 0xA9, 0xA0, 0x0F, 0xFF, 0xFF,
    0xFF, 0xFF, 0xFF, 0xFF, 0xFF, 0xFF, 0xFF, 0xFF, 0xFF, 0xFF, 0xFF, 0xFF, 0x00, 0xFF, 0xFF, 0xFF,
    0xFF, 0xC0, 0x02, 0xAC, 0x00, 0x03, 0xFF, 0xFF, 0xFF, 0xFF, 0xFF, 0xFF, 0xFF, 0xFF, 0xF1, 0x55,
    0x55, 0x8F, 0xFF, 0xFF, 0xFF, 0xFF, 0xFF, 0xFF, 0xFF, 0xFF, 0xFF, 0xFF, 0xFF, 0xFF, 0xFF, 0xFF,
    0xFF, 0xFF, 0xFF, 0xFF, 0xFF, 0xFF, 0xFF, 0xFF, 0xFF, 0xFF, 0xFF, 0xFF, 0xFF, 0xFF, 0xFF, 0xFF,
    0xFF, 0xFF, 0xFF, 0xFF, 0xFF, 0xFF, 0xFF, 0xF0, 0x0D, 0x55, 0x00, 0xFF, 0xFF, 0xFF, 0xFF, 0xFF,
    0xFF, 0xFF, 0xFF, 0xFF, 0xFF, 0x00, 0x29, 0xA5, 0xA6, 0x66, 0x9A, 0x5A, 0x66, 0x69, 0x9A, 0x5A,
    0x58, 0x03, 0xFF, 0xFF, 0xFF, 0xFF, 0xFF, 0xFF, 0xFF, 0xFF, 0xFF, 0xFF, 0xFF, 0xFF, 0xFF, 0xFF,
    0x00, 0x3F, 0xFF, 0xFF, 0xFF, 0x00, 0x25, 0x95, 0xA0, 0x00, 0xFF, 0xFF, 0xFF, 0xFF, 0xF0, 0x3F,
    0xFF, 0xFF, 0xCD, 0x55, 0x55, 0x4F, 0xFF, 0xFF, 0xFF, 0xFF, 0xFF, 0xFF, 0xFF, 0xFF, 0xFF, 0xFF,
    0xFF, 0xFF, 0xFF, 0xFF, 0xFF, 0xFF, 0xFF, 0xFF, 0xFF, 0xFF, 0xFF, 0xFF, 0xFF, 0xFF, 0xFF, 0xFF,
    0xFF, 0xFF, 0xFF, 0xFF, 0xFF, 0xFF, 0xFF, 0xFF, 0xFF, 0xFF, 0xFF, 0xC0, 0x15, 0x55, 0x40, 0x3F,
    0xFF, 0xFF, 0xFF, 0xFF, 0xFF, 0xFF, 0xFF, 0xFF, 0xFC, 0x03, 0x9A, 0x6A, 0x9A, 0x69, 0x96, 0xA9,
    0x6A, 0x69, 0xA5, 0xA6, 0xAA, 0x00, 0xFF, 0xFF, 0xFF, 0xFF, 0xFF, 0xFF, 0xFF, 0xFF, 0xFF, 0xFF,
    0xFF, 0xFF, 0xFF, 0xFF, 0xC0, 0x0F, 0xFF, 0xFF, 0xFC, 0x02, 0x6A, 0x69, 0x97, 0x00, 0x3F, 0xFF,
    0xFF, 0xFF, 0xC1, 0x00, 0x3F, 0xFF, 0xF1, 0x55, 0x55, 0x4F, 0xFF, 0xFF, 0xFF, 0xFF, 0xFF, 0xFF,
    0xFF, 0xFF, 0xFF, 0xFF, 0xFF, 0xFF, 0xFF, 0xFF, 0xFF, 0xFF, 0xFF, 0xFF, 0xFF, 0xFF, 0xFF, 0xFF,
    0xFF, 0xFF, 0xFF, 0xFF, 0xFF, 0xFF, 0xFF, 0xFF, 0xFF, 0xFF, 0xFF, 0xFF, 0xFF, 0xFF, 0xFF, 0xC0,
    0x15, 0x55, 0x5C, 0x03, 0xFF, 0xFF, 0xFF, 0xFF, 0xFF, 0xFF, 0xFF, 0xFF, 0xF0, 0x09, 0xA6, 0x65,
    0x9A, 0x9A, 0xA9, 0x6A, 0x99, 0xA6, 0x6A, 0x99, 0x65, 0x80, 0x3F, 0xFF, 0xFF, 0xFF, 0xFF, 0xFF,
    0xFF, 0xFF, 0xFF, 0xFF, 0xFF, 0xFF, 0xFF, 0xFF, 0xF0, 0x0F, 0xFF, 0xFF, 0xF0, 0x0A, 0x5A, 0x69,
    0xA6, 0x80, 0x0F, 0xFF, 0xFF, 0xFF, 0xC5, 0x57, 0x00, 0x3F, 0xF0, 0x3A, 0xA9, 0xCF, 0xFF, 0xFF,
    0xFF, 0xFF, 0xFF, 0xFF, 0xFF, 0xFF, 0xFF, 0xFF, 0xFF, 0xFF, 0xFF, 0xCF, 0xFF, 0xFF, 0xFF, 0xFF,
    0xFF, 0xFF, 0xFF, 0xFF, 0xFF, 0xFF, 0xFF, 0xFF, 0xFF, 0xFF, 0xFF, 0xFF, 0xFF, 0xFF, 0xFF, 0xFF,
    0xFF, 0xFF, 0xFF, 0xFC, 0x05, 0x55, 0x54, 0x00, 0xFF, 0xFF, 0xFF, 0xFF, 0xFF, 0xFF, 0xFF, 0xFF,
    0xC0, 0x29, 0x6A, 0x6A, 0x69, 0x96, 0x6A, 0x96, 0x9A, 0x96, 0x99, 0x9A, 0xA6, 0xA0, 0x0F, 0xFF,
    0xFF, 0xFF, 0xFF, 0xFF, 0xFF, 0xFF, 0xFF, 0xFF, 0xFF, 0xFF, 0xFF, 0xFF, 0xFC, 0x3F, 0xFF, 0xFF,
    0xF0, 0x06, 0x96, 0x96, 0x69, 0x70, 0x0F, 0xFF, 0xFF, 0xFF, 0x05, 0x55, 0x57, 0x0F, 0xFF, 0x00,
    0x00, 0x3F, 0xFF, 0xFF, 0xFF, 0xFF, 0xFF, 0xFF, 0xFF, 0xFF, 0xFF, 0xFF, 0xFF, 0xFF, 0xF0, 0x00,
    0x0F, 0xFF, 0xFF, 0xFF, 0xFF, 0xFF, 0xFF, 0xFF, 0xFF, 0xFF, 0xFF, 0xFF, 0xFF, 0xFF, 0xFF, 0xFF,
    0xFF, 0xFF, 0xFF, 0xFF, 0xFF, 0xFF, 0xFF, 0xFF, 0x02, 0x55, 0x60, 0x03, 0xFF, 0xFF, 0xFF, 0xFF,
    0xFF, 0xFF, 0xFF, 0xFF, 0xC0, 0xDA, 0x99, 0xA6, 0x65, 0xAA, 0x56, 0x9A, 0x66, 0x69, 0xA9, 0xA6,
    0x5A, 0x50, 0x0F, 0xFF, 0xFF, 0xFF, 0xFF, 0xFF, 0xFF, 0xFF, 0xFF, 0xFF, 0xFF, 0xFF, 0xFF, 0xFF,
    0xFF, 0xFF, 0xFF, 0xFF, 0xC0, 0x25, 0xA5, 0xA6, 0x5A, 0x5C, 0x03, 0xFF, 0xFF, 0xFF, 0x35, 0x55,
    0x55, 0x4F, 0xFC, 0x02, 0x55, 0x3F, 0xFF, 0xFF, 0xFF, 0xFF, 0xFF, 0xFF, 0xFF, 0xFF, 0xFF, 0xFF,
    0xFF, 0xFF, 0x00, 0x00, 0x00, 0xFF, 0xFF, 0xFF, 0xFF, 0xFF, 0xFF, 0xC0, 0x0F, 0xFF, 0xFF, 0xFF,
    0xFF, 0xFF, 0xFF, 0xFF, 0xFF, 0xFF, 0xFF, 0xFF, 0xFF, 0xFF, 0xFF, 0xFF, 0xC0, 0x55, 0xC0, 0x0F,
    0xFF, 0xFF, 0xFF, 0xFF, 0xFF, 0xFF, 0xFF, 0xFF, 0x00, 0x99, 0xA6, 0x9A, 0xA6, 0x99, 0xA9, 0xA6,
    0xA6, 0x69, 0xA6, 0x69, 0xA9, 0xA8, 0x03, 0xFF, 0xFF, 0xFF, 0xFF, 0xFF, 0xFF, 0xFF, 0xFF, 0xFF,
    0xFF, 0xFF, 0xFF, 0xFF, 0xFF, 0xFF, 0xFF, 0xFF, 0xC0, 0xDA, 0x69, 0x6A, 0x96, 0x94, 0x00, 0xFF,
    0xFF, 0xFF, 0xF5, 0x55, 0x55, 0x4F, 0xC3, 0x55, 0x55, 0x3F, 0xFF, 0xFF, 0xFF, 0xFF, 0xFF, 0xFF,
    0xFF, 0xFF, 0xFF, 0xFF, 0xFF, 0xFC, 0x00, 0x00, 0x00, 0x3F, 0xFF, 0xFF, 0xFF, 0xFF, 0xFF, 0x00,
    0x03, 0xFF, 0xFF, 0xFF, 0xFF, 0xFF, 0xFF, 0xFF, 0xFF, 0xFF, 0xFF, 0xFF, 0xFF, 0xFF, 0xFF, 0xFF,
    0xF0, 0x17, 0x03, 0xFF, 0xFF, 0xFF, 0xFF, 0xFF, 0xFF, 0xFF, 0xFF, 0xFF, 0x02, 0x69, 0x6A, 0x59,
    0x6A, 0x69, 0xA9, 0x69, 0x6A, 0x9A, 0x5A, 0x69, 0xA5, 0xA6, 0x00, 0xFF, 0xFF, 0xFF, 0xFF, 0xFF,
    0xFF, 0xFF, 0xFF, 0xFF, 0xFF, 0xFF, 0xFF, 0xFF, 0xFF, 0xFF, 0xFF, 0xFF, 0xC0, 0x9A, 0x5A, 0x95,
    0xA9, 0xA6, 0x00, 0xFF, 0xFF, 0xFF, 0xC0, 0xD5, 0x55, 0x8F, 0x35, 0x55, 0x56, 0x3F, 0xFF, 0xFF,
    0xFF, 0xFF, 0xFF, 0xFF, 0xFF, 0xFF, 0xFF, 0xFF, 0xFF, 0xF0, 0x0D, 0x55, 0x80, 0x0F, 0xFF, 0xFF,
    0xFF, 0xFF, 0xFC, 0x01, 0x00, 0xFF, 0xFF, 0xFF, 0xFF, 0xFF, 0xFF, 0xFF, 0xFF, 0xFF, 0xFF, 0xFF,
    0xFF, 0xFF, 0xFF, 0xFF, 0xFC, 0x38, 0x0F, 0xFF, 0xFF, 0xFF, 0xFF, 0xFF, 0xFF, 0xFF, 0xFF, 0xFC,
    0x0D, 0x6A, 0x99, 0xAA, 0x5A, 0x66, 0x96, 0x9A, 0x96, 0x9A, 0x9A, 0x96, 0x9A, 0x65, 0xC0, 0xFF,
    0xFF, 0xFF, 0xFF, 0xFF, 0xFF, 0xFF, 0xFF, 0xFF, 0xFF, 0xFF, 0xFF, 0xFF, 0xFF, 0xFF, 0xFF, 0xFF,
    0xC0, 0x65, 0xA6, 0x9A, 0x59, 0x69, 0x00, 0x3F, 0xFF, 0xFF, 0xF0, 0x55, 0x55, 0xCF, 0x15, 0x59,
    0x50, 0xFF, 0xFF, 0xFF, 0xFF, 0xFF, 0xFF, 0xFF, 0xFF, 0xFF, 0xFF, 0xFF, 0xFF, 0xF0, 0x26, 0xA6,
    0x9C, 0x0F, 0xFF, 0xFF, 0xFF, 0xFF, 0xF0, 0x35, 0x40, 0xFF, 0xFF, 0xFF, 0xFF, 0xFF, 0xFF, 0xFF,
    0xFF, 0xFF, 0xFF, 0xFF, 0xFF, 0xFF, 0xFF, 0xFF, 0xFF, 0x00, 0x3F, 0xFF, 0xFF, 0xFF, 0xFF, 0xFF,
    0xFF, 0xFF, 0xFF, 0xF0, 0x09, 0xA5, 0xA5, 0xA6, 0xA5, 0xA6, 0x9A, 0x99, 0xA9, 0x69, 0xA5, 0xA9,
    0x6A, 0x6A, 0x80, 0x3F, 0xFF, 0xFF, 0xFF, 0xFF, 0xFF, 0xFF, 0xFF, 0xFF, 0xFF, 0xFF, 0xFC, 0x3F,
    0xFF, 0xFF, 0xFF, 0xFF, 0x00, 0x6A, 0x65, 0xA6, 0x9A, 0x69, 0x80, 0x3F, 0xFF, 0xFF, 0xC9, 0x55,
    0x96, 0x3F, 0x35, 0x51, 0x63, 0xFF, 0xFF, 0xFF, 0xFF, 0xFF, 0xFF, 0xFF, 0xFF, 0xFF, 0xFF, 0xFF,
    0xFF, 0xC0, 0x96, 0xC6, 0x58, 0x03, 0xFF, 0xFF, 0xFF, 0xFF, 0x00, 0x15, 0x70, 0xFF, 0xFF, 0xFF,
    0xFF, 0xFF, 0xFF, 0xFF, 0xFF, 0xFF, 0xFF, 0xFF, 0xFF, 0xFF, 0xFF, 0xFF, 0xFF, 0x00, 0xFF, 0xFF,
    0xFF, 0xFF, 0xFF, 0xFF, 0xFF, 0xFF, 0xFF, 0xF0, 0x36, 0x9A, 0x6A, 0x65, 0xAA, 0x69, 0x69, 0xA6,
    0x9A, 0x96, 0x6A, 0x5A, 0x96, 0x99, 0x60, 0x0F, 0xFF, 0xFF, 0xFF, 0xFF, 0xFF, 0xFF, 0xFF, 0xFF,
    0xFF, 0xFF, 0xF0, 0x00, 0x00, 0xFF, 0xFF, 0xFC, 0x03, 0x96, 0x9A, 0x65, 0xA6, 0x96, 0x40, 0x3F,
    0xFF, 0xFF, 0x15, 0x55, 0x50, 0x3F, 0xC9, 0x55, 0x73, 0xFF, 0xFF, 0xFF, 0xFF, 0xFF, 0xFF, 0xFF,
    0xFF, 0xFF, 0xFF, 0xFF, 0xFF, 0xC0, 0x69, 0x02, 0x66, 0x03, 0xFF, 0xFF, 0xFF, 0xFC, 0x00, 0x55,
    0x50, 0xFF, 0xFF, 0xFF, 0xFF, 0xFF, 0xFF, 0xFF, 0xFF, 0xFF, 0xFF, 0xFF, 0xFF, 0xFF, 0xFF, 0xFF,
    0xFF, 0xC3, 0xFF, 0xFF, 0xFF, 0xFF, 0xFF, 0xFF, 0xFF, 0xFF, 0xFF, 0xF0, 0x26, 0x9A, 0x5A, 0x6A,
    0x5A, 0x5A, 0xA5, 0xA6, 0x59, 0xAA, 0x66, 0xA6, 0x99, 0x9A, 0x9C, 0x0F, 0xFF, 0xFF, 0xFF, 0xFF,
    0xFF, 0xFF, 0xFF, 0xFF, 0xFF, 0xFF, 0xF0, 0x00, 0x00, 0x3F, 0xFF, 0xF0, 0x02, 0x95, 0x9A, 0x69,
    0x65, 0xA6, 0x60, 0x0F, 0xFF, 0xFC, 0xD5, 0x55, 0x68, 0x3F, 0xC3, 0x55, 0x50, 0xFF, 0xFF, 0xFF,
    0xFF, 0xFF, 0xFF, 0xFF, 0xFF, 0xFF, 0xFF, 0xFF, 0xFF, 0x02, 0x65, 0x00, 0x95, 0x03, 0xFF, 0xFF,
    0xFF, 0xC0, 0x0D, 0x55, 0x40, 0xFF, 0xFF, 0xFF, 0xFF, 0xFF, 0xFF, 0xFF, 0xFF, 0xFF, 0xFF, 0xFF,
    0xFF, 0xFF, 0xFF, 0xFF, 0xFF, 0xC3, 0xFF, 0xFF, 0xFF, 0xFF, 0xFF, 0xFF, 0xFF, 0xFF, 0xFF, 0xC0,
    0x19, 0xA5, 0xA6, 0x9A, 0x65, 0xA6, 0x5A, 0x69, 0xA9, 0x69, 0xA5, 0xA5, 0xA9, 0xA6, 0x98, 0x03,
    0xFF, 0xFF, 0xFF, 0xFF, 0xFF, 0xFF, 0xFF, 0xFF, 0xFF, 0xFF, 0xF0, 0x00, 0x00, 0x3F, 0xFF, 0xC0,
    0x01, 0x60, 0x96, 0x9A, 0x9A, 0x69, 0xA0, 0x0F, 0xFF, 0xFC, 0x55, 0x59, 0x56, 0x3F, 0xFC, 0xD5,
    0x54, 0xFF, 0xFF, 0xFF, 0xFF, 0xFF, 0xFF, 0xFF, 0xFF, 0xFF, 0xFF, 0xFF, 0xFF, 0x01, 0xA7, 0x0C,
    0x09, 0xC0, 0xFF, 0xFF, 0xFF, 0xC0, 0x15, 0x55, 0x40, 0xFF, 0xFF, 0xFF, 0xFF, 0xFF, 0xFF, 0xFF,
    0xFF, 0xFF, 0xFF, 0xFF, 0xFF, 0xFF, 0xFF, 0xFF, 0xFF, 0xFF, 0xFF, 0xFF, 0xFF, 0xFF, 0xFF, 0xFF,
    0xFF, 0xFF, 0xFF, 0xC0, 0x9A, 0x6A, 0xA5, 0x99, 0xAA, 0xA6, 0xAA, 0x5A, 0x96, 0x96, 0x9A, 0x5A,
    0x66, 0xA5, 0xA6, 0x00, 0xFF, 0xFF, 0xFF, 0xFF, 0xFF, 0xFF, 0xFF, 0xFF, 0xFF, 0xFF, 0xFF, 0x00,
    0x00, 0xFF, 0xFF, 0xC0, 0x2A, 0x60, 0x25, 0x96, 0x9A, 0x59, 0x90, 0x0F, 0xFF, 0xFC, 0x15, 0x55,
    0x56, 0x3F, 0xFF, 0x05, 0x54, 0xFF, 0xFF, 0xFF, 0xFF, 0xFF, 0xFF, 0xFF, 0xFF, 0xFF, 0xFF, 0xFF,
    0xFF, 0x01, 0x98, 0x3F, 0x02, 0x80, 0xFF, 0xFF, 0xFF, 0x01, 0x55, 0x55, 0x40, 0xFF, 0xFF, 0xFF,
    0xFF, 0xFF, 0xFF, 0xFF, 0xFF, 0xFF, 0xFF, 0xFF, 0xFF, 0xFF, 0xFF, 0xFF, 0xFF, 0xFF, 0xFF, 0xFF,
    0xFF, 0xFF, 0xFF, 0xFF, 0xFF, 0xFF, 0xFF, 0x00, 0x6A, 0x59, 0x6A, 0x9A, 0x96, 0x5A, 0x56, 0xA5,
    0xAA, 0xA6, 0x9A, 0xAA, 0x66, 0x5A, 0x69, 0x00, 0xFF, 0xFF, 0xFF, 0xFF, 0xFF, 0xFF, 0xFF, 0xFF,
    0xFF, 0xFF, 0xFF, 0xFF, 0xFF, 0xFF, 0xFF, 0x00, 0x96, 0x90, 0x0A, 0x69, 0x65, 0xA6, 0x98, 0x03,
    0xFF, 0xFF, 0x03, 0x95, 0x54, 0x3F, 0xFF, 0x02, 0x58, 0xFF, 0xFF, 0xFF, 0xFF, 0xFF, 0xFF, 0xFF,
    0xFF, 0xFF, 0xFF, 0xFF, 0xFF, 0x01, 0x90, 0xFF, 0xC2, 0x40, 0xFF, 0xFF, 0xFF, 0x0D, 0x55, 0x55,
    0x43, 0xFF, 0xFF, 0xFF, 0xFF, 0xFF, 0xFF, 0xFF, 0xFF, 0xFF, 0xFF, 0xFF, 0xFF, 0xFF, 0xFF, 0xFF,
    0xFF, 0xFF, 0xFF, 0xFF, 0xFF, 0xFF, 0xFF, 0xFF, 0xFF, 0xFF, 0xFF, 0x02, 0xA5, 0xA9, 0x96, 0x96,
    0x69, 0xA9, 0xA9, 0x6A, 0x59, 0x69, 0x69, 0x65, 0xA9, 0xAA, 0x5A, 0x80, 0x3F, 0xFF, 0xFF, 0xFF,
    0xFF, 0xFF, 0xFF, 0xFF, 0xFF, 0xFF, 0xFF, 0xFF, 0xFF, 0xFF, 0xFC, 0x03, 0x99, 0x90, 0x06, 0x69,
    0xAA, 0x66, 0x58, 0x03, 0xFF, 0xFF, 0xF0, 0x00, 0x3C, 0xFF, 0xC0, 0x00, 0x00, 0x3F, 0xFF, 0xFF,
    0xFF, 0xFF, 0xFF, 0xFF, 0xFF, 0xFF, 0xFF, 0xFF, 0xFF, 0x02, 0x60, 0xFF, 0x09, 0x80, 0xFF, 0xFF,
    0xFC, 0x05, 0x55, 0x55, 0x03, 0xFF, 0xFF, 0xFF, 0xFF, 0xFF, 0xFF, 0xFF, 0xFF, 0xFF, 0xFF, 0xFF,
    0xFF, 0xFF, 0xFF, 0xFF, 0xFF, 0xFF, 0xFF, 0xFF, 0xFF, 0xFF, 0xFF, 0xFF, 0xFF, 0xFF, 0xFF, 0x01,
    0x9A, 0x66, 0xA9, 0x6A, 0x69, 0x99, 0xA6, 0x9A, 0x69, 0xAA, 0x6A, 0x6A, 0x5A, 0x96, 0xA6, 0x60,
    0x3F, 0xFF, 0xFF, 0xFF, 0xFF, 0xFF, 0xFF, 0xFF, 0xFF, 0xFF, 0xFF, 0xFF, 0xFF, 0xFF, 0xFC, 0x01,
    0x69, 0x98, 0x0A, 0x96, 0x96, 0x69, 0xA4, 0x03, 0xFF, 0xFF, 0xF0, 0x56, 0x03, 0xFF, 0x35, 0x55,
    0xAC, 0x0F, 0xFF, 0xFF, 0xFF, 0xFF, 0xFF, 0xFF, 0xFF, 0xFF, 0xFF, 0xFF, 0xFF, 0x02, 0x60, 0x3C,
    0x29, 0xC3, 0xFF, 0xFF, 0xFC, 0x15, 0x55, 0x55, 0x03, 0xFF, 0xFF, 0xFF, 0xFF, 0xFF, 0xFF, 0xFF,
    0xFF, 0xFF, 0xFF, 0xFF, 0xFF, 0xFF, 0xFF, 0xFF, 0xFF, 0xFF, 0xFF, 0xFF, 0xFF, 0xFF, 0xFF, 0xFF,
    0xFF, 0xFF, 0xFC, 0x02, 0x9A, 0x66, 0x69, 0xA6, 0x96, 0x9A, 0x96, 0x96, 0x9A, 0x96, 0x96, 0x96,
    0xA5, 0xA6, 0xA6, 0xA0, 0x0F, 0xFF, 0xFF, 0xFF, 0xFF, 0xFF, 0xFF, 0xFF, 0xFF, 0xFF, 0xFF, 0xFF,
    0xFF, 0xFF, 0xFC, 0x0A, 0x66, 0x98, 0x01, 0xA6, 0x69, 0x99, 0xA4, 0x03, 0xFF, 0xFF, 0xC5, 0x55,
    0x73, 0xFF, 0x15, 0x55, 0x55, 0x4F, 0xFF, 0xFF, 0xFF, 0xFF, 0xFF, 0xFF, 0xFF, 0xFF, 0xFF, 0xFF,
    0xFF, 0x02, 0x96, 0x0C, 0x19, 0x03, 0xFF, 0xFF, 0xF0, 0x15, 0x55, 0x55, 0x0F, 0xFF, 0xFF, 0xFF,
    0xFF, 0xFF, 0xFF, 0xFF, 0xFF, 0xFF, 0xFF, 0xFF, 0xFF, 0xFF, 0xFF, 0xFF, 0xFF, 0xFF, 0xFF, 0xFF,
    0xFF, 0xFF, 0xFF, 0xFF, 0xFF, 0xFF, 0xFC, 0x0A, 0x65, 0xAA, 0x5A, 0x96, 0x9A, 0x6B, 0xA9, 0xAA,
    0xA9, 0x69, 0xA9, 0xA9, 0xA9, 0xA6, 0x59, 0x98, 0x03, 0xFF, 0xFF, 0xFF, 0xFF, 0xFF, 0xFF, 0xFF,
    0xFF, 0xFF, 0xFF, 0xFF, 0xFF, 0xFF, 0xF0, 0x06, 0x96, 0x64, 0x01, 0xA6, 0x69, 0x9A, 0x5A, 0x00,
    0xFF, 0xFF, 0x05, 0x55, 0x50, 0xFF, 0x15, 0x55, 0x55, 0x4F, 0xFF, 0xFF, 0xFF, 0xFF, 0xFF, 0xFF,
    0xFF, 0xFF, 0xFF, 0xFF, 0xFF, 0xC0, 0x69, 0x80, 0x96, 0x03, 0xFF, 0xFF, 0xF0, 0x15, 0x55, 0x54,
    0x0F, 0xFF, 0xFF, 0xFF, 0xFF, 0xFF, 0xFF, 0xFF, 0xFF, 0xFF, 0xFF, 0xFF, 0xFF, 0xFF, 0xFF, 0xFF,
    0xFF, 0xFF, 0xFF, 0xFF, 0xFF, 0xFF, 0xFF, 0xFF, 0xFF, 0xFF, 0xFC, 0x06, 0x6A, 0x96, 0x99, 0x69,
    0xA9, 0xAB, 0xE6, 0xAF, 0xFE, 0x69, 0x99, 0x69, 0x5A, 0x69, 0xA9, 0xA4, 0x03, 0xFF, 0xFF, 0xFF,
    0xFF, 0xFF, 0xFF, 0xFF, 0xFF, 0xFF, 0xFF, 0xFF, 0xFF, 0xFF, 0xF0, 0x06, 0x9A, 0x64, 0x02, 0x5A,
    0x5A, 0x66, 0x9A, 0x00, 0xFF, 0xFF, 0x15, 0x55, 0x58, 0xFF, 0x15, 0x55, 0x55, 0x4F, 0xFF, 0xFF,
    0xFF, 0xFF, 0xFF, 0xFF, 0xFF, 0xFF, 0xFF, 0xFF, 0xFF, 0xC0, 0x9A, 0x50, 0x64, 0x03, 0xFF, 0xFF,
    0xF0, 0xD5, 0x55, 0x54, 0x0F, 0xFF, 0xFF, 0xFF, 0xFF, 0xFF, 0xFF, 0xFF, 0xFF, 0xFF, 0xFF, 0xFF,
    0xFF, 0xFF, 0xFF, 0xFF, 0xFF, 0xFF, 0xFF, 0xFF, 0xFF, 0xFF, 0xFF, 0xFF, 0xFF, 0xFF, 0xFC, 0x06,
    0x99, 0x69, 0xA9, 0xA9, 0x66, 0x9F, 0xD6, 0xBF, 0xEF, 0x9A, 0x5A, 0xAA, 0xA6, 0x9A, 0x9A, 0x6A,
    0x00, 0xFF, 0xFF, 0xFF, 0xFF, 0xFF, 0xFF, 0xFF, 0xFF, 0xFF, 0xFF, 0xFF, 0xFF, 0xFF, 0xF0, 0x39,
    0x69, 0xA6, 0x02, 0x99, 0xA6, 0x65, 0xA6, 0x00, 0xFF, 0xFF, 0x15, 0x7D, 0x54, 0xFF, 0x0F, 0x95,
    0x65, 0x8F, 0xFF, 0xFF, 0xFF, 0xFF, 0xFF, 0xFF, 0xFF, 0xFF, 0xFF, 0xFF, 0xFF, 0xF0, 0x35, 0xAA,
    0x60, 0x0F, 0xFF, 0xFF, 0xF0, 0x55, 0x55, 0x50, 0x3F, 0xFF, 0xFF, 0xFF, 0xFF, 0xFF, 0xFF, 0xFF,
    0xFF, 0xFF, 0xFF, 0xFF, 0xFF, 0xFF, 0xFF, 0xFF, 0xFF, 0xFF, 0xFF, 0xFF, 0xFF, 0xFF, 0xFF, 0xFF,
    0xFF, 0xFF, 0xF0, 0x29, 0x9A, 0x9A, 0x5A, 0x96, 0xA6, 0x6E, 0xAA, 0xFE, 0xFF, 0x9A, 0x6B, 0xFF,
    0xE9, 0x99, 0x69, 0x69, 0x00, 0xFF, 0xFF, 0xFF, 0xFF, 0xFF, 0xFF, 0xFF, 0xFF, 0xFF, 0xFF, 0xFF,
    0xFF, 0xFF, 0xF0, 0x26, 0x99, 0x96, 0x02, 0xA5, 0xA6, 0x9A, 0x66, 0x00, 0xFF, 0xFF, 0x15, 0x42,
    0x54, 0xFF, 0xC0, 0x05, 0x80, 0x0F, 0xFF, 0xFF, 0xFF, 0xFF, 0xFF, 0xFF, 0xFF, 0xFF, 0xFF, 0xFF,
    0xFF, 0xF0, 0x02, 0x55, 0x80, 0x0F, 0xFF, 0xFF, 0xF0, 0x55, 0x55, 0x40, 0x3F, 0xFF, 0xFF, 0xFF,
    0xFF, 0xFF, 0xFF, 0xFF, 0xFF, 0xFF, 0xFF, 0xFF, 0xFF, 0xFF, 0xFF, 0xFF, 0xFF, 0xFF, 0xFF, 0xFF,
    0xFF, 0xFF, 0xFF, 0xFF, 0xFF, 0xFF, 0xF0, 0x29, 0xA5, 0xA6, 0x99, 0x6A, 0x5A, 0x6F, 0x9B, 0xFA,
    0xFB, 0xA5, 0xAF, 0xBE, 0xFE, 0x9A, 0x96, 0x96, 0x80, 0x3F, 0xFF, 0xFF, 0xFF, 0xFF, 0xFF, 0xFF,
    0xFF, 0xFF, 0xFF, 0xFF, 0xFF, 0xFF, 0xF0, 0x26, 0x9A, 0x6A, 0x03, 0x6A, 0x59, 0x9A, 0x69, 0x00,
    0xFF, 0xFF, 0x15, 0x41, 0x54, 0xFF, 0x00, 0x05, 0x80, 0x3F, 0xFF, 0xFF, 0xFF, 0xFF, 0xFF, 0xFF,
    0xFF, 0xFF, 0xFF, 0xFF, 0xFF, 0xFC, 0x00, 0x00, 0x00, 0x0F, 0xFF, 0xFF, 0xF0, 0x55, 0x55, 0x40,
    0xFF, 0xFF, 0xFF, 0xFF, 0xFF, 0xFF, 0xFF, 0xFF, 0xFF, 0xFF, 0xFF, 0xFF, 0xFF, 0xFF, 0xFF, 0xFF,
    0xFF, 0xFF, 0xFF, 0xFF, 0xFF, 0xFF, 0xFF, 0xFF, 0xFF, 0xFF, 0xF0, 0x1A, 0x6A, 0x65, 0xA9, 0xA6,
    0xA9, 0xBF, 0x9F, 0x95, 0x7F, 0xE6, 0xBF, 0xFF, 0xFF, 0xA5, 0xAA, 0x9A, 0x70, 0x3F, 0xFF, 0xFF,
    0xFF, 0xFF, 0xFF, 0xFF, 0xFF, 0xFF, 0xFF, 0xFF, 0xFF, 0xFF, 0xF0, 0x35, 0xA6, 0x65, 0x02, 0x5A,
    0x69, 0xA5, 0x99, 0x00, 0xFF, 0xFF, 0x15, 0x55, 0x58, 0xFF, 0x15, 0x55, 0x70, 0x0F, 0xFF, 0xFF,
    0xFF, 0xFF, 0xFF, 0xFF, 0xFF, 0xFF, 0xFF, 0xFF, 0xFF, 0xFF, 0x00, 0x00, 0x00, 0x03, 0xFF, 0xFF,
    0xF0, 0x55, 0x55, 0x03, 0xFF, 0xFF, 0xFF, 0xFF, 0xFF, 0xFF, 0xFC, 0xFF, 0xFF, 0xFF, 0xFF, 0xFF,
    0xFF, 0xFF, 0xFF, 0xFF, 0xFF, 0xFF, 0xFF, 0xFF, 0xFF, 0xFF, 0xFF, 0xFF, 0xFF, 0xFF, 0xC0, 0xD6,
    0x96, 0x9A, 0x66, 0x96, 0x59, 0xBB, 0x6F, 0x9A, 0x6F, 0xD6, 0xFE, 0xBF, 0xBF, 0xE6, 0x99, 0x69,
    0x60, 0x0F, 0xFF, 0xFF, 0xFF, 0xFF, 0xFF, 0xFF, 0xFF, 0xFF, 0xFF, 0xFF, 0xFF, 0xFF, 0xF0, 0x36,
    0x66, 0x9A, 0x02, 0x96, 0x96, 0x69, 0x9A, 0x00, 0xFF, 0xFC, 0x05, 0x55, 0x50, 0xFC, 0xD5, 0x55,
    0x55, 0x73, 0xFF, 0xFF, 0xFF, 0xFF, 0xFF, 0xFF, 0xFF, 0xFF, 0xFF, 0xFF, 0xFF, 0xFF, 0xF0, 0x00,
    0x00, 0x00, 0xFF, 0xFF, 0xF0, 0x55, 0x54, 0x0F, 0xFF, 0xFF, 0xFF, 0xFF, 0xFF, 0xFF, 0xF0, 0x00,
    0x00, 0x3F, 0xFF, 0xFF, 0xFF, 0xFF, 0xFF, 0xFF, 0xFF, 0xFF, 0xFF, 0xFF, 0xFF, 0xFF, 0xFF, 0xFF,
    0xFF, 0xFF, 0xC0, 0xA9, 0xA9, 0xAA, 0x66, 0xA9, 0xA9, 0xBE, 0x6F, 0x69, 0xAF, 0xAA, 0xF9, 0x7E,
    0xFB, 0xEA, 0x69, 0xA6, 0x9C, 0x0F, 0xFF, 0xFF, 0xFF, 0xFF, 0xFF, 0xFF, 0xFF, 0xFF, 0xFF, 0xFF,
    0xFF, 0xFF, 0xF0, 0x06, 0x69, 0x9A, 0x02, 0xA5, 0xA6, 0x5A, 0x65, 0x00, 0xFF, 0xC3, 0x4D, 0x55,
    0x73, 0xFC, 0xD5, 0x55, 0x55, 0x73, 0xFF, 0xFF, 0xFF, 0xFF, 0xFF, 0xFF, 0xFF, 0xFF, 0xFF, 0xFF,
    0xFF, 0xFF, 0xFF, 0xC3, 0xFF, 0x00, 0x3F, 0xFF, 0xF0, 0x55, 0x54, 0x0F, 0xFF, 0xFF, 0xFF, 0xFF,
    0xFF, 0xFF, 0xF0, 0x00, 0x00, 0x0F, 0xFF, 0xFF, 0xFF, 0xFF, 0xFF, 0xFF, 0xFF, 0xFF, 0xFF, 0xFF,
    0xFF, 0xFF, 0xFF, 0xFF, 0xFF, 0xFF, 0xC0, 0x69, 0x69, 0x65, 0xA9, 0x69, 0xA6, 0xBE, 0x7E, 0x66,
    0xAF, 0xD7, 0xF6, 0xBF, 0xAF, 0xF9, 0xA6, 0x96, 0x98, 0x03, 0xFF, 0xFF, 0xFF, 0xFF, 0xFF, 0xFF,
    0xFF, 0xFF, 0xFF, 0xFF, 0xFF, 0xFF, 0xFC, 0x09, 0x99, 0xA5, 0x01, 0x69, 0x6A, 0x96, 0x69, 0x00,
    0xFF, 0x05, 0x50, 0x96, 0x0F, 0xFF, 0x15, 0x55, 0x55, 0x73, 0xFF, 0xFF, 0xFF, 0xFF, 0xFF, 0xFF,
    0xFF, 0xFF, 0xFF, 0xFF, 0xFF, 0xFF, 0xFF, 0xFF, 0xFF, 0xC0, 0x3F, 0xFF, 0xF0, 0x55, 0x54, 0x0F,
    0xFF, 0xFF, 0xFF, 0xFF, 0xFF, 0xFF, 0xF0, 0x15, 0xD4, 0x03, 0xFF, 0xFF, 0xFF, 0xFF, 0xFF, 0xFF,
    0xFF, 0xFF, 0xFF, 0xFF, 0xFF, 0xFF, 0xFF, 0xFF, 0xFF, 0xFF, 0xC0, 0x66, 0x96, 0xA6, 0x9A, 0x5A,
    0x5A, 0xBE, 0x7E, 0x6A, 0x6F, 0xDB, 0xE6, 0xBB, 0x5F, 0xBD, 0x96, 0x9A, 0x64, 0x03, 0xFF, 0xFF,
    0xFF, 0xFF, 0xFF, 0xFF, 0xFF, 0xFF, 0xFF, 0xFF, 0xFF, 0xFF, 0xFC, 0x09, 0x9A, 0x66, 0x02, 0x9A,
    0x95, 0xA9, 0xA6, 0x00, 0xFF, 0x25, 0x5C, 0x00, 0x3F, 0xFF, 0x0A, 0x95, 0x55, 0x4F, 0xFF, 0xFF,
    0xFF, 0xFF, 0xFF, 0xFF, 0xFF, 0xFF, 0xFF, 0xFF, 0xFF, 0xFF, 0xFF, 0xFF, 0xFF, 0xC0, 0x0F, 0xFF,
    0xF0, 0x55, 0x54, 0x3F, 0xFF, 0xFF, 0xFF, 0xFF, 0xFF, 0xFF, 0xFC, 0x05, 0x55, 0x40, 0xFF, 0xFF,
    0xFF, 0xFF, 0xFF, 0xFF, 0xFF, 0xFF, 0xFF, 0xFF, 0xFF, 0xFF, 0xFF, 0xFF, 0xFF, 0xFF, 0x02, 0xA6,
    0xAA, 0x5A, 0x5A, 0xA6, 0x99, 0xBD, 0xBE, 0x99, 0x7E, 0xAB, 0xE5, 0xBF, 0x9F, 0xF9, 0xA9, 0xA9,
    0x66, 0x00, 0xFF, 0xFF, 0xFF, 0xFF, 0xFF, 0xFF, 0xFF, 0xFF, 0xFF, 0xFF, 0xFF, 0xFF, 0xFC, 0x02,
    0x96, 0x64, 0x0D, 0x96, 0x9A, 0x59, 0x96, 0x00, 0xFF, 0xC5, 0x57, 0x00, 0x0F, 0xFF, 0xC0, 0x00,
    0x3A, 0x0F, 0xFF, 0xFF, 0xFF, 0xFF, 0xFF, 0xFF, 0xFF, 0xFF, 0xFF, 0xFF, 0xFF, 0xFF, 0xFF, 0xFF,
    0xFF, 0xF0, 0x03, 0xFF, 0xF0, 0x55, 0x50, 0x3F, 0xFF, 0xFF, 0xFF, 0xFF, 0xFF, 0xFF, 0xFC, 0x0D,
    0x55, 0x50, 0xFF, 0xFF, 0xFF, 0xFF, 0xFF, 0xFF, 0xFF, 0xFF, 0xFF, 0xFF, 0xFF, 0xFF, 0xFF, 0xFF,
    0xFF, 0xFF, 0x02, 0x99, 0x66, 0x9A, 0xA5, 0xA5, 0xAA, 0xF9, 0xAF, 0x59, 0xBF, 0xDB, 0xFF, 0xFF,
    0x5B, 0xFE, 0x5A, 0x5A, 0xA9, 0x00, 0xFF, 0xFF, 0xFF, 0xFF, 0xFF, 0xFF, 0xFF, 0xFF, 0xFF, 0xFF,
    0xFF, 0xFF, 0xFF, 0x02, 0x69, 0xA4, 0x09, 0xA5, 0xA6, 0x9A, 0x6A, 0x00, 0xFF, 0xCD, 0x55, 0x55,
    0x4F, 0xFF, 0xC0, 0xFF, 0x05, 0x83, 0xFF, 0xFF, 0xFF, 0xFF, 0xFF, 0xFF, 0xFF, 0xFF, 0xFF, 0xFF,
    0xFF, 0xFF, 0xFF, 0xFF, 0xFF, 0xFC, 0x03, 0xFF, 0xC0, 0x55, 0x50, 0x3F, 0xFF, 0xFF, 0xFF, 0xFF,
    0xFF, 0xFF, 0xFF, 0x01, 0x55, 0x50, 0xFF, 0xFF, 0xFF, 0xFF, 0xFF, 0xFF, 0xFF, 0xFF, 0xFF, 0xFF,
    0xFF, 0xFF, 0xFF, 0xFF, 0xFF, 0xFF, 0x01, 0x9A, 0x96, 0xA5, 0xA6, 0x5A, 0x66, 0xF9, 0xAF, 0xAA,
    0xFB, 0x9B, 0xFB, 0xEF, 0xEB, 0xEE, 0x69, 0xA5, 0x99, 0x80, 0xFF, 0xFF, 0xFF, 0xFF, 0xFF, 0xFF,
    0xFF, 0xFF, 0xFF, 0xFF, 0xFF, 0xFF, 0xF0, 0x00, 0x99, 0x94, 0x26, 0x69, 0x65, 0xA6, 0x66, 0x00,
    0xFF, 0xF2, 0x55, 0x55, 0x73, 0xFC, 0x34, 0x3F, 0x15, 0x73, 0xFF, 0xFF, 0xFF, 0xFF, 0xFF, 0xFF,
    0xFF, 0xFF, 0xFF, 0xFF, 0xFF, 0xFF, 0xFF, 0xFF, 0xFF, 0xFC, 0x00, 0xFF, 0xC1, 0x55, 0x40, 0xFF,
    0xFF, 0xFF, 0xFF, 0xFF, 0xFF, 0xFF, 0xFF, 0xC0, 0x55, 0x50, 0xFF, 0xFF, 0xFF, 0xFF, 0xFF, 0xFF,
    0xFF, 0xFF, 0xFF, 0xFF, 0xFF, 0xFF, 0xFF, 0xFF, 0xFF, 0xFF, 0x0D, 0xA5, 0xA9, 0x69, 0x6A, 0x6A,
    0x66, 0xB9, 0xAF, 0xFF, 0xFF, 0x6F, 0xAF, 0xFE, 0xFF, 0xED, 0xA5, 0xA9, 0x9A, 0x80, 0xFF, 0xFF,
    0xFF, 0xFF, 0xFF, 0xFF, 0xFF, 0xFF, 0xFF, 0xFF, 0xFF, 0xF0, 0x00, 0x00, 0x35, 0x9A, 0x96, 0x6A,
    0x6A, 0x66, 0x94, 0x03, 0xFF, 0xF0, 0x55, 0x55, 0x63, 0xFC, 0x55, 0xCF, 0x25, 0x53, 0xFF, 0xFF,
    0xFF, 0xFF, 0xFF, 0xFF, 0xFF, 0xFF, 0xFF, 0xFF, 0xFF, 0xFF, 0xFF, 0xFF, 0xFF, 0xFF, 0x00, 0xFF,
    0xC1, 0x55, 0x00, 0xFF, 0xFF, 0xFF, 0xFF, 0xFF, 0xFF, 0xFF, 0xFF, 0xC0, 0x55, 0x50, 0xFF, 0xFF,
    0xFF, 0xFF, 0xFF, 0xFF, 0xFF, 0xFF, 0xFF, 0xFF, 0xFF, 0xFF, 0xFF, 0xFF, 0xFF, 0xFC, 0x0A, 0x6A,
    0x69, 0xAA, 0x69, 0xA5, 0xA9, 0xB6, 0x5F, 0xFF, 0xBD, 0x6B, 0xD6, 0xFB, 0xFE, 0xFD, 0x9A, 0x5A,
    0x9A, 0x40, 0x3F, 0xFF, 0xFF, 0xFF, 0xFF, 0xFF, 0xFF, 0xFF, 0xFF, 0xFF, 0xFF, 0x00, 0x00, 0x00,
    0x02, 0x59, 0xA9, 0x96, 0x96, 0x69, 0xA4, 0x03, 0xFF, 0xC5, 0x55, 0x55, 0x73, 0xFF, 0x55, 0x4F,
    0x35, 0x53, 0xFF, 0xFF, 0xFF, 0xFF, 0xFF, 0xFF, 0xFF, 0xFF, 0xFF, 0xFF, 0xFF, 0xFF, 0xFF, 0xFF,
    0xFF, 0xFF, 0x00, 0x3F, 0xC1, 0x55, 0x03, 0xFF, 0xFF, 0xFF, 0xFF, 0xFF, 0xFF, 0xFF, 0xFF, 0xF0,
    0x15, 0x50, 0xFF, 0xFF, 0xFF, 0xFF, 0xFF, 0xFF, 0xFF, 0xFF, 0xFF, 0x00, 0x00, 0x00, 0x00, 0xFF,
    0xFF, 0xFC, 0x06, 0x66, 0x69, 0x96, 0x96, 0x9A, 0x99, 0xA6, 0x9A, 0xFB, 0xF5, 0xAF, 0xE6, 0xFF,
    0xFF, 0xF9, 0x9A, 0xA5, 0xA5, 0x60, 0x3F, 0xFF, 0xFF, 0xFF, 0xFF, 0xFF, 0xFF, 0xFF, 0xFF, 0xFF,
    0xC0, 0x00, 0x00, 0x00, 0x00, 0x35, 0x99, 0xA9, 0xA6, 0x99, 0x68, 0x03, 0xFF, 0x15, 0x55, 0xAA,
    0x4F, 0xF0, 0x55, 0x73, 0xC5, 0x53, 0xFF, 0xFF, 0xFF, 0xFF, 0xFF, 0xFF, 0xFF, 0xFF, 0xFF, 0xFF,
    0xFF, 0xFF, 0xFF, 0xFF, 0xFF, 0xFF, 0xC0, 0x3F, 0xC5, 0x54, 0x0F, 0xFF, 0xFF, 0xFF, 0xFF, 0xFF,
    0xFF, 0xFF, 0xFF, 0xFC, 0x15, 0x50, 0xFF, 0xFF, 0xFF, 0xFF, 0xFF, 0xFF, 0xFF, 0xFF, 0xC0, 0x00,
    0x00, 0x00, 0x00, 0x00, 0xFF, 0xFC, 0x06, 0xA6, 0x96, 0xA9, 0xA6, 0x9A, 0x5A, 0x5A, 0x95, 0x6A,
    0x5A, 0x9B, 0xD6, 0xED, 0x6F, 0xB9, 0xA5, 0xA6, 0x9A, 0xA0, 0x3F, 0xFF, 0xFF, 0xFF, 0xFF, 0xFF,
    0xFF, 0xFF, 0xFF, 0xFF, 0x00, 0x00, 0xFF, 0xFF, 0xC0, 0x0A, 0x5A, 0x59, 0x69, 0x9A, 0x58, 0x03,
    0xFF, 0x15, 0x54, 0x00, 0x0F, 0xFC, 0x55, 0x63, 0x05, 0x53, 0xFF, 0xFF, 0xFF, 0xFF, 0xFF, 0xFF,
    0xFF, 0xFF, 0xFF, 0xFF, 0xFF, 0xFF, 0xFF, 0xFF, 0xFC, 0xF3, 0xC0, 0x3F, 0xC5, 0x54, 0x0C, 0x00,
    0x00, 0xFF, 0xFF, 0xFF, 0xFF, 0xFF, 0xFF, 0xFC, 0x05, 0x50, 0xFF, 0xFF, 0xFF, 0xFF, 0xFF, 0xFF,
    0xFF, 0xFC, 0x00, 0x00, 0x00, 0x00, 0x00, 0x00, 0x0F, 0xFC, 0x39, 0x69, 0xAA, 0x5A, 0x69, 0xA5,
    0xA6, 0xA9, 0x6A, 0x56, 0x69, 0x9B, 0xEA, 0xFD, 0x6F, 0xF6, 0x9A, 0x5A, 0x69, 0xA0, 0x0F, 0xFF,
    0xFF, 0xFF, 0xC0, 0x3F, 0xFF, 0xFF, 0xFF, 0xF0, 0x00, 0x3F, 0xFF, 0xEF, 0xFC, 0x0A, 0x66, 0x9A,
    0x99, 0xA6, 0x90, 0x0F, 0xFF, 0x05, 0x5C, 0x01, 0x0F, 0xFC, 0x55, 0x5C, 0x15, 0x53, 0xFF, 0xFF,
    0xFF, 0xFF, 0xFF, 0xFF, 0xFF, 0xFF, 0xFF, 0xFF, 0xFF, 0xFF, 0xFF, 0xF0, 0x00, 0x00, 0x00, 0x0F,
    0xC1, 0x50, 0x00, 0x00, 0x00, 0x03, 0xFF, 0xFF, 0xFF, 0xFF, 0xFF, 0xFF, 0x05, 0x70, 0xFF, 0xFF,
    0xFF, 0xFF, 0xFF, 0xFF, 0xFF, 0xC0, 0x00, 0x0D, 0x65, 0x56, 0xF0, 0x00, 0x00, 0xF0, 0x29, 0x9A,
    0x59, 0xA6, 0x69, 0xAA, 0xA6, 0x96, 0xA6, 0xAA, 0x69, 0xAB, 0xFA, 0xF9, 0xBE, 0xE6, 0x5A, 0x9A,
    0x66, 0x90, 0x3F, 0xFF, 0xFF, 0xFC, 0x00, 0x03, 0xFF, 0xFF, 0xFF, 0xC0, 0x03, 0xFE, 0xFA, 0xFE,
    0xFB, 0x06, 0xA5, 0xA5, 0x9A, 0x65, 0xA0, 0x0F, 0xFF, 0xCD, 0x60, 0x15, 0x4F, 0xFF, 0x15, 0x55,
    0x55, 0x63, 0xFF, 0xFF, 0xFF, 0xFF, 0xFF, 0xFF, 0xFF, 0xFF, 0xFF, 0xFF, 0xFF, 0xFF, 0xFC, 0x00,
    0x00, 0x00, 0x00, 0x0F, 0x01, 0x50, 0x00, 0x55, 0x54, 0x00, 0x00, 0xFF, 0xFF, 0xFF, 0xFF, 0xFF,
    0x01, 0x40, 0xFF, 0xFF, 0xFF, 0xFF, 0xFF, 0xFF, 0xFF, 0x00, 0x09, 0x55, 0x56, 0x55, 0x55, 0x5C,
    0x00, 0x00, 0x1A, 0x96, 0xA9, 0xA6, 0x9A, 0x59, 0x69, 0x69, 0xA6, 0x96, 0x96, 0x9B, 0xBF, 0xF9,
    0xFF, 0xE6, 0xA5, 0xA5, 0xA6, 0x50, 0x0F, 0xFF, 0xFF, 0xF0, 0x00, 0x00, 0x3F, 0xFF, 0xFF, 0x00,
    0x3F, 0xBE, 0xFF, 0xBE, 0xFF, 0x09, 0x69, 0x69, 0xA6, 0x6A, 0x70, 0x0F, 0xFF, 0xF3, 0x82, 0x55,
    0x43, 0xFF, 0x35, 0x55, 0x55, 0x4F, 0xFF, 0xFF, 0xFF, 0xFF, 0xFF, 0xFF, 0xFF, 0xFF, 0xFF, 0xFF,
    0xFF, 0xFF, 0xC0, 0x00, 0x00, 0x00, 0x00, 0x00, 0x01, 0x50, 0x05, 0x55, 0x55, 0x50, 0x00, 0x03,
    0xFF, 0xFF, 0xFF, 0xFF, 0xC1, 0x43, 0xFF, 0xFF, 0xFF, 0xFF, 0xFF, 0xFF, 0xFC, 0x00, 0x55, 0x56,
    0x59, 0x69, 0x55, 0x55, 0xC0, 0x00, 0x96, 0x69, 0xA6, 0x69, 0x9A, 0x69, 0xA9, 0xAA, 0x99, 0xA6,
    0x9B, 0x9A, 0xFF, 0xBE, 0xFB, 0xD6, 0x6A, 0x6A, 0x9A, 0x90, 0x0F, 0xFF, 0xFF, 0xF0, 0x00, 0x00,
    0x0F, 0xFF, 0xF0, 0x03, 0xFB, 0xEF, 0xAF, 0xBF, 0xAF, 0x01, 0x9A, 0x5A, 0x66, 0x96, 0x40, 0x3F,
    0xFF, 0xFC, 0x05, 0x55, 0x8F, 0xFF, 0xC9, 0x55, 0x55, 0xCF, 0xFF, 0xFF, 0xFF, 0xFF, 0xFF, 0xFF,
    0xFF, 0xFF, 0xFF, 0xFF, 0xFF, 0xFF, 0x00, 0x03, 0xFF, 0xFF, 0xF0, 0x00, 0x00, 0x00, 0xD5, 0x55,
    0x55, 0x55, 0x55, 0x00, 0x3F, 0xFF, 0xFF, 0xFF, 0xC0, 0x40, 0xFF, 0xFF, 0xFF, 0xFF, 0xFF, 0xFF,
    0xFC, 0x0D, 0x56, 0x56, 0x55, 0x95, 0x56, 0x55, 0x58, 0x00, 0xAA, 0x69, 0x66, 0x9A, 0x9A, 0xA6,
    0x96, 0xFF, 0x9A, 0xE9, 0xAF, 0xE5, 0xFB, 0xFF, 0xFB, 0x5A, 0x66, 0x65, 0x99, 0x98, 0x0F, 0xFF,
    0xFF, 0xC0, 0x0F, 0xC0, 0x0F, 0xFF, 0xF0, 0x0F, 0xFB, 0xEF, 0xFB, 0xEB, 0xFF, 0x02, 0x96, 0xA6,
    0x69, 0xA5, 0x00, 0x3F, 0xFF, 0xFC, 0x95, 0x56, 0x0F, 0xFF, 0xF0, 0x55, 0x57, 0x3F, 0xFF, 0xFF,
    0xFF, 0xFF, 0xFF, 0xFF, 0xFF, 0xFF, 0xFF, 0xFF, 0xFF, 0xF0, 0x00, 0xFF, 0xFB, 0xEF, 0xC0, 0x0F,
    0xC0, 0x0D, 0x55, 0x55, 0x55, 0x55, 0x55, 0x5C, 0x0F, 0xFF, 0xFF, 0xFF, 0xC0, 0x50, 0xFF, 0xFF,
    0xFF, 0xFF, 0xFF, 0xFF, 0xF0, 0x35, 0x56, 0x55, 0x65, 0x56, 0x55, 0xA5, 0x55, 0x00, 0x69, 0xA6,
    0xA9, 0x9A, 0x65, 0x56, 0x5B, 0xBF, 0xEB, 0xFE, 0x6F, 0xE6, 0x6F, 0xEB, 0xFE, 0x69, 0xA6, 0xA6,
    0xA9, 0xAC, 0x0F, 0xFF, 0xC0, 0x00, 0x3F, 0xF0, 0x03, 0xFF, 0x00, 0x3F, 0xBE, 0xFB, 0xFB, 0xFF,
    0xBB, 0xC0, 0x69, 0x66, 0x99, 0x6A, 0x00, 0xFF, 0xFF, 0xF0, 0x55, 0xD7, 0x3F, 0xFF, 0xFC, 0x0E,
    0x80, 0xFF, 0xFF, 0xFF, 0xFF, 0xFF, 0xFF, 0xFF, 0xFF, 0xFF, 0xFF, 0xFF, 0xFF, 0xC0, 0x0F, 0xFB,
    0xBE, 0xFB, 0x00, 0xFF, 0xF0, 0x15, 0x55, 0x55, 0x55, 0x55, 0x55, 0x55, 0x0F, 0xFF, 0xFF, 0xFF,
    0xF0, 0x50, 0x3F, 0xFF, 0xFF, 0xFF, 0xFF, 0xFF, 0xF0, 0x15, 0x65, 0x69, 0x59, 0x65, 0x69, 0x56,
    0x59, 0x70, 0xD6, 0x9A, 0x5A, 0x95, 0x6A, 0x80, 0x30, 0xFB, 0x9F, 0xBF, 0x7E, 0xAA, 0x5A, 0xFF,
    0xA9, 0xA5, 0x9A, 0x5A, 0x5A, 0x50, 0x0F, 0xFC, 0x00, 0x00, 0x3E, 0xFC, 0x00, 0xFF, 0x00, 0xFE,
    0xFE, 0xFB, 0xBE, 0xFB, 0xFB, 0xC0, 0x9A, 0x99, 0x9A, 0x94, 0x00, 0xFF, 0xFF, 0xF1, 0x55, 0x96,
    0x3F, 0xFF, 0xC0, 0x00, 0x00, 0x3F, 0xFF, 0xFF, 0xFF, 0xFF, 0xFF, 0xFF, 0xFF, 0xFF, 0xFF, 0xFF,
    0xFF, 0x00, 0x3F, 0xBF, 0xAF, 0xBC, 0x0F, 0xFE, 0xFC, 0x15, 0x55, 0x55, 0x55, 0x55, 0x55, 0x55,
    0x43, 0xFF, 0xFF, 0xFF, 0xF0, 0x50, 0x3F, 0xFF, 0xFF, 0xFF, 0xFF, 0xFF, 0xF0, 0xD5, 0x59, 0x55,
    0x95, 0x55, 0x55, 0x55, 0x95, 0x50, 0x1A, 0x5A, 0x95, 0x6B, 0x00, 0x00, 0x00, 0x05, 0xAF, 0xFB,
    0xBE, 0x5A, 0xA5, 0x6A, 0x96, 0x9A, 0x99, 0xA9, 0xA6, 0x98, 0x0F, 0xF0, 0x00, 0x00, 0x3F, 0xEF,
    0x00, 0x3C, 0x03, 0xEF, 0xEF, 0xBF, 0xBE, 0xFB, 0xEF, 0xB0, 0x25, 0x9A, 0x65, 0x60, 0x03, 0xFF,
    0xFF, 0xF0, 0x55, 0x55, 0x03, 0xFF, 0xC5, 0x55, 0x55, 0x0F, 0xFF, 0xFF, 0xFF, 0xFF, 0xFF, 0xFF,
    0xFF, 0xFF, 0xFF, 0xFF, 0xFC, 0x03, 0xFB, 0xEE, 0xFB, 0xF0, 0x3F, 0xAF, 0xAC, 0x15, 0x55, 0x55,
    0x55, 0x55, 0x55, 0x55, 0x50, 0xFF, 0xFF, 0xFF, 0xFC, 0xD0, 0x3F, 0xFF, 0xFF, 0xFF, 0xFF, 0xFF,
    0xC0, 0x95, 0x95, 0x95, 0x56, 0x59, 0x56, 0x59, 0x56, 0x9C, 0x29, 0xA5, 0xAA, 0x00, 0x00, 0x00,
    0x00, 0x01, 0xBF, 0xBF, 0xFE, 0xA5, 0x6A, 0x55, 0xA6, 0x5A, 0x69, 0x99, 0xA6, 0x90, 0x0F, 0xF0,
    0x00, 0x00, 0x3E, 0xFF, 0xC0, 0x00, 0x0F, 0xEF, 0xBF, 0xBE, 0xFB, 0xEF, 0xBE, 0xF0, 0x01, 0x66,
    0x66, 0x80, 0x03, 0xFF, 0xFF, 0xFC, 0x25, 0x55, 0x53, 0xFF, 0xC5, 0x55, 0x55, 0x8F, 0xFF, 0xFF,
    0xFF, 0xFF, 0xFF, 0xFF, 0xFF, 0xFF, 0xFF, 0xFF, 0xC0, 0x0F, 0xFB, 0xEF, 0xFB, 0xC3, 0xFB, 0xFB,
    0xF0, 0x15, 0x55, 0x55, 0x55, 0x55, 0x55, 0x55, 0x50, 0x3F, 0xFF, 0xFC, 0x00, 0x00, 0x3F, 0xFF,
    0xFF, 0xFF, 0xFF, 0xFC, 0x00, 0xD5, 0x56, 0x59, 0x65, 0x56, 0x95, 0x55, 0x65, 0x58, 0x06, 0x96,
    0x80, 0x00, 0x3F, 0xFE, 0xFF, 0xC0, 0xBF, 0x6F, 0xEF, 0xFE, 0x96, 0xAA, 0x6A, 0x69, 0x6A, 0x5A,
    0x5A, 0x50, 0x3F, 0xC0, 0x0F, 0xFF, 0xFE, 0xFB, 0xC0, 0x00, 0x3F, 0xBE, 0xFB, 0xEF, 0xEF, 0xBE,
    0xFE, 0xFC, 0x00, 0xE5, 0xAC, 0x00, 0x0F, 0xFF, 0xFF, 0xFF, 0x02, 0x55, 0x53, 0xFF, 0xC5, 0x55,
    0x55, 0x4F, 0xFF, 0xFF, 0xFF, 0xFF, 0xFF, 0xFF, 0xFF, 0xFF, 0xFF, 0xFF, 0xC0, 0x3E, 0xBE, 0xFB,
    0xBF, 0x0F, 0xFB, 0xFB, 0xC0, 0x00, 0x55, 0x55, 0x55, 0x55, 0x55, 0x55, 0x54, 0x3F, 0xFF, 0xC0,
    0x00, 0x00, 0x0F, 0xFF, 0xFF, 0xFF, 0xFC, 0x00, 0x00, 0xD6, 0x55, 0x55, 0x55, 0xA5, 0x59, 0x65,
    0x65, 0x54, 0x05, 0xA0, 0x00, 0x3F, 0xBE, 0xEF, 0xAF, 0xB0, 0x3E, 0x6F, 0xEF, 0xFF, 0xFA, 0x66,
    0x65, 0xA6, 0x96, 0xA6, 0xA5, 0xA0, 0x3F, 0x00, 0x3F, 0xFF, 0xBF, 0xBE, 0xF0, 0x00, 0x3F, 0xBE,
    0xFB, 0xEF, 0xBF, 0xBE, 0xEF, 0xEF, 0x00, 0x00, 0x00, 0x00, 0x3F, 0xFF, 0xFF, 0xFF, 0xF0, 0x25,
    0x73, 0xFF, 0xCD, 0x55, 0x55, 0xCF, 0xFF, 0xFF, 0xFF, 0xFF, 0xFF, 0xFF, 0xFF, 0xFF, 0xFF, 0xFC,
    0x00, 0xFF, 0xEF, 0xBF, 0xAC, 0x3F, 0xBE, 0xBF, 0x00, 0x00, 0x55, 0x55, 0x55, 0x55, 0x55, 0x55,
    0x55, 0x0F, 0xFF, 0x00, 0x00, 0x00, 0x03, 0xFF, 0xFF, 0xFF, 0x00, 0x00, 0x00, 0x15, 0x69, 0x66,
    0x59, 0x55, 0x55, 0x96, 0x56, 0x54, 0x08, 0x00, 0x3F, 0xEF, 0xBE, 0xFB, 0xFB, 0xFC, 0x0E, 0x6F,
    0xFF, 0xBB, 0xFF, 0x6A, 0x6A, 0x96, 0xA9, 0xA6, 0x6A, 0x90, 0x0F, 0x00, 0xFE, 0xBF, 0xBB, 0xEF,
    0xB0, 0x0C, 0x0F, 0xEF, 0xBE, 0xFB, 0xFB, 0xEF, 0xFB, 0xEF, 0xF0, 0x00, 0x00, 0x00, 0xFF, 0xFF,
    0xFF, 0xFF, 0xFF, 0x00, 0xCF, 0xFF, 0xF0, 0x09, 0x56, 0x3F, 0xFF, 0xFF, 0xFF, 0xFF, 0xFF, 0xFF,
    0xFF, 0xFF, 0xFF, 0xFC, 0x03, 0xAE, 0xFB, 0xEF, 0xF0, 0x3F, 0xAF, 0xEC, 0x05, 0x55, 0x55, 0x55,
    0x55, 0x55, 0x55, 0x55, 0x55, 0x0F, 0xF0, 0x00, 0x55, 0x57, 0x00, 0x3F, 0xFF, 0xC0, 0x00, 0x00,
    0x00, 0x15, 0x95, 0x55, 0x65, 0x59, 0x65, 0x95, 0x56, 0x54, 0x00, 0x0F, 0xFE, 0xFB, 0xEF, 0xBE,
    0xFB, 0xEF, 0x01, 0xAE, 0xE6, 0xFF, 0xBF, 0x99, 0xA5, 0xA9, 0x69, 0x6A, 0x5A, 0x60, 0x3F, 0x03,
    0xFB, 0xEB, 0xFB, 0xEF, 0xB0, 0x14, 0x0E, 0xFB, 0xEF, 0xBE, 0xFB, 0xEF, 0xBE, 0xFB, 0xFC, 0x00,
    0x00, 0x00, 0xFF, 0xFF, 0xFF, 0xFF, 0x00, 0xF0, 0xC3, 0xFF, 0xFC, 0x15, 0x5C, 0xFF, 0xFF, 0xFF,
    0xFF, 0xFF, 0xFF, 0xFF, 0xFF, 0xFF, 0xFF, 0xF0, 0x0F, 0xFE, 0xFB, 0xEE, 0xC3, 0xFB, 0xFB, 0xF0,
    0x15, 0x55, 0x55, 0x55, 0x55, 0x55, 0x55, 0x55, 0x55, 0x43, 0xC0, 0x35, 0x55, 0x55, 0x50, 0x0F,
    0xFC, 0x00, 0x00, 0x00, 0x00, 0x35, 0x56, 0x59, 0x56, 0x59, 0x65, 0x59, 0x95, 0x64, 0x03, 0xFE,
    0xEF, 0xBE, 0xFB, 0xEE, 0xEE, 0xFF, 0xC2, 0x5F, 0xF5, 0x5B, 0xFB, 0x99, 0xA9, 0xAA, 0x96, 0x96,
    0xA5, 0x60, 0x3C, 0x03, 0xFB, 0xFE, 0xFE, 0xFB, 0xF0, 0x27, 0x0F, 0xBE, 0xFB, 0xFE, 0xFE, 0xFB,
    0xEF, 0xBE, 0xBF, 0xFC, 0x3F, 0x00, 0xFF, 0xFF, 0xFF, 0xFC, 0x17, 0x01, 0x53, 0xFF, 0xF3, 0x55,
    0x40, 0xFF, 0xFF, 0xFF, 0xFF, 0xFF, 0xFF, 0xFF, 0xFF, 0xFF, 0xFF, 0xC0, 0x3E, 0xFB, 0xEF, 0xBE,
    0xC3, 0xEF, 0xBE, 0xC0, 0x55, 0x55, 0x55, 0x55, 0x55, 0x55, 0x55, 0x55, 0x55, 0x40, 0x00, 0x55,
    0x55, 0x55, 0x57, 0x00, 0xC0, 0x00, 0x00, 0x00, 0x00, 0x06, 0x56, 0x56, 0x95, 0x95, 0x56, 0x55,
    0x99, 0x54, 0x0F, 0xEF, 0xEF, 0xBE, 0xFB, 0xEF, 0xEF, 0xAF, 0xC0, 0xAB, 0xB9, 0xA5, 0xAF, 0x6A,
    0x5A, 0x56, 0xAA, 0x9A, 0x6A, 0x70, 0x3C, 0x03, 0xEF, 0xBE, 0xEF, 0xBF, 0xB0, 0x16, 0x0F, 0xEF,
    0xBE, 0xEF, 0xAF, 0xFB, 0xEF, 0xBF, 0xEF, 0xFF, 0xFF, 0x00, 0xFF, 0xFF, 0xFF, 0xF0, 0x55, 0x65,
    0x58, 0xFF, 0xC5, 0x55, 0xAC, 0x3F, 0xFF, 0xFF, 0xFF, 0xFF, 0xFF, 0xFF, 0xFF, 0xFF, 0xFF, 0x00,
    0xFE, 0xBE, 0xBE, 0xFB, 0x0F, 0xEF, 0xAF, 0xC1, 0x55, 0x55, 0x55, 0x55, 0x55, 0x95, 0x55, 0x55,
    0x55, 0x50, 0x05, 0x55, 0x55, 0x55, 0x55, 0x40, 0x00, 0x00, 0x00, 0x00, 0x00, 0x09, 0x65, 0x65,
    0x59, 0x56, 0x95, 0x65, 0x55, 0x94, 0x0F, 0xBE, 0xBE, 0xFB, 0xEF, 0xBE, 0xBF, 0xBE, 0xF0, 0x1B,
    0xF9, 0xA9, 0x59, 0x66, 0xA6, 0xA9, 0x65, 0xA9, 0x6A, 0x40, 0x3C, 0x03, 0xEF, 0xEF, 0xEF, 0xBE,
    0xF0, 0x1A, 0x0F, 0xEF, 0xEF, 0xEF, 0xFB, 0xBE, 0xFB, 0xFB, 0xEE, 0xBE, 0xBE, 0xC0, 0x3F, 0xFF,
    0xFF, 0xF1, 0x55, 0x55, 0x54, 0xFF, 0xC5, 0x55, 0x55, 0x3F, 0xFF, 0xFF, 0xFF, 0xFF, 0xFF, 0xFF,
    0xFF, 0xFF, 0xFF, 0x03, 0xEF, 0xEF, 0xFB, 0xEC, 0x3E, 0xFB, 0xFB, 0x0D, 0x55, 0x55, 0x55, 0x55,
    0x55, 0x55, 0x55, 0x55, 0x55, 0x50, 0xD5, 0x55, 0x55, 0x55, 0x55, 0x40, 0x00, 0x00, 0x00, 0x00,
    0x00, 0x01, 0x55, 0x55, 0x56, 0x55, 0x59, 0x65, 0x65, 0x9C, 0x0F, 0xBF, 0xFB, 0xEF, 0xBE, 0xFB,
    0xFB, 0xFA, 0xF0, 0x2B, 0xFA, 0x5A, 0xA6, 0xA6, 0x69, 0x9A, 0x9A, 0x66, 0x96, 0x80, 0xFC, 0x03,
    0xFA, 0xFE, 0xFE, 0xFB, 0xF0, 0x16, 0x0F, 0xBE, 0xFB, 0xFA, 0xFB, 0xEF, 0xBF, 0xBE, 0xFF, 0xEF,
    0xEF, 0xC0, 0x3F, 0xFF, 0xFF, 0xCD, 0x55, 0x55, 0x58, 0xFF, 0xC5, 0x55, 0x56, 0x3F, 0xFF, 0xFF,
    0xFF, 0xFF, 0xFF, 0xFF, 0xFF, 0xFF, 0xFC, 0x0F, 0xEF, 0xEF, 0xBF, 0xB0, 0x3E, 0xFB, 0xFC, 0x05,
    0x55, 0x55, 0x55, 0x55, 0x55, 0x55, 0x55, 0x55, 0x55, 0x50, 0x55, 0x55, 0x55, 0x55, 0x55, 0x00,
    0x00, 0x00, 0x00, 0x00, 0x00, 0x00, 0x5A, 0x59, 0xA5, 0x69, 0x59, 0x56, 0x59, 0x50, 0x3E, 0xFA,
    0xFB, 0xAF, 0xBE, 0xFB, 0xEB, 0xEF, 0xBC, 0x07, 0xF9, 0xA6, 0xA6, 0x9A, 0x69, 0xA5, 0xA9, 0x6A,
    0x99, 0x80, 0xFC, 0x03, 0xBF, 0xBE, 0xFB, 0xEF, 0xB0, 0x26, 0x0F, 0xFB, 0xFB, 0xBF, 0xBE, 0xFB,
    0xFB, 0xEF, 0xBB, 0xEF, 0xEF, 0xB0, 0x3F, 0xFF, 0xFF, 0xC5, 0x59, 0x55, 0xB0, 0xFF, 0xCE, 0x55,
    0x55, 0x3F, 0xFF, 0xFF, 0xFF, 0xFF, 0xFF, 0xFF, 0xFF, 0xFF, 0xF0, 0x0F, 0xBE, 0xBE, 0xBE, 0xB0,
    0xFF, 0xBE, 0xB0, 0x15, 0x55, 0x55, 0x55, 0x55, 0x55, 0x55, 0x55, 0x55, 0x55, 0x54, 0xD5, 0x55,
    0x55, 0x55, 0x5C, 0x00, 0x00, 0x00, 0x00, 0x00, 0x00, 0x00, 0x95, 0x65, 0x55, 0x95, 0x95, 0x96,
    0x55, 0x60, 0x3E, 0xFB, 0xEF, 0xFB, 0xEF, 0xBE, 0xFE, 0xFF, 0xBB, 0x07, 0xBD, 0xA6, 0x5A, 0x69,
    0xA6, 0x6A, 0x5A, 0x99, 0x69, 0x00, 0xFF, 0x03, 0xEF, 0xEF, 0xBF, 0xBE, 0xF0, 0x1A, 0x0F, 0xBF,
    0xBF, 0xBF, 0xBF, 0xBE, 0xFB, 0xEF, 0xBE, 0xFA, 0xFB, 0xF0, 0x0F, 0xFF, 0xFF, 0xC5, 0x52, 0x5A,
    0x03, 0xFF, 0xF0, 0x00, 0xFC, 0x3F, 0xFF, 0xFF, 0xFF, 0xFF, 0xFF, 0xFF, 0xFF, 0xFF, 0xF0, 0x3E,
    0xFB, 0xFB, 0xEF, 0xC3, 0xEB, 0xEF, 0xF0, 0x55, 0x55, 0x55, 0x55, 0x55, 0x55, 0x55, 0x55, 0x55,
    0x55, 0x54, 0x15, 0x55, 0x55, 0x55, 0x40, 0x00, 0x00, 0x00, 0x00, 0x00, 0x00, 0x00, 0x35, 0x56,
    0x59, 0x55, 0x95, 0x95, 0x65, 0x40, 0xFF, 0xBF, 0xAE, 0xFA, 0xFB, 0xEF, 0xBE, 0xEB, 0xFB, 0x0A,
    0xF5, 0xA9, 0xA9, 0x69, 0xA6, 0x9A, 0xA6, 0x9A, 0xA6, 0x03, 0xFF, 0x03, 0xFE, 0xFB, 0xEF, 0xBF,
    0xF0, 0x16, 0x0F, 0xEF, 0xBE, 0xFB, 0xEB, 0xFE, 0xFE, 0xFB, 0xEF, 0xFF, 0xBE, 0xF0, 0x0F, 0xFF,
    0xFF, 0xC9, 0x55, 0x55, 0x50, 0xFF, 0xFC, 0xD5, 0x50, 0x03, 0xFF, 0xFF, 0xFF, 0xFF, 0xFF, 0xFF,
    0xF0, 0x00, 0xC0, 0xFE, 0xFB, 0xEB, 0xEF, 0xCF, 0xFE, 0xFB, 0xC1, 0x55, 0x55, 0x55, 0x55, 0x55,
    0x59, 0x55, 0x55, 0x55, 0x55, 0x54, 0x05, 0x55, 0x55, 0x55, 0x00, 0x00, 0x00, 0x00, 0x00, 0x00,
    0x00, 0x00, 0x05, 0x95, 0x59, 0x65, 0x59, 0x59, 0x59, 0xC0, 0xFB, 0xEB, 0xFE, 0xBF, 0xBE, 0xFB,
    0xBF, 0xEF, 0xBF, 0x0D, 0xA6, 0x99, 0xA6, 0x9A, 0x5A, 0x99, 0x69, 0x69, 0x64, 0x03, 0xFF, 0x03,
    0xFB, 0xFB, 0xEF, 0xEB, 0xB0, 0x26, 0x0F, 0xEF, 0xEF, 0xEF, 0xFE, 0xEF, 0xAF, 0xBE, 0xFB, 0xAF,
    0xFE, 0xF0, 0x0F, 0xFF, 0xFF, 0xCD, 0x55, 0x55, 0x54, 0xFF, 0xFC, 0x55, 0x55, 0x53, 0xFF, 0xFF,
    0xFF, 0xFF, 0xFF, 0xFF, 0xC0, 0x00, 0x00, 0xFB, 0xEF, 0xBF, 0xFB, 0x0F, 0xBE, 0xFB, 0x01, 0x55,
    0x55, 0x54, 0x55, 0x55, 0x55, 0x55, 0x55, 0x55, 0x55, 0x55, 0x00, 0x15, 0x55, 0x5C, 0x00, 0x00,
    0x00, 0x00, 0x00, 0x00, 0x00, 0x00, 0x03, 0x59, 0x95, 0x66, 0x59, 0x65, 0x95, 0x03, 0xFA, 0xFE,
    0xFB, 0xEF, 0xBE, 0xFB, 0xEB, 0xBE, 0xFB, 0x09, 0x6A, 0x5A, 0x66, 0x9A, 0xA9, 0x6A, 0x9A, 0xA6,
    0x98, 0x03, 0xFF, 0x03, 0xFB, 0xBE, 0xFA, 0xFF, 0xB0, 0x17, 0x0F, 0xBE, 0xFB, 0xEE, 0xBF, 0xEF,
    0xFB, 0xEF, 0xFB, 0xFE, 0xEF, 0xAC, 0x0F, 0xFF, 0xFF, 0xF1, 0x55, 0x55, 0x58, 0xFF, 0xFC, 0x55,
    0x55, 0x5C, 0xFF, 0xFF, 0xFF, 0xFF, 0xFF, 0xFF, 0x00, 0x00, 0x00, 0xFB, 0xEF, 0xBE, 0xBF, 0x3F,
    0xAF, 0xBF, 0x01, 0x55, 0x55, 0x50, 0x35, 0x55, 0x55, 0x55, 0x55, 0x55, 0x55, 0x55, 0x00, 0x0D,
    0x55, 0x40, 0x00, 0x00, 0x00, 0x00, 0x00, 0x00, 0x00, 0x00, 0x00, 0xD5, 0x66, 0x55, 0x95, 0x65,
    0x64, 0x03, 0xBF, 0xBE, 0xEF, 0xEF, 0xEB, 0xEF, 0xFF, 0xBE, 0xFB, 0x0A, 0x9A, 0xA6, 0x9A, 0x69,
    0xA6, 0xA5, 0xA6, 0x5A, 0x98, 0x0F, 0xFF, 0x00, 0xFF, 0xBE, 0xFF, 0xFB, 0xF0, 0x17, 0x0F, 0xFB,
    0xFB, 0xFF, 0xEB, 0xFA, 0xFD, 0x55, 0xBF, 0xBE, 0xFB, 0xFC, 0x0F, 0xFF, 0xFF, 0xF3, 0x55, 0x55,
    0x50, 0xFF, 0xFC, 0xD5, 0x55, 0x5C, 0xFF, 0xFF, 0xFF, 0xFF, 0xFF, 0xFC, 0x0D, 0x54, 0x03, 0xEF,
    0xBE, 0xFB, 0xEC, 0x3B, 0xFB, 0xEC, 0x01, 0x55, 0x55, 0x70, 0x05, 0x55, 0x55, 0x55, 0x55, 0x55,
    0x55, 0x55, 0x05, 0x40, 0x55, 0x00, 0x00, 0x00, 0x00, 0x00, 0x00, 0x00, 0x00, 0x00, 0x00, 0x05,
    0x65, 0x95, 0x96, 0x56, 0x5C, 0x0F, 0xBF, 0xBB, 0xEE, 0xFA, 0xFF, 0xBE, 0xBB, 0xEF, 0xBF, 0x06,
    0x99, 0x69, 0xA9, 0xA6, 0x66, 0x9A, 0x6A, 0x69, 0x60, 0x0F, 0xFF, 0x00, 0xEF, 0xEF, 0xBE, 0xBF,
    0xB0, 0x27, 0x0E, 0xFB, 0xBE, 0xD5, 0xFE, 0xBF, 0xE5, 0x55, 0x7E, 0xFB, 0xFB, 0xFC, 0x03, 0xFF,
    0xFF, 0xF0, 0x00, 0x00, 0x03, 0xFF, 0xFC, 0x00, 0xA5, 0x53, 0xFF, 0xFF, 0xFF, 0xFF, 0xFF, 0xFC,
    0x05, 0xA6, 0x03, 0xEF, 0xBE, 0xFB, 0xFC, 0xFB, 0xFB, 0xE0, 0x0D, 0x55, 0x55, 0x50, 0x15, 0x55,
    0x55, 0x55, 0x55, 0x55, 0x55, 0x55, 0x05, 0x5C, 0x14, 0x00, 0x00, 0x00, 0x00, 0x00, 0x00, 0x00,
    0x00, 0x00, 0x00, 0x03, 0x55, 0x99, 0x56, 0x59, 0x50, 0x3F, 0xEB, 0xFB, 0xFB, 0xEF, 0xFE, 0xBF,
    0xBE, 0xFB, 0xEF, 0x06, 0x6A, 0x9A, 0x66, 0x96, 0x69, 0x69, 0xA5, 0xA6, 0x60, 0x3F, 0xFF, 0xC0,
    0x3E, 0xFB, 0xEF, 0xEF, 0xB0, 0x14, 0x0F, 0xBF, 0xBF, 0x55, 0xFF, 0xEF, 0xD5, 0x55, 0x5F, 0xEF,
    0xBE, 0xBC, 0x03, 0xFF, 0xFF, 0xC0, 0x00, 0x02, 0x58, 0xFF, 0xF0, 0x6B, 0xC3, 0xC3, 0xFF, 0xFF,
    0xFF, 0xFF, 0xFF, 0xF0, 0x26, 0xA7, 0x0F, 0xBE, 0xFB, 0xFC, 0x00, 0x3E, 0xBE, 0xF0, 0x41, 0x55,
    0x55, 0x54, 0x55, 0x55, 0x55, 0x55, 0x55, 0x55, 0x55, 0x55, 0x05, 0x55, 0x00, 0x00, 0x00, 0x00,
    0x02, 0xB6, 0xEF, 0x83, 0x00, 0x00, 0x00, 0x00, 0x19, 0x59, 0x65, 0x95, 0x40, 0xFA, 0xFE, 0xBE,
    0xBF, 0xBF, 0x3F, 0xEB, 0xEF, 0xBE, 0xFC, 0x26, 0x96, 0x96, 0xA5, 0x69, 0x99, 0xA5, 0xAA, 0x9A,
    0x40, 0x3F, 0xFF, 0xC0, 0x3E, 0xFB, 0xEF, 0xEF, 0xF0, 0xD4, 0x0F, 0xBE, 0xFA, 0x56, 0xEB, 0xFB,
    0x95, 0x55, 0x5B, 0xBE, 0xFF, 0xEC, 0x03, 0xFF, 0xFF, 0x05, 0x43, 0xCD, 0x57, 0x3F, 0xF1, 0x55,
    0x55, 0x50, 0xFF, 0xFF, 0xFF, 0xFF, 0xFF, 0xF0, 0x1A, 0x54, 0x0F, 0xBE, 0xFB, 0xC0, 0x00, 0x0F,
    0xEF, 0xC3, 0x41, 0x55, 0x55, 0x55, 0x55, 0x55, 0x65, 0x55, 0x55, 0x55, 0x55, 0x55, 0x35, 0x55,
    0xC0, 0x00, 0x00, 0x00, 0x05, 0x55, 0x55, 0x55, 0x56, 0x6F, 0x00, 0x00, 0x25, 0x96, 0x59, 0x66,
    0x40, 0x3F, 0xBE, 0xFE, 0xFA, 0xF8, 0x3B, 0xFE, 0xFB, 0xEF, 0xB0, 0xD9, 0xA9, 0xA9, 0x6A, 0x00,
    0x02, 0x9A, 0x5A, 0x59, 0x80, 0xFF, 0xFF, 0xF0, 0x3F, 0xBE, 0xFA, 0xFA, 0xF0, 0xE4, 0x0E, 0xFF,
    0xFD, 0x57, 0xFE, 0xBF, 0x55, 0x65, 0x57, 0xFB, 0xEB, 0xEF, 0x03, 0xFF, 0xFF, 0x15, 0x53, 0xCD,
    0x55, 0x3F, 0xF1, 0x55, 0x55, 0x5C, 0xFF, 0xFF, 0xFF, 0xFF, 0xFF, 0xF0, 0x19, 0xA8, 0x0F, 0xEF,
    0xBF, 0x02, 0x6A, 0x03, 0xFB, 0xC1, 0x51, 0x55, 0x55, 0x55, 0x55, 0x55, 0x55, 0x55, 0x55, 0x55,
    0x55, 0x55, 0x15, 0x55, 0x40, 0x00, 0x00, 0x00, 0x05, 0x59, 0x55, 0x55, 0x55, 0x55, 0x55, 0xAF,
    0x56, 0x56, 0x59, 0x65, 0x70, 0x0F, 0xBB, 0xEB, 0xEF, 0xEC, 0x3B, 0xBE, 0xFB, 0xEF, 0xB0, 0x9A,
    0x59, 0x59, 0x50, 0x00, 0x00, 0x2A, 0xA5, 0xA9, 0x00, 0xFF, 0xFF, 0xF0, 0x3F, 0xBE, 0xFF, 0xBF,
    0xF0, 0xD4, 0x3F, 0xE5, 0xB5, 0x5F, 0xBF, 0xED, 0x55, 0xB5, 0x57, 0xEF, 0xBE, 0xFF, 0x03, 0xFF,
    0xFC, 0xD5, 0x50, 0xC1, 0x55, 0x3F, 0xF1, 0x55, 0x55, 0x5C, 0xFF, 0xFF, 0xFF, 0xFF, 0xFF, 0xF0,
    0x25, 0x9C, 0x3E, 0xFB, 0xEC, 0x25, 0x96, 0x40, 0xFB, 0x0D, 0x51, 0x55, 0x55, 0x55, 0x55, 0x55,
    0x55, 0x55, 0x55, 0x55, 0x55, 0x55, 0x35, 0x55, 0x50, 0x00, 0x00, 0x00, 0x05, 0x95, 0x96, 0x59,
    0x69, 0x55, 0x59, 0x55, 0x65, 0xA5, 0xA5, 0x96, 0x50, 0x03, 0xFB, 0xFB, 0xEF, 0xBC, 0xFF, 0xBF,
    0xBE, 0xFB, 0xC2, 0x56, 0xAA, 0xAC, 0x00, 0x00, 0x00, 0x05, 0xAA, 0x96, 0x03, 0xFF, 0xFF, 0xF0,
    0x0F, 0xEF, 0xBF, 0xBF, 0x80, 0x98, 0x3E, 0xF5, 0x55, 0x5F, 0xEB, 0xFD, 0x56, 0xF9, 0x56, 0xEF,
    0xBF, 0xBB, 0x03, 0xFF, 0xFC, 0xD5, 0x5C, 0xC1, 0x55, 0xCF, 0xF0, 0x39, 0x55, 0x53, 0xFF, 0xFF,
    0xFF, 0xFF, 0xFF, 0xFC, 0x26, 0x90, 0x3E, 0xFB, 0xF0, 0xDA, 0x9A, 0x50, 0xFF, 0x05, 0x5C, 0x55,
    0x55, 0x55, 0x55, 0x55, 0x55, 0x55, 0x55, 0x55, 0x55, 0x55, 0x15, 0x55, 0x50, 0x00, 0x00, 0x00,
    0x35, 0x95, 0x55, 0x59, 0x55, 0xA5, 0x96, 0x55, 0x96, 0x59, 0x56, 0x59, 0x50, 0x00, 0xEF, 0xBE,
    0xFB, 0xFC, 0xFE, 0xEB, 0xEF, 0xBF, 0x02, 0xC0, 0x00, 0x00, 0x00, 0x55, 0x54, 0x01, 0x55, 0xA4,
    0x03, 0xFF, 0xFF, 0xF0, 0x0E, 0xFB, 0xEB, 0xFB, 0xC0, 0x98, 0x3E, 0xF5, 0x55, 0x56, 0xBF, 0xB5,
    0x56, 0xF9, 0x56, 0xFB, 0xFB, 0xFB, 0x03, 0xFF, 0xFC, 0xD5, 0x54, 0x01, 0x55, 0xCF, 0xFC, 0x03,
    0x58, 0xA3, 0xFF, 0xFF, 0xFF, 0xFF, 0xFF, 0xFC, 0x05, 0x50, 0x3F, 0xBE, 0xB0, 0x59, 0x69, 0x98,
    0x3C, 0x35, 0x55, 0x55, 0x55, 0x55, 0x55, 0x55, 0x55, 0x55, 0x55, 0x55, 0x55, 0x54, 0x15, 0x55,
    0x54, 0x00, 0x00, 0x00, 0x25, 0x5B, 0xFD, 0x55, 0x96, 0x55, 0x96, 0x69, 0x5A, 0x5A, 0x69, 0x65,
    0x9C, 0x0C, 0x3E, 0xBE, 0xFB, 0xEC, 0xEF, 0xFE, 0xFB, 0xEF, 0x00, 0x00, 0x00, 0x00, 0x02, 0x55,
    0x55, 0x00, 0x3A, 0x9C, 0x03, 0xFF, 0xFF, 0xF0, 0x0F, 0xBF, 0xFE, 0xFB, 0xC0, 0x98, 0x3F, 0xBE,
    0x55, 0x55, 0x55, 0xF5, 0x5B, 0xED, 0x56, 0xFB, 0xEF, 0xBF, 0x03, 0xFF, 0xFF, 0x15, 0x56, 0x0D,
    0x55, 0xFF, 0xFC, 0xC1, 0x58, 0x03, 0xFF, 0xFF, 0xFF, 0xFF, 0xFF, 0xFC, 0x02, 0xA0, 0x3B, 0xBF,
    0xC2, 0x66, 0x96, 0x94, 0x3C, 0x15, 0x55, 0x55, 0x55, 0x55, 0x55, 0x55, 0x55, 0x55, 0x55, 0x55,
    0x55, 0x54, 0x15, 0x55, 0x54, 0x00, 0x00, 0x00, 0x16, 0x00, 0x00, 0x16, 0x59, 0x59, 0x65, 0x56,
    0x65, 0x96, 0x59, 0x65, 0x94, 0x07, 0x0F, 0xEF, 0xBE, 0xBC, 0xFB, 0xBE, 0xBE, 0xFC, 0x00, 0x00,
    0x00, 0x00, 0x00, 0x55, 0x55, 0x40, 0x00, 0x00, 0x0F, 0xFF, 0xFF, 0xC0, 0x3F, 0xBE, 0xBE, 0xFE,
    0xC0, 0x5C, 0x3B, 0xEF, 0x95, 0x55, 0x55, 0x55, 0x5F, 0xBD, 0x56, 0xFE, 0xFE, 0xFF, 0x03, 0xFF,
    0xFF, 0x15, 0x55, 0x55, 0x55, 0x3F, 0xF2, 0x55, 0x55, 0x83, 0xFF, 0xFF, 0xFF, 0xFF, 0xFF, 0xFF,
    0x00, 0x00, 0xFB, 0xEB, 0xC1, 0xA6, 0x9A, 0x68, 0x3C, 0x15, 0x55, 0x55, 0x55, 0x55, 0x55, 0x55,
    0x55, 0x55, 0x55, 0x55, 0x55, 0x54, 0x15, 0x55, 0x54, 0x00, 0x00, 0x00, 0xA0, 0x00, 0x00, 0xD6,
    0x59, 0x59, 0x65, 0x96, 0x65, 0xD6, 0xD6, 0x99, 0x64, 0x0D, 0xC3, 0xFB, 0xEF, 0xFC, 0xFB, 0xEB,
    0xEF, 0xB0, 0x3F, 0xFF, 0xFF, 0xFF, 0xC3, 0x55, 0x55, 0x40, 0x00, 0x00, 0x00, 0x0F, 0xFF, 0x00,
    0x3E, 0xFB, 0xEF, 0xAF, 0xC0, 0x50, 0x3F, 0xEF, 0xD5, 0x55, 0x55, 0x55, 0x5A, 0xBD, 0x56, 0xEF,
    0xBE, 0xEB, 0x03, 0xFF, 0xFF, 0x15, 0x55, 0x55, 0x56, 0x3F, 0xF1, 0x55, 0x55, 0x53, 0xFF, 0xFF,
    0xFF, 0xFF, 0xFF, 0xFF, 0xC0, 0x00, 0xFE, 0xFE, 0xC2, 0x99, 0x69, 0x64, 0x00, 0x55, 0x55, 0x55,
    0x55, 0x55, 0x55, 0x55, 0x55, 0x55, 0x55, 0x55, 0x55, 0x54, 0x15, 0x55, 0x54, 0x00, 0x00, 0x03,
    0x00, 0x03, 0x55, 0x55, 0x55, 0x96, 0x59, 0x69, 0x69, 0x69, 0x56, 0x5D, 0x67, 0x01, 0x70, 0xFE,
    0xFB, 0xEC, 0xFE, 0xFF, 0xEF, 0xC0, 0xFF, 0xFF, 0xFC, 0xFE, 0xC1, 0x55, 0x55, 0x60, 0x00, 0x00,
    0x00, 0x00, 0x0C, 0x00, 0xFE, 0xFB, 0xFB, 0xFE, 0xC3, 0x50, 0x3E, 0xFB, 0xD5, 0xA9, 0x55, 0x55,
    0x55, 0x55, 0x56, 0xFB, 0xEF, 0xFF, 0x03, 0xFF, 0xFF, 0x05, 0x55, 0x55, 0x67, 0x3F, 0xF1, 0x55,
    0x55, 0x53, 0xFF, 0xFF, 0xFF, 0xFF, 0xFF, 0xFF, 0xFF, 0x00, 0xFE, 0xFE, 0xC2, 0x5A, 0x65, 0xA4,
    0x00, 0x55, 0x55, 0x55, 0x55, 0x55, 0x55, 0x55, 0x55, 0x55, 0x55, 0x55, 0x55, 0x57, 0x05, 0x55,
    0x54, 0x00, 0x00, 0x0C, 0x00, 0x95, 0x55, 0x5B, 0xFF, 0x55, 0x59, 0x65, 0xD7, 0x56, 0x75, 0xD5,
    0x95, 0x02, 0x9C, 0x3F, 0xF0, 0xEC, 0xEF, 0xBE, 0xFA, 0xC3, 0xFB, 0xEF, 0x00, 0x3F, 0x01, 0x55,
    0x55, 0x50, 0xEA, 0xC0, 0x00, 0x00, 0x00, 0x03, 0xFB, 0xEF, 0xBF, 0xBE, 0xC2, 0x90, 0xFB, 0xFB,
    0x95, 0xBF, 0x95, 0x55, 0x55, 0x55, 0x55, 0xBE, 0xFB, 0xBF, 0x03, 0xFF, 0xFF, 0xC9, 0x59, 0x56,
    0x54, 0xFF, 0xF3, 0x55, 0x55, 0x63, 0xFF, 0xFF, 0xFF, 0xFF, 0xFF, 0xFF, 0xFF, 0xC0, 0xFF, 0xAF,
    0x82, 0x66, 0x9A, 0x58, 0x03, 0x55, 0x55, 0x55, 0x55, 0x55, 0x55, 0x55, 0x55, 0x55, 0x55, 0x55,
    0x55, 0x54, 0x03, 0x55, 0x54, 0x00, 0x02, 0x60, 0x05, 0x55, 0x65, 0xC0, 0x00, 0x0D, 0x66, 0x96,
    0x56, 0x6D, 0x65, 0x96, 0x99, 0x02, 0x96, 0x03, 0xCC, 0x3C, 0xFF, 0xAE, 0xFF, 0x0F, 0xBF, 0xC0,
    0x00, 0x3B, 0x05, 0x55, 0x55, 0x50, 0xAA, 0xAA, 0xB0, 0x00, 0x00, 0x0F, 0xFB, 0xEF, 0xEF, 0xBF,
    0x01, 0xA0, 0xFB, 0xBF, 0x95, 0xBF, 0xFA, 0x56, 0x55, 0x55, 0x55, 0x5B, 0xFB, 0xEB, 0x03, 0xFF,
    0xFF, 0xF1, 0x55, 0x95, 0x50, 0xFC, 0x30, 0x0E, 0xAA, 0x43, 0xFF, 0xFF, 0xFF, 0xFF, 0xFF, 0xFF,
    0xFF, 0xC0, 0xFB, 0xFB, 0xF3, 0x65, 0x9A, 0x58, 0x01, 0x55, 0x55, 0x55, 0x55, 0x55, 0x55, 0x55,
    0x55, 0x55, 0x55, 0x55, 0x55, 0x54, 0x00, 0x05, 0x50, 0x09, 0x95, 0x80, 0x15, 0x65, 0x5C, 0x00,
    0x00, 0x00, 0x56, 0x5D, 0x75, 0x95, 0xDA, 0x65, 0x59, 0x00, 0x69, 0x80, 0x15, 0x0C, 0xFB, 0xFE,
    0xEC, 0x3F, 0xF0, 0x00, 0xE8, 0x3C, 0x05, 0x55, 0x55, 0x50, 0xAA, 0xAA, 0xAA, 0xBC, 0x00, 0x0F,
    0xBE, 0xFE, 0xFB, 0xEB, 0x01, 0x60, 0xFF, 0xBE, 0xD5, 0x7A, 0xFD, 0x55, 0x55, 0x55, 0x65, 0x55,
    0xFE, 0xFF, 0x03, 0xFF, 0xFF, 0xF0, 0x95, 0x55, 0x43, 0xF0, 0x00, 0xC0, 0x14, 0x0F, 0xFF, 0xFF,
    0xFF, 0xFF, 0xFF, 0xFF, 0xFF, 0xC0, 0xFB, 0xFB, 0xF0, 0x69, 0xA5, 0x98, 0x01, 0x55, 0x55, 0x55,
    0x55, 0x55, 0x55, 0x41, 0x55, 0x55, 0x55, 0x55, 0x55, 0x54, 0x00, 0x03, 0x70, 0x55, 0x55, 0x03,
    0x55, 0x55, 0x80, 0x00, 0x00, 0x00, 0x35, 0x65, 0x99, 0xD6, 0x97, 0x5E, 0x65, 0xC0, 0x6A, 0x60,
    0x25, 0x40, 0x3B, 0xEF, 0xEC, 0x3F, 0x00, 0x35, 0x98, 0x3C, 0x35, 0x55, 0x55, 0x50, 0xE6, 0xAA,
    0xAA, 0xAA, 0xA0, 0x0F, 0xEF, 0xBE, 0xFB, 0xFF, 0x02, 0x70, 0xFB, 0xEF, 0xD5, 0x7F, 0xB9, 0x56,
    0xA5, 0x56, 0x55, 0x55, 0xBE, 0xFB, 0x03, 0xFF, 0xFF, 0xFC, 0x0A, 0x6B, 0x0F, 0xC5, 0x54, 0xC1,
    0x55, 0x43, 0xFF, 0xFF, 0xFF, 0xFF, 0xFF, 0xFF, 0xFF, 0xC0, 0xFE, 0xBE, 0xB0, 0xDA, 0x69, 0xA0,
    0x01, 0x55, 0x55, 0x55, 0x55, 0x55, 0x55, 0x00, 0x55, 0x55, 0x70, 0x05, 0x55, 0x54, 0x00, 0x00,
    0x01, 0x56, 0x54, 0x01, 0x56, 0x96, 0x00, 0x00, 0x00, 0x00, 0x0D, 0x66, 0x9D, 0x6D, 0x75, 0x95,
    0xB5, 0x40, 0xA6, 0x98, 0x0D, 0x50, 0x3F, 0xAF, 0xB0, 0x00, 0x39, 0x6A, 0x58, 0x3C, 0x15, 0x55,
    0x55, 0x70, 0xAA, 0x9A, 0xAA, 0x9A, 0xA0, 0x3F, 0xEF, 0xBF, 0xBE, 0xFB, 0x09, 0x40, 0xFB, 0xEF,
    0xD5, 0x6F, 0xB5, 0x5B, 0xFA, 0x95, 0x55, 0x55, 0xBF, 0xBF, 0x03, 0xFF, 0xFF, 0xFF, 0xC0, 0x00,
    0xFF, 0xC5, 0x54, 0x05, 0x55, 0x63, 0xFF, 0xFF, 0xFF, 0xFF, 0xFF, 0xFF, 0xFF, 0xC0, 0xEF, 0xEF,
    0xFC, 0x25, 0x65, 0x80, 0x0D, 0x55, 0x55, 0x55, 0x55, 0x55, 0x54, 0x03, 0x55, 0x55, 0x43, 0xC1,
    0x55, 0x54, 0x00, 0x00, 0x01, 0x65, 0x9C, 0x05, 0x55, 0x54, 0x00, 0x00, 0x00, 0x00, 0x01, 0x99,
    0x66, 0x59, 0x65, 0xE5, 0x56, 0x40, 0x19, 0xA5, 0x01, 0x5C, 0x00, 0xFE, 0xC0, 0x0D, 0x6E, 0x5A,
    0xAC, 0xFC, 0x15, 0x55, 0x55, 0x70, 0x6A, 0xA9, 0xA6, 0xAA, 0x90, 0x3E, 0xFB, 0xEB, 0xFE, 0xFB,
    0x05, 0x83, 0xFE, 0xFA, 0xE5, 0x5B, 0xD5, 0x5B, 0xFF, 0xE5, 0x55, 0x56, 0xFB, 0xEF, 0x03, 0xFF,
    0xFF, 0xFF, 0xFF, 0xFF, 0xFF, 0xC5, 0x56, 0x15, 0x55, 0x53, 0xFF, 0xFF, 0xFF, 0xFF, 0xFF, 0xFF,
    0xFF, 0xC0, 0xFB, 0xEF, 0xAF, 0x02, 0x5B, 0x00, 0x05, 0x55, 0x55, 0x55, 0x55, 0x55, 0x5C, 0x01,
    0x55, 0x55, 0x05, 0x50, 0x55, 0x54, 0x00, 0x00, 0x09, 0x55, 0x50, 0x15, 0x65, 0x9C, 0x00, 0x00,
    0x00, 0x00, 0x00, 0x5D, 0x75, 0xD7, 0x99, 0x6B, 0x5A, 0x70, 0x1A, 0x6A, 0x41, 0x56, 0xF0, 0x03,
    0x0F, 0x58, 0x00, 0xA5, 0x98, 0xFC, 0x15, 0x55, 0x55, 0x70, 0xAA, 0x6A, 0xAA, 0xA9, 0xA0, 0x0F,
    0xBE, 0xFF, 0xAF, 0xBC, 0x06, 0x83, 0xEF, 0xBF, 0xF5, 0x55, 0x55, 0x6F, 0xAF, 0xD5, 0x5A, 0xAB,
    0xEF, 0xEF, 0x03, 0xFF, 0xFF, 0xFF, 0xFF, 0xFF, 0xFF, 0xC5, 0x55, 0x55, 0x55, 0x5C, 0xFF, 0xFF,
    0xFF, 0xFF, 0xFF, 0xFF, 0xFF, 0xF0, 0xFB, 0xFB, 0xFF, 0xC0, 0x00, 0x0F, 0x05, 0x55, 0x55, 0x55,
    0x55, 0x55, 0x50, 0x01, 0x55, 0x57, 0x35, 0xD0, 0x55, 0x50, 0x00, 0x00, 0x0D, 0x5A, 0x70, 0x95,
    0x65, 0x50, 0x00, 0x00, 0x00, 0x00, 0x00, 0xD6, 0x99, 0xA5, 0x9E, 0x55, 0xA5, 0x50, 0x26, 0x9A,
    0x4D, 0x55, 0x55, 0xC0, 0x36, 0x00, 0x0D, 0x6A, 0x58, 0x2C, 0x15, 0x55, 0x55, 0x70, 0x6A, 0xAA,
    0xA9, 0xAA, 0xA0, 0x0F, 0xBE, 0xFB, 0xFB, 0xEC, 0x29, 0x83, 0xEF, 0xBE, 0xB9, 0x55, 0x55, 0x7E,
    0xFB, 0x95, 0x6F, 0xFF, 0xBE, 0xFB, 0x03, 0xFF, 0xFF, 0xFF, 0xFF, 0xFF, 0xFF, 0xC5, 0x55, 0x55,
    0x95, 0x58, 0xFF, 0xFF, 0xFF, 0xFF, 0xFF, 0xFF, 0xFF, 0xC0, 0xFE, 0xBE, 0xFB, 0xF0, 0x00, 0x3C,
    0x35, 0x55, 0x55, 0x55, 0x55, 0x55, 0x50, 0x05, 0x55, 0x54, 0x01, 0xDC, 0x55, 0x50, 0x00, 0x00,
    0x01, 0x55, 0x40, 0x56, 0x56, 0x40, 0x00, 0x00, 0x00, 0x00, 0x00, 0x25, 0xD7, 0x5D, 0x65, 0xD9,
    0x65, 0x90, 0x29, 0xA5, 0x05, 0x95, 0x55, 0x50, 0x14, 0x0E, 0x96, 0x9A, 0x68, 0x3C, 0x15, 0x55,
    0x55, 0x50, 0xAA, 0xA9, 0xAA, 0xA6, 0x9C, 0x0F, 0xFB, 0xEF, 0xBF, 0xEC, 0x19, 0x03, 0xFB, 0xFB,
    0xFD, 0x55, 0x55, 0xBE, 0xFF, 0x55, 0x6E, 0xEB, 0xFB, 0xFC, 0x03, 0xFF, 0xFF, 0xFF, 0xFF, 0xFF,
    0xFF, 0xC5, 0x55, 0x55, 0x55, 0x94, 0xFF, 0xFF, 0xFF, 0xFF, 0xFF, 0xFF, 0xFF, 0xF0, 0xFF, 0xEF,
    0xAF, 0xB3, 0xFF, 0xF8, 0x15, 0x55, 0x55, 0x55, 0x55, 0x55, 0x50, 0x05, 0x55, 0x54, 0x01, 0xB4,
    0x15, 0x50, 0x00, 0x00, 0x01, 0x65, 0x42, 0x56, 0x55, 0x40, 0x00, 0x00, 0x00, 0x00, 0x00, 0x39,
    0x66, 0x5A, 0x75, 0x9E, 0x5D, 0x50, 0x09, 0xA6, 0x35, 0x59, 0x55, 0x58, 0x2A, 0x59, 0xA6, 0x9A,
    0xA7, 0x3C, 0x15, 0x55, 0x55, 0x50, 0xE6, 0xAA, 0x9A, 0xAA, 0xA8, 0x03, 0xFB, 0xEF, 0xEE, 0xF0,
    0xD5, 0x0F, 0xBE, 0xFB, 0xEE, 0x55, 0x56, 0xFB, 0xED, 0x55, 0x6F, 0xFE, 0xFB, 0xAC, 0x0F, 0xFF,
    0xFF, 0xFF, 0xFF, 0xFF, 0xFF, 0xC9, 0x56, 0x55, 0xE5, 0x58, 0xFF, 0xFF, 0xFF, 0xFF, 0xFF, 0xFF,
    0xFF, 0xF0, 0xFB, 0xEF, 0xFE, 0xB3, 0xFF, 0xBC, 0x15, 0x55, 0x55, 0x55, 0x55, 0x55, 0x50, 0x15,
    0x55, 0x54, 0x03, 0x54, 0x15, 0x40, 0x00, 0x00, 0x01, 0x55, 0xC1, 0x65, 0x69, 0xC0, 0x00, 0x00,
    0x00, 0x00, 0x00, 0x06, 0x75, 0xE7, 0x5B, 0x55, 0xD6, 0x9C, 0x0A, 0x67, 0x15, 0x65, 0x96, 0x55,
    0x09, 0xA9, 0x69, 0x65, 0x58, 0x0C, 0x15, 0x55, 0x55, 0x50, 0x2A, 0x9B, 0xAA, 0x9A, 0xA7, 0x00,
    0x3E, 0xFE, 0xFE, 0xF0, 0x67, 0x0F, 0xBE, 0xFE, 0xFF, 0xA5, 0x6B, 0xEF, 0xB5, 0x55, 0xBE, 0xBE,
    0xFF, 0xFC, 0x0F, 0xFF, 0xFF, 0xFF, 0xFF, 0xFF, 0xFF, 0xC1, 0x55, 0x66, 0x05, 0x58, 0xFF, 0xFF,
    0xFF, 0xFF, 0xFF, 0xFF, 0xFF, 0xF0, 0x3B, 0xFA, 0xFB, 0xF3, 0xEF, 0xAC, 0x15, 0x55, 0x55, 0x55,
    0x55, 0x55, 0x50, 0x15, 0x55, 0x54, 0x05, 0xF4, 0x15, 0x40, 0x00, 0x00, 0x01, 0x99, 0x01, 0x55,
    0x55, 0x00, 0x00, 0x00, 0x00, 0x00, 0x00, 0x07, 0x59, 0x96, 0x96, 0x75, 0x96, 0x58, 0x06, 0x64,
    0x16, 0x55, 0x96, 0x59, 0xC1, 0xA6, 0x96, 0x6B, 0x00, 0x0C, 0x15, 0x55, 0x55, 0x50, 0x1A, 0xA9,
    0xA6, 0xAA, 0xAA, 0xC0, 0x03, 0xFB, 0xEF, 0xC0, 0x58, 0x0F, 0xEF, 0xAF, 0xBB, 0xFA, 0xBF, 0xBE,
    0xF5, 0x56, 0xFB, 0xEF, 0xAE, 0xFC, 0x0F, 0xFF, 0xFF, 0xFF, 0xFF, 0xFF, 0xFF, 0xF2, 0x55, 0x58,
    0x35, 0x50, 0xFF, 0xFF, 0xFF, 0xFF, 0xFF, 0xFF, 0xFF, 0xF0, 0x3E, 0xBF, 0xBB, 0xF3, 0xEE, 0xFC,
    0x15, 0x55, 0x55, 0x55, 0x55, 0x55, 0x40, 0x15, 0x55, 0x54, 0xD9, 0x74, 0x15, 0x40, 0x00, 0x00,
    0x02, 0x55, 0x0D, 0x5A, 0x55, 0x00, 0x00, 0x00, 0x00, 0x00, 0x00, 0x0D, 0x6D, 0x79, 0xD6, 0x69,
    0x69, 0x64, 0x0E, 0x58, 0xD5, 0x59, 0x55, 0x95, 0x41, 0x56, 0xA0, 0x00, 0x00, 0x3C, 0x15, 0x55,
    0x55, 0x50, 0xEA, 0xAA, 0xAA, 0xA9, 0xA9, 0xB0, 0x00, 0x0F, 0x00, 0x00, 0x00, 0x3E, 0xFB, 0xFF,
    0xBF, 0xBF, 0xFB, 0xFB, 0xD5, 0x56, 0xFB, 0xFF, 0xFE, 0xEC, 0x0F, 0xFF, 0xFF, 0xFF, 0xFF, 0xFF,
    0xFF, 0xFC, 0x95, 0x50, 0x15, 0x53, 0xFF, 0xFF, 0xFF, 0xFF, 0xFF, 0xFF, 0xFF, 0xF0, 0x3F, 0xEF,
    0xBE, 0xF3, 0xBE, 0xFC, 0x15, 0x55, 0x55, 0x55, 0x55, 0x55, 0x40, 0x35, 0x55, 0x54, 0x1F, 0x54,
    0x15, 0x00, 0x00, 0x00, 0x00, 0x65, 0x09, 0x55, 0x65, 0x00, 0x00, 0x00, 0x54, 0x00, 0x00, 0x01,
    0x96, 0x59, 0x6D, 0x5E, 0x59, 0x64, 0x00, 0x0C, 0x59, 0x65, 0x69, 0x56, 0x43, 0x00, 0x00, 0x00,
    0x3F, 0xE0, 0x15, 0x55, 0x55, 0x50, 0x29, 0xA6, 0xAA, 0x9E, 0x9A, 0xAC, 0x00, 0x00, 0x00, 0x00,
    0x00, 0xFE, 0xFB, 0xEB, 0xEF, 0xBE, 0xFB, 0xEF, 0xB5, 0x5B, 0xEF, 0xBA, 0xFB, 0xE0, 0x0F, 0xFF,
    0xFF, 0xFF, 0xFF, 0xFF, 0xFF, 0xFC, 0x39, 0xC3, 0x05, 0x63, 0xFF, 0xFF, 0xFF, 0xFF, 0xFF, 0xFF,
    0xFF, 0xF0, 0x3B, 0xEE, 0xFE, 0xF3, 0xFB, 0xEC, 0xD5, 0x55, 0x55, 0x55, 0x55, 0x55, 0x40, 0x05,
    0x55, 0x54, 0x17, 0xD4, 0x17, 0x00, 0x00, 0x00, 0x00, 0x55, 0x05, 0x95, 0x97, 0x00, 0x00, 0x01,
    0x55, 0x00, 0x00, 0x02, 0x97, 0x9D, 0x65, 0xD5, 0xD7, 0x57, 0x00, 0x00, 0x55, 0x65, 0x55, 0x65,
    0x80, 0x00, 0x03, 0xFF, 0xBE, 0xF0, 0x15, 0x55, 0x55, 0x50, 0xDA, 0xAA, 0x9A, 0xAA, 0xAA, 0x9A,
    0xC0, 0x00, 0x00, 0x00, 0x00, 0xFF, 0xBE, 0xFE, 0xFB, 0xEF, 0xBE, 0xFE, 0xFA, 0xBF, 0xBE, 0xFF,
    0xBF, 0xB0, 0x3F, 0xFF, 0xFF, 0xFF, 0xFF, 0xFF, 0xFF, 0xFF, 0xC0, 0x3F, 0xC3, 0x83, 0xFF, 0xFF,
    0xFF, 0xFF, 0xFF, 0xFF, 0xFF, 0xF0, 0x3E, 0xFB, 0xEF, 0xB3, 0xEF, 0xBC, 0x55, 0x55, 0x55, 0x55,
    0x55, 0x55, 0x40, 0x15, 0x55, 0x54, 0x25, 0x78, 0xD4, 0x00, 0x00, 0x00, 0x00, 0x96, 0x09, 0x59,
    0x57, 0x00, 0x00, 0x05, 0x55, 0x00, 0x00, 0x01, 0x79, 0x66, 0xD6, 0x99, 0x65, 0x97, 0x03, 0xF0,
    0x56, 0x56, 0x96, 0x59, 0xC3, 0xFE, 0xFE, 0xFB, 0xEF, 0xB0, 0x55, 0x55, 0x55, 0x50, 0xEA, 0xAA,
    0xA9, 0xA6, 0xAA, 0xAA, 0xAC, 0x00, 0x00, 0x00, 0x00, 0x3B, 0xEF, 0xBF, 0xBE, 0xFB, 0xEF, 0xBE,
    0xFF, 0xFB, 0xFB, 0xEF, 0xBE, 0xF0, 0x3F, 0xFF, 0xFF, 0xFF, 0xFF, 0xFF, 0xFF, 0xFF, 0xFF, 0xFF,
    0xFC, 0x0F, 0xFF, 0xFF, 0xFF, 0xFF, 0xFF, 0xFF, 0xFF, 0xFC, 0x0E, 0xFB, 0xEB, 0xF3, 0xBE, 0xF0,
    0x55, 0x55, 0x55, 0x55, 0x55, 0x55, 0xC0, 0xD5, 0x55, 0x54, 0x2D, 0x74, 0x50, 0x00, 0x00, 0x00,
    0x00, 0xD6, 0x05, 0x65, 0x67, 0x00, 0x00, 0x05, 0x55, 0x40, 0x00, 0x02, 0x59, 0xE5, 0x9D, 0x79,
    0x69, 0x95, 0x03, 0xF0, 0x56, 0x55, 0x56, 0x55, 0x0F, 0xAF, 0xEF, 0xBE, 0xFB, 0xC0, 0x55, 0x55,
    0x55, 0x50, 0xE6, 0x9A, 0x6E, 0xAA, 0x9A, 0x6A, 0x6A, 0xA8, 0x00, 0x00, 0x00, 0x3F, 0xEF, 0xBB,
    0xEF, 0xFB, 0xEF, 0xBF, 0xBE, 0xFB, 0xEF, 0xBE, 0xFB, 0xF0, 0x3F, 0xFF, 0xFF, 0xFF, 0xFF, 0xFF,
    0xFF, 0xFF, 0xFF, 0xFF, 0xFF, 0xFF, 0xFF, 0xFF, 0xFF, 0xFF, 0xFF, 0xFF, 0xFF, 0xFC, 0x0F, 0xBE,
    0xFE, 0xF3, 0xFB, 0xE0, 0x55, 0x55, 0x55, 0x55, 0x55, 0x55, 0x00, 0x55, 0x55, 0x54, 0x17, 0xDC,
    0x50, 0x00, 0x00, 0x00, 0x00, 0x15, 0x09, 0x65, 0x57, 0x00, 0x00, 0x05, 0x55, 0xC0, 0x00, 0x02,
    0x99, 0x5D, 0x69, 0x57, 0x95, 0x69, 0x03, 0xE3, 0x59, 0x65, 0x95, 0x65, 0x0F, 0xFB, 0xEB, 0xEF,
    0xBE, 0xC3, 0x55, 0x55, 0x55, 0x50, 0xDA, 0xAA, 0xA6, 0xA9, 0xAA, 0xAA, 0xA6, 0xA0, 0x0C, 0x02,
    0x80, 0x0F, 0xBE, 0xFE, 0xFB, 0xBE, 0xFE, 0xFB, 0xEF, 0xBE, 0xFE, 0xFB, 0xEF, 0x80, 0x3F, 0xFF,
    0xFF, 0xFF, 0xFF, 0xFF, 0xFF, 0xFF, 0xFF, 0xFF, 0xFF, 0xFF, 0xFF, 0xFF, 0xFF, 0xFF, 0xFF, 0xFF,
    0xFF, 0xFC, 0x0F, 0xBE, 0xFE, 0xF3, 0xEF, 0xB0, 0x55, 0x54, 0x35, 0x55, 0x55, 0x55, 0x01, 0x55,
    0x55, 0x54, 0x17, 0x50, 0x40, 0x00, 0x00, 0x00, 0x00, 0x19, 0x0D, 0x56, 0x97, 0x00, 0x00, 0x05,
    0x55, 0x00, 0x00, 0x01, 0xA7, 0x5A, 0x76, 0xD5, 0x67, 0x55, 0x03, 0xE0, 0x55, 0x59, 0x65, 0x94,
    0x3E, 0xBE, 0xBE, 0xFB, 0xEF, 0xC1, 0x55, 0x55, 0x55, 0x50, 0xAA, 0xA6, 0xAA, 0x6A, 0xAA, 0xA6,
    0xA9, 0xC0, 0x14, 0x01, 0x80, 0x03, 0xFB, 0xEF, 0xBF, 0xBE, 0xFB, 0xEF, 0xEF, 0xBE, 0xFB, 0xEF,
    0xEF, 0xC0, 0xFF, 0xFF, 0xFF, 0xFF, 0xFF, 0xFF, 0xFF, 0xFF, 0xFF, 0xFF, 0xFF, 0xFF, 0xFF, 0xFF,
    0xFF, 0xFF, 0xFF, 0xFF, 0xFF, 0xFF, 0x0F, 0xEF, 0xAF, 0xB3, 0xEF, 0xB0, 0x55, 0xC0, 0x05, 0x55,
    0x55, 0x54, 0x01, 0x55, 0x55, 0x54, 0xED, 0x70, 0x40, 0x00, 0x00, 0x00, 0x00, 0x25, 0x0D, 0x55,
    0x57, 0x00, 0x00, 0x05, 0x55, 0x00, 0x00, 0x0D, 0x75, 0xB5, 0x56, 0x69, 0x65, 0x95, 0x00, 0xFC,
    0x5C, 0x95, 0x56, 0x54, 0x3F, 0xEF, 0xFE, 0xFA, 0xFA, 0xC1, 0x55, 0x55, 0x55, 0x50, 0xE6, 0xAA,
    0xAA, 0xAA, 0xA6, 0xAA, 0xA8, 0x00, 0x50, 0x0D, 0x40, 0x03, 0xFB, 0xFB, 0xEF, 0xEF, 0xBF, 0xBE,
    0xFB, 0xEF, 0xBF, 0xBE, 0xFA, 0x00, 0xFF, 0xFF, 0xFF, 0xFF, 0xFF, 0xFF, 0xFF, 0xFF, 0xFF, 0xFF,
    0xFF, 0xFF, 0xFF, 0xFF, 0xFF, 0xFF, 0xFF, 0xFF, 0xFF, 0xFF, 0x03, 0xEF, 0xFB, 0xF0, 0xFB, 0xF0,
    0x54, 0x05, 0x55, 0x55, 0x55, 0x54, 0x01, 0x55, 0x55, 0x50, 0x9D, 0x71, 0x40, 0x00, 0x00, 0x00,
    0x00, 0x05, 0x01, 0x69, 0x65, 0x00, 0x00, 0x01, 0x54, 0x00, 0x00, 0x0E, 0x59, 0x67, 0x9D, 0x67,
    0x59, 0x69, 0xC0, 0xFC, 0x00, 0x16, 0x59, 0x5C, 0xFA, 0xFA, 0xEF, 0xAF, 0xBF, 0xC1, 0x55, 0x55,
    0x55, 0x50, 0xEA, 0xA9, 0xAA, 0x9A, 0xAA, 0x9E, 0x50, 0x09, 0x40, 0x0A, 0x40, 0xC0, 0xFE, 0xBE,
    0xFA, 0xFF, 0xBE, 0xFB, 0xFB, 0xEF, 0xBE, 0xFB, 0xFF, 0x00, 0xFF, 0xFF, 0xFF, 0xFF, 0xFF, 0xFF,
    0xFF, 0xFF, 0xFF, 0xFF, 0xFF, 0xFF, 0xFF, 0xFF, 0xFF, 0xFF, 0xFF, 0xFF, 0xFF, 0xFF, 0x03, 0xFA,
    0xFB, 0xE0, 0xBE, 0xE0, 0x50, 0x55, 0x55, 0x55, 0x55, 0x54, 0x01, 0x55, 0x55, 0x50, 0x77, 0x71,
    0x00, 0x00, 0x00, 0x00, 0x00, 0x05, 0x81, 0x55, 0x55, 0x00, 0x00, 0x00, 0xD0, 0x00, 0x00, 0x05,
    0x9B, 0x56, 0x59, 0xD6, 0x5A, 0x55, 0x40, 0xEB, 0x3C, 0x16, 0x55, 0x90, 0xFF, 0xBF, 0xEB, 0xFF,
    0xBE, 0xC1, 0x55, 0x55, 0x55, 0x50, 0xAA, 0x6A, 0xA6, 0xAA, 0x6D, 0xAA, 0x80, 0x15, 0x00, 0x05,
    0x80, 0xF0, 0x3F, 0xEF, 0xFF, 0xBB, 0xEF, 0xEF, 0xBE, 0xFB, 0xEF, 0xEF, 0xAF, 0x03, 0xFF, 0xFF,
    0xFF, 0xFF, 0xFF, 0xFF, 0xFF, 0xFF, 0xFF, 0xFF, 0xFF, 0xFF, 0xFF, 0xFF, 0xFF, 0xFF, 0xFF, 0xFF,
    0xFF, 0xFF, 0xC3, 0xBF, 0xBE, 0xFC, 0xEF, 0xE0, 0x71, 0x55, 0x55, 0x55, 0x55, 0x54, 0x01, 0x55,
    0x55, 0x73, 0x75, 0x41, 0x00, 0x00, 0x00, 0x00, 0x00, 0x05, 0x81, 0x56, 0x95, 0x00, 0x00, 0x00,
    0x00, 0x00, 0x00, 0x09, 0x96, 0x6D, 0x75, 0x95, 0xA5, 0x96, 0x40, 0xFF, 0xBF, 0x05, 0x6F, 0x73,
    0xEB, 0xEB, 0xBE, 0xFB, 0xEF, 0xC1, 0x55, 0x55, 0x55, 0x50, 0xE6, 0xAA, 0xAA, 0xA7, 0x9A, 0xA6,
    0xC0, 0x97, 0x00, 0x29, 0x80, 0xFC, 0x0F, 0xEF, 0xAF, 0xFB, 0xEF, 0xBE, 0xFE, 0xFB, 0xFB, 0xEF,
    0xFC, 0x03, 0xFF, 0xFF, 0xFF, 0xFF, 0xFF, 0xFF, 0xFF, 0xFF, 0xFF, 0xFF, 0xFF, 0xFF, 0xFF, 0xFF,
    0xFF, 0xFF, 0xFF, 0xFF, 0xFF, 0xFF, 0xC0, 0xFB, 0xEF, 0xBC, 0xFB, 0xFC, 0x41, 0x55, 0x55, 0x55,
    0x55, 0x54, 0x05, 0x55, 0x55, 0x41, 0x5D, 0xC5, 0x00, 0x00, 0x00, 0x00, 0x00, 0x05, 0x42, 0x65,
    0x59, 0x00, 0x00, 0x00, 0x00, 0x00, 0x00, 0x35, 0xA5, 0xD5, 0xA6, 0x69, 0x55, 0x96, 0x40, 0xFB,
    0xFB, 0xC3, 0x00, 0x03, 0xFE, 0xFF, 0xBE, 0xEB, 0xEF, 0xC1, 0x55, 0x55, 0x55, 0x50, 0xEA, 0xA9,
    0xA9, 0xB6, 0xAA, 0xA9, 0x01, 0x60, 0x00, 0x19, 0x00, 0xEF, 0x03, 0xBE, 0xFA, 0xFE, 0xFB, 0xFB,
    0xEF, 0xBF, 0xBE, 0xFE, 0xFC, 0x0F, 0xFF, 0xFF, 0xFF, 0xFF, 0xFF, 0xFF, 0xFF, 0xFF, 0xFF, 0xFF,
    0xFF, 0xFF, 0xFF, 0xFF, 0xFF, 0xFF, 0xFF, 0xFF, 0xFF, 0xFF, 0xC0, 0xFE, 0xFB, 0xEC, 0xFE, 0xBC,
    0xC5, 0x55, 0x55, 0x55, 0x55, 0x55, 0x55, 0x55, 0x55, 0x05, 0xDD, 0x05, 0x00, 0x00, 0x0C, 0x00,
    0x00, 0x09, 0x43, 0x55, 0x59, 0x80, 0x00, 0x00, 0x00, 0x00, 0x00, 0x26, 0x5D, 0x5A, 0x59, 0x66,
    0x99, 0x65, 0x40, 0xFE, 0xFB, 0xF0, 0x0C, 0x0E, 0xBE, 0xFA, 0xFB, 0xFE, 0xFA, 0xC1, 0x55, 0x55,
    0x55, 0x50, 0xDA, 0x9B, 0x9A, 0xAA, 0xAA, 0x69, 0x02, 0xC0, 0x20, 0x19, 0x03, 0xFF, 0x00, 0xFE,
    0xFF, 0xAF, 0xFB, 0xEF, 0xBF, 0xBE, 0xFE, 0xFB, 0xF0, 0x0F, 0xFF, 0xFF, 0xFF, 0xFF, 0xFF, 0xFF,
    0xFF, 0xFF, 0xFF, 0xFF, 0xFF, 0xFF, 0xFF, 0xFF, 0xFF, 0xFF, 0xFF, 0xFF, 0xFF, 0xFF, 0xF0, 0x3E,
    0xFB, 0xEC, 0xFF, 0xEC, 0x05, 0x55, 0x55, 0x55, 0x55, 0x55, 0x55, 0x55, 0x54, 0x37, 0xD5, 0x05,
    0x00, 0x00, 0x17, 0x00, 0x00, 0x35, 0x70, 0x59, 0x95, 0x40, 0x00, 0x00, 0x00, 0x00, 0x00, 0xD6,
    0x59, 0x65, 0x9D, 0x57, 0x59, 0x65, 0x70, 0x3E, 0xFB, 0xEF, 0xFF, 0xBF, 0xEB, 0xEF, 0xEF, 0xAF,
    0xBF, 0xC3, 0x55, 0x55, 0x55, 0x50, 0xEA, 0xAA, 0xAA, 0x9A, 0xA6, 0xAA, 0xC0, 0x00, 0xE0, 0xA6,
    0x03, 0xEB, 0xC0, 0x3B, 0xEF, 0xFB, 0xBE, 0xFE, 0xFB, 0xEF, 0xEF, 0xBF, 0xB0, 0x3F, 0xFF, 0xFF,
    0xFF, 0xFF, 0xFF, 0xFF, 0xFF, 0xFF, 0xFF, 0xFF, 0xFF, 0xFF, 0xFF, 0xFF, 0xFF, 0xFF, 0xFF, 0xFF,
    0xFF, 0xFF, 0xF0, 0x3F, 0xBE, 0xFC, 0x3B, 0xEC, 0x05, 0x55, 0x55, 0x55, 0x55, 0x55, 0x55, 0x55,
    0x54, 0x05, 0x74, 0x15, 0x00, 0x00, 0x15, 0x80, 0x00, 0x16, 0x50, 0x95, 0x56, 0x70, 0x00, 0x00,
    0x00, 0x00, 0x00, 0x59, 0x75, 0xA5, 0xD6, 0x95, 0x65, 0x96, 0x70, 0x3B, 0xEF, 0xBE, 0xEB, 0xEB,
    0xFF, 0xBE, 0xEE, 0xFB, 0xEF, 0xC3, 0x55, 0x55, 0x55, 0x50, 0xE6, 0xA9, 0xAA, 0xAA, 0x6A, 0xAA,
    0x80, 0x02, 0xB0, 0x54, 0x03, 0xFE, 0xF0, 0x3F, 0xBE, 0xFB, 0xEF, 0xBE, 0xFB, 0xEF, 0xBF, 0xBE,
    0xC0, 0x3F, 0xFF, 0xFF, 0xFF, 0xFF, 0xFF, 0xFF, 0xFF, 0xFF, 0xFF, 0xFF, 0xFF, 0xFF, 0xFF, 0xFF,
    0xFF, 0xFF, 0xFF, 0xFF, 0xFF, 0xFF, 0xFC, 0x0F, 0xBE, 0xF8, 0x3B, 0xFC, 0x05, 0x55, 0x55, 0x55,
    0x55, 0x55, 0x55, 0x55, 0x50, 0x43, 0x5C, 0x15, 0x00, 0x00, 0x95, 0x50, 0x00, 0x55, 0x50, 0x16,
    0x65, 0x50, 0x00, 0x00, 0x00, 0x00, 0x02, 0x59, 0x65, 0x99, 0x65, 0x79, 0x56, 0x55, 0x50, 0x3F,
    0xBE, 0xBE, 0xFE, 0xFE, 0xBE, 0xBE, 0xFE, 0xFA, 0xFA, 0xC3, 0x55, 0x55, 0x55, 0x50, 0x2A, 0x9A,
    0xA6, 0xA6, 0xAA, 0xA9, 0xAB, 0xAA, 0x40, 0x50, 0x03, 0xBE, 0xFC, 0x03, 0xFB, 0xEF, 0xEF, 0xBF,
    0xBE, 0xFB, 0xFB, 0xEF, 0x00, 0xFF, 0xFF, 0xFF, 0xFF, 0xFF, 0xFF, 0xFF, 0xFF, 0xFF, 0xFF, 0xFF,
    0xFF, 0xFF, 0xFF, 0xFF, 0xFF, 0xFF, 0xFF, 0xFF, 0xFF, 0xFF, 0xFC, 0x0F, 0xEF, 0xBF, 0x3E, 0xBC,
    0x05, 0x55, 0x55, 0x55, 0x55, 0x55, 0x55, 0x55, 0x50, 0x03, 0x90, 0x54, 0x00, 0x00, 0x59, 0x55,
    0xA5, 0x65, 0x94, 0x15, 0x55, 0x94, 0x00, 0x00, 0x00, 0x00, 0x09, 0x56, 0x96, 0x5D, 0x65, 0x56,
    0x96, 0x59, 0x50, 0x3E, 0xFB, 0xEF, 0xBE, 0xFF, 0xEB, 0xEF, 0xBB, 0xEF, 0xBF, 0xC3, 0x55, 0x55,
    0x55, 0x50, 0x1A, 0xAA, 0xAA, 0x6A, 0xAA, 0x6A, 0xAA, 0xAA, 0x43, 0x40, 0x43, 0xEF, 0xAF, 0x00,
    0xEF, 0xBE, 0xFB, 0xEB, 0xEF, 0xBE, 0xFB, 0xEC, 0x03, 0xFF, 0xFF, 0xFF, 0xFF, 0xFF, 0xFF, 0xFF,
    0xFF, 0xFF, 0xFF, 0xFF, 0xFF, 0xFF, 0xFF, 0xFF, 0xFF, 0xFF, 0xFF, 0xFF, 0xFF, 0xFF, 0xFF, 0x03,
    0xEF, 0xBF, 0x3F, 0xEC, 0x05, 0x55, 0x55, 0x55, 0x55, 0x55, 0x55, 0x55, 0x50, 0xF5, 0x43, 0x54,
    0x00, 0x00, 0x55, 0xA5, 0x55, 0x95, 0x54, 0x35, 0x99, 0x56, 0x00, 0x00, 0x00, 0x00, 0x25, 0xA5,
    0x5A, 0x56, 0x5A, 0x95, 0x65, 0x59, 0x60, 0x3E, 0xFB, 0xEF, 0xBE, 0xEB, 0xFF, 0xEF, 0xBF, 0xBF,
    0xBE, 0xC0, 0x55, 0x55, 0x55, 0x50, 0x2A, 0x6A, 0x9B, 0xAA, 0xA6, 0xAA, 0x69, 0xAA, 0x80, 0x01,
    0x42, 0xFB, 0xFF, 0x00, 0x3F, 0xBE, 0xFB, 0xFE, 0xFB, 0xFE, 0xFE, 0xFC, 0x03, 0xFF, 0xFF, 0xFF,
    0xFF, 0xFF, 0xFF, 0xFF, 0xFF, 0xFF, 0xFF, 0xFF, 0xFF, 0xFF, 0xFF, 0xFF, 0xFF, 0xFF, 0xFF, 0xFF,
    0xFF, 0xFF, 0xFF, 0xC0, 0xFB, 0xEB, 0x0F, 0xEC, 0x05, 0x55, 0x55, 0x41, 0x55, 0x55, 0x55, 0x55,
    0x50, 0x55, 0xC1, 0x54, 0x00, 0x02, 0x59, 0x56, 0x59, 0x5A, 0x56, 0x05, 0x59, 0x65, 0x80, 0x00,
    0x00, 0x03, 0x55, 0x59, 0x65, 0xA5, 0x95, 0x69, 0x59, 0x65, 0x90, 0x3F, 0xBE, 0xFB, 0xEF, 0xBE,
    0xBE, 0xFB, 0xEB, 0xBB, 0xEF, 0xC1, 0x55, 0x55, 0x55, 0x5C, 0x2A, 0xA9, 0xB5, 0xAA, 0x6A, 0xAA,
    0xAA, 0xAA, 0x80, 0x05, 0x42, 0xFB, 0xE8, 0x00, 0x0F, 0xFB, 0xEF, 0xBF, 0xBE, 0xEF, 0xAF, 0xF0,
    0x0F, 0xFF, 0xFF, 0xFF, 0xFF, 0xFF, 0xFF, 0xFF, 0xFF, 0xFF, 0xFF, 0xFF, 0xFF, 0xFF, 0xFF, 0xFF,
    0xFF, 0xFF, 0xFF, 0xFF, 0xFF, 0xFF, 0xFF, 0xC0, 0x3E, 0xFF, 0xCE, 0xFB, 0x05, 0x55, 0x55, 0x00,
    0x55, 0x55, 0x55, 0x55, 0x54, 0x3C, 0x05, 0x5C, 0x00, 0x01, 0x65, 0x59, 0x59, 0x55, 0x65, 0xC1,
    0x55, 0x65, 0x5C, 0x00, 0x00, 0x35, 0x59, 0x59, 0x65, 0x59, 0x65, 0x56, 0x95, 0x95, 0x90, 0x0F,
    0xBE, 0xFB, 0xEB, 0xFB, 0xEB, 0xFB, 0xFB, 0xFA, 0xFB, 0xC1, 0x55, 0x55, 0x55, 0x54, 0x29, 0xAA,
    0xAA, 0xA6, 0xAA, 0x9A, 0xAA, 0x9A, 0x70, 0x25, 0x43, 0xEF, 0xBF, 0x00, 0x00, 0xEF, 0xBE, 0xFB,
    0xEF, 0xEF, 0xFB, 0xC0, 0x3F, 0xFF, 0xFF, 0xFF, 0xFF, 0xFF, 0xFF, 0xFF, 0xFF, 0xFF, 0xFF, 0xFF,
    0xFF, 0xFF, 0xFF, 0xFF, 0xFF, 0xFF, 0xFF, 0xFF, 0xFF, 0xFF, 0xFF, 0xF0, 0x0E, 0xFA, 0xC3, 0xBF,
    0x01, 0x55, 0x55, 0x00, 0xD5, 0x55, 0x55, 0x55, 0x54, 0x00, 0x15, 0x50, 0x00, 0x01, 0x65, 0x95,
    0x95, 0xA5, 0x65, 0x43, 0x56, 0x56, 0x55, 0x80, 0x39, 0x65, 0x96, 0x96, 0x59, 0x59, 0x66, 0x95,
    0x56, 0x59, 0x5C, 0x0F, 0xEF, 0xBE, 0xFE, 0xEF, 0xFB, 0xBE, 0xBE, 0xEF, 0xBE, 0xC3, 0x55, 0x55,
    0x55, 0x5C, 0x2A, 0xAA, 0x9A, 0xAA, 0xAA, 0xAA, 0x9A, 0xAA, 0xA8, 0x05, 0x4E, 0xFE, 0xFB, 0x0F,
    0x00, 0x3F, 0xFB, 0xEF, 0xEF, 0xBE, 0xFC, 0x00, 0xFF, 0xFF, 0xFF, 0xFF, 0xFF, 0xFF, 0xFF, 0xFF,
    0xFF, 0xFF, 0xFF, 0xFF, 0xFF, 0xFF, 0xFF, 0xFF, 0xFF, 0xFF, 0xFF, 0xFF, 0xFF, 0xFF, 0xFF, 0xFC,
    0x03, 0xFF, 0xC3, 0xEF, 0x01, 0x55, 0x55, 0x40, 0x55, 0x55, 0x65, 0x55, 0x55, 0x41, 0x55, 0x50,
    0x00, 0x09, 0x55, 0x95, 0x95, 0x56, 0x55, 0x50, 0x56, 0x55, 0x65, 0x55, 0x56, 0x55, 0x95, 0x56,
    0x59, 0x96, 0x55, 0x69, 0x65, 0x55, 0x5C, 0x03, 0xEF, 0xBE, 0xEF, 0xAE, 0xBF, 0xBE, 0xFE, 0xFF,
    0xBE, 0xC3, 0x55, 0x55, 0x55, 0x54, 0x2A, 0x9A, 0xAA, 0x9A, 0xA6, 0xA9, 0xEA, 0x6A, 0x98, 0x05,
    0x4F, 0xBE, 0xFC, 0x0F, 0xC0, 0x03, 0xEF, 0xBE, 0xFB, 0xFB, 0xF0, 0x03, 0xFF, 0xFF, 0xFF, 0xFF,
    0xFF, 0xFF, 0xFF, 0xFF, 0xFF, 0xFF, 0xFF, 0xFF, 0xFF, 0xFF, 0xFF, 0xFF, 0xFF, 0xFF, 0xFF, 0xFF,
    0xFF, 0xFF, 0xFF, 0xFF, 0x00, 0xFB, 0xF3, 0xFF, 0x01, 0x55, 0x55, 0x51, 0x55, 0x55, 0x55, 0x55,
    0x55, 0x55, 0x55, 0x40, 0x00, 0x05, 0x95, 0x59, 0x5A, 0x55, 0x59, 0x55, 0x65, 0x69, 0x56, 0x56,
    0x56, 0x59, 0x59, 0x65, 0x55, 0x96, 0x59, 0x55, 0x65, 0x96, 0x94, 0x00, 0xFB, 0xEB, 0xEF, 0xFF,
    0xEE, 0xFB, 0xEB, 0xEB, 0xEF, 0xC3, 0x55, 0x55, 0x55, 0x5C, 0x29, 0xB9, 0xAA, 0xAA, 0x7A, 0x9E,
    0x6A, 0xA9, 0xA8, 0x05, 0x4F, 0xBB, 0xEC, 0x0F, 0xFC, 0x00, 0x3F, 0xBE, 0xFB, 0xEF, 0x00, 0x0F,
    0xFF, 0xFF, 0xFF, 0xFF, 0xFF, 0xFF, 0xFF, 0xFF, 0xFF, 0xFF, 0xFF, 0xFF, 0xFF, 0xFF, 0xFF, 0xFF,
    0xFF, 0xFF, 0xFF, 0xFF, 0xFF, 0xFF, 0xFF, 0xFF, 0xF0, 0x0F, 0xB0, 0xFA, 0x00, 0x55, 0x55, 0x55,
    0x55, 0x55, 0x55, 0x55, 0x55, 0x55, 0x55, 0x40, 0x00, 0x00, 0x00, 0x55, 0x55, 0x69, 0x59, 0x65,
    0x56, 0x55, 0x96, 0x55, 0x65, 0x59, 0x59, 0x65, 0xA5, 0x65, 0x96, 0x96, 0x55, 0x65, 0x54, 0x00,
    0x3E, 0xFF, 0xBE, 0xBA, 0xFE, 0xEF, 0xBF, 0xBE, 0xEF, 0x80, 0x55, 0x55, 0x55, 0x5C, 0x2A, 0xAA,
    0xA9, 0xAA, 0xA9, 0xAA, 0xA9, 0xAA, 0xA4, 0x05, 0x4E, 0xFB, 0xEC, 0x0F, 0xFF, 0x00, 0x03, 0xFF,
    0xBF, 0xF0, 0x00, 0x3F, 0xFF, 0xFF, 0xFF, 0xFF, 0xFF, 0xFF, 0xFF, 0xFF, 0xFF, 0xFF, 0xFF, 0xFF,
    0xFF, 0xFF, 0xFF, 0xFF, 0xFF, 0xFF, 0xFF, 0xFF, 0xFF, 0xFF, 0xFF, 0xFF, 0xFC, 0x00, 0x30, 0x3F,
    0x00, 0x55, 0x55, 0x55, 0x55, 0x55, 0x55, 0x55, 0x55, 0x55, 0x55, 0x40, 0x00, 0x00, 0x00, 0x26,
    0x65, 0x55, 0x95, 0x96, 0x59, 0x55, 0x95, 0x69, 0x55, 0x95, 0x95, 0x55, 0x56, 0x55, 0x65, 0x56,
    0x59, 0x65, 0x64, 0x04, 0x3F, 0xBB, 0xBB, 0xFF, 0xAF, 0xEF, 0xBE, 0xBE, 0xFB, 0xC0, 0x55, 0x55,
    0x55, 0x54, 0x2A, 0x9A, 0xAA, 0xA9, 0xAA, 0xA6, 0xAA, 0xAA, 0xA8, 0x05, 0x72, 0xFE, 0xF8, 0x0F,
    0xFF, 0xF0, 0x00, 0x00, 0x00, 0x00, 0x03, 0xFF, 0xFF, 0xFF, 0xFF, 0xFF, 0xFF, 0xFF, 0xFF, 0xFF,
    0xFF, 0xFF, 0xFF, 0xFF, 0xFF, 0xFF, 0xFF, 0xFF, 0xFF, 0xFF, 0xFF, 0xFF, 0xFF, 0xFF, 0xFF, 0xFF,
    0xFF, 0xC0, 0x00, 0x00, 0x04, 0x15, 0x55, 0x55, 0x55, 0x55, 0x55, 0x55, 0x55, 0x55, 0x55, 0x00,
    0x00, 0x00, 0x00, 0x05, 0x56, 0x95, 0x95, 0x95, 0x65, 0x99, 0x59, 0x55, 0x99, 0x55, 0x96, 0x9A,
    0x59, 0x5A, 0x55, 0x65, 0x59, 0x56, 0x54, 0x05, 0x0F, 0xBF, 0xBE, 0xEB, 0xFA, 0xFB, 0xEB, 0xEF,
    0xBE, 0xF0, 0x55, 0x55, 0x55, 0x5C, 0x29, 0xAA, 0x6A, 0x6A, 0xA6, 0xAA, 0xA6, 0xA6, 0xA4, 0x05,
    0x53, 0xEF, 0xBC, 0x0F, 0xFF, 0xFF, 0x00, 0x00, 0x00, 0x00, 0x3F, 0xFF, 0xFF, 0xFF, 0xFF, 0xFF,
    0xFF, 0xFF, 0xFF, 0xFF, 0xFF, 0xFF, 0xFF, 0xFF, 0xFF, 0xFF, 0xFF, 0xFF, 0xFF, 0xFF, 0xFF, 0xFF,
    0xFF, 0xFF, 0xFF, 0xFF, 0xFF, 0xFC, 0x00, 0x00, 0x01, 0x35, 0x55, 0x55, 0x55, 0x55, 0x55, 0x55,
    0x55, 0x55, 0x55, 0x00, 0x00, 0x00, 0x00, 0x09, 0x95, 0x59, 0x59, 0x59, 0x65, 0x59, 0x59, 0x59,
    0x59, 0x69, 0x55, 0x55, 0x59, 0x55, 0x59, 0x65, 0x95, 0x95, 0x94, 0x05, 0x43, 0xEE, 0xFE, 0xFE,
    0xFB, 0xFA, 0xFF, 0xEF, 0xBE, 0xF0, 0x55, 0x55, 0x55, 0x5C, 0x1A, 0xAA, 0xA7, 0xAA, 0xAA, 0xAA,
    0x6A, 0xAB, 0x68, 0x05, 0x72, 0xFB, 0xEC, 0x3F, 0xFF, 0xFF, 0xF0, 0x00, 0x00, 0x03, 0xFF, 0xFF,
    0xFF, 0xFF, 0xFF, 0xFF, 0xFF, 0xFF, 0xFF, 0xFF, 0xFF, 0xFF, 0xFF, 0xFF, 0xFF, 0xFF, 0xFF, 0xFF,
    0xFF, 0xFF, 0xFF, 0xFF, 0xFF, 0xFF, 0xFF, 0xFF, 0xFF, 0xFF, 0xF0, 0x00, 0x03, 0x45, 0x55, 0x55,
    0x55, 0x56, 0x55, 0x55, 0x55, 0x55, 0x54, 0x00, 0x00, 0x00, 0x00, 0x0D, 0x59, 0x56, 0x55, 0x59,
    0x56, 0x55, 0x95, 0x95, 0x65, 0x55, 0x69, 0x65, 0x95, 0xA5, 0x96, 0x55, 0x95, 0x59, 0x67, 0x05,
    0x43, 0xEF, 0xEB, 0xEE, 0xEF, 0xAF, 0xBE, 0xBE, 0xFB, 0xF0, 0xD5, 0x55, 0x55, 0x5C, 0x2A, 0xA6,
    0xAA, 0x9A, 0x9A, 0x9A, 0xAA, 0xAA, 0xA8, 0x05, 0x42, 0xFB, 0xEC, 0x3F, 0xFF, 0xFF, 0xFF, 0xFF,
    0x3F, 0xFF, 0xFF, 0xFF, 0xFF, 0xFF, 0xFF, 0xFF, 0xFF, 0xFF, 0xFF, 0xFF, 0xFF, 0xFF, 0xFF, 0xFF,
    0xFC, 0x3F, 0xFF, 0xFF, 0xFF, 0xFF, 0xFF, 0xFF, 0xFF, 0xFF, 0xFF, 0xFF, 0xFF, 0xFF, 0xC0, 0x3F,
    0x00, 0x41, 0x55, 0x55, 0x55, 0x55, 0x55, 0x55, 0x55, 0x55, 0x5C, 0x00, 0x00, 0x00, 0x00, 0x0D,
    0x56, 0x65, 0x66, 0x55, 0x95, 0x65, 0x56, 0x56, 0x56, 0x56, 0x55, 0x55, 0x95, 0x55, 0x95, 0x59,
    0x5A, 0x56, 0x57, 0x0D, 0x50, 0xFB, 0xBF, 0xAF, 0xEF, 0xBF, 0xAF, 0xFA, 0xFB, 0xB0, 0x55, 0x55,
    0x55, 0x50, 0x2A, 0xAA, 0xA9, 0xAA, 0xAA, 0xAA, 0xAA, 0x69, 0xA6, 0x01, 0x43, 0xBE, 0xFC, 0x3F,
    0xFF, 0xFF, 0xFF, 0xFF, 0xFF, 0xFF, 0xFF, 0xFF, 0xFF, 0xFF, 0xFF, 0xFF, 0xFF, 0xFF, 0xFF, 0xFF,
    0xFF, 0xFF, 0xFF, 0xFF, 0xF0, 0x0F, 0xFF, 0xFF, 0xFF, 0xFF, 0xFF, 0xFF, 0xFF, 0xFF, 0xFF, 0xFF,
    0xFF, 0xFF, 0xC0, 0x3C, 0x24, 0x15, 0x55, 0x55, 0x55, 0x55, 0x55, 0x55, 0x55, 0x55, 0x50, 0x00,
    0x00, 0x00, 0x00, 0x05, 0x96, 0x55, 0x95, 0x65, 0x59, 0x65, 0xA5, 0x65, 0x95, 0xA5, 0x56, 0x95,
    0x5A, 0x59, 0x59, 0x95, 0x55, 0x65, 0x57, 0x01, 0x5C, 0x3B, 0xEF, 0xBE, 0xBE, 0xFB, 0xFA, 0xEF,
    0xBF, 0xB0, 0x55, 0x55, 0x55, 0x50, 0x1A, 0x6A, 0x9A, 0xAA, 0x79, 0xAA, 0x6A, 0xAA, 0x9C, 0x00,
    0x03, 0xFE, 0xFC, 0x3F, 0xFF, 0xFF, 0xFF, 0xFF, 0xFF, 0xFF, 0xFF, 0xFF, 0xFF, 0xFF, 0xFF, 0xFF,
    0xFF, 0xFF, 0xFF, 0xFF, 0xFF, 0xFF, 0xFF, 0xFF, 0xF0, 0x03, 0xFF, 0xFF, 0xFF, 0xFF, 0xFF, 0xFF,
    0xFF, 0xFF, 0xFF, 0xFF, 0xFF, 0xFF, 0xC0, 0xFC, 0x14, 0x15, 0x55, 0x55, 0x55, 0x55, 0x55, 0x55,
    0x55, 0x55, 0x70, 0x40, 0x00, 0x00, 0x00, 0x05, 0x59, 0x59, 0x59, 0x65, 0x96, 0x55, 0x55, 0x95,
    0x59, 0x55, 0xA5, 0x5A, 0x55, 0x59, 0x55, 0x5A, 0x65, 0x59, 0x65, 0x01, 0x54, 0x3E, 0xFA, 0xFB,
    0xFA, 0xFA, 0xFF, 0xBF, 0xAF, 0xC0, 0x55, 0x55, 0x55, 0x5C, 0x2A, 0xAA, 0xAA, 0xA6, 0xAA, 0xAA,
    0xA7, 0x9A, 0xC0, 0x00, 0x00, 0xEF, 0xB0, 0x3F, 0xFF, 0xFF, 0xFF, 0xFF, 0xFF, 0xFF, 0xFF, 0xFF,
    0xFF, 0xFF, 0xFF, 0xFF, 0xFF, 0xFF, 0xFF, 0xFF, 0xFF, 0xFF, 0xFF, 0xFF, 0xC0, 0x00, 0xFC, 0x00,
    0xFF, 0xFF, 0xFF, 0xFF, 0xFF, 0xFF, 0xFF, 0xFF, 0xFF, 0xFF, 0x00, 0xF0, 0x57, 0x05, 0x55, 0x55,
    0x55, 0x5A, 0x55, 0x55, 0x55, 0x55, 0x41, 0x50, 0x00, 0x00, 0x00, 0x35, 0x65, 0x95, 0x56, 0x55,
    0x95, 0x5A, 0x59, 0x59, 0x65, 0x59, 0x55, 0x55, 0x65, 0x95, 0xA5, 0x95, 0x56, 0x95, 0x97, 0x01,
    0x54, 0x3E, 0xFF, 0xEF, 0xBF, 0xBF, 0xAF, 0xBB, 0xFA, 0xC0, 0x55, 0x55, 0x55, 0x50, 0x1A, 0xA9,
    0xB6, 0xAA, 0x9A, 0xA6, 0xE6, 0x6C, 0x00, 0x00, 0xFC, 0x3F, 0xB0, 0xFF, 0xFF, 0xFF, 0xFF, 0xFF,
    0xFF, 0xFF, 0xFF, 0xFF, 0xFF, 0xFF, 0xFF, 0xFF, 0xFF, 0xFF, 0xFF, 0xFF, 0xFF, 0xFF, 0xFF, 0xFF,
    0xC0, 0x40, 0x00, 0x00, 0x3F, 0xFF, 0xFF, 0xFF, 0xFF, 0xFF, 0xFF, 0xFF, 0xFF, 0xFC, 0x03, 0xF0,
    0x55, 0x01, 0x55, 0x55, 0x55, 0x55, 0x55, 0x55, 0x55, 0x55, 0x41, 0x50, 0x00, 0x00, 0x00, 0x16,
    0x55, 0x5B, 0x00, 0x25, 0x59, 0x95, 0x59, 0x56, 0x56, 0x59, 0x5A, 0x65, 0x65, 0x59, 0x55, 0x95,
    0x95, 0x55, 0x95, 0x01, 0x55, 0x0F, 0xAE, 0xEF, 0xAF, 0xBF, 0xBE, 0xFB, 0xBF, 0x80, 0x55, 0x55,
    0x55, 0x50, 0xDA, 0x9A, 0xAA, 0xAA, 0xAA, 0xAD, 0x6B, 0x00, 0x00, 0xFF, 0xFC, 0x03, 0xC0, 0xFF,
    0xFF, 0xFF, 0xFF, 0xFF, 0xFF, 0xFF, 0xFF, 0xFF, 0xFF, 0xFF, 0xFF, 0xFF, 0xFF, 0xFF, 0xFF, 0xFF,
    0xFF, 0xFF, 0xFF, 0xFF, 0x02, 0x60, 0x00, 0x30, 0x3F, 0xFF, 0xFF, 0xFF, 0xFF, 0xFF, 0xFF, 0x00,
    0x03, 0xFC, 0x03, 0xF0, 0x55, 0x40, 0x55, 0x55, 0x55, 0x55, 0x55, 0x55, 0x55, 0x55, 0x05, 0x54,
    0x00, 0x00, 0x03, 0x55, 0x59, 0x40, 0x00, 0x16, 0x55, 0x59, 0x95, 0x65, 0x59, 0x55, 0x95, 0x56,
    0x56, 0x55, 0x59, 0x59, 0x65, 0x69, 0x55, 0x01, 0x55, 0x0F, 0xFA, 0xFB, 0xFB, 0xEB, 0xFA, 0xFB,
    0xEF, 0xC3, 0x55, 0x55, 0x55, 0x5C, 0x2A, 0xAA, 0x9A, 0xA6, 0xAA, 0x5A, 0x80, 0x00, 0x0F, 0xFF,
    0xFF, 0xC0, 0x00, 0xFF, 0xFF, 0xFF, 0xFF, 0xFF, 0xFF, 0xFF, 0xFF, 0xFF, 0xFF, 0xFF, 0xFF, 0xFF,
    0xFF, 0xFF, 0xFF, 0xFF, 0xFF, 0xFF, 0xFF, 0xFF, 0x02, 0x5C, 0x02, 0x58, 0x3F, 0xFF, 0xFF, 0xFF,
    0xFF, 0xFF, 0xF0, 0x00, 0x00, 0x30, 0x0F, 0xF0, 0x55, 0x40, 0x35, 0x55, 0x55, 0x55, 0x55, 0x55,
    0x55, 0x55, 0x05, 0x55, 0x00, 0x00, 0x09, 0x55, 0x97, 0x00, 0x0E, 0x59, 0x5C, 0x00, 0x03, 0x55,
    0x95, 0x96, 0x55, 0x96, 0x55, 0xA5, 0x95, 0x65, 0x56, 0x55, 0x65, 0x01, 0x55, 0x0E, 0xFF, 0xBE,
    0xBE, 0xFE, 0xBF, 0xBE, 0xFA, 0xC1, 0x55, 0x55, 0x55, 0x5C, 0x1A, 0xAA, 0xAA, 0x7A, 0xA6, 0xF0,
    0x00, 0x00, 0xFF, 0xFF, 0xFF, 0xC0, 0x03, 0xFF, 0xFF, 0xFF, 0xFF, 0xFF, 0xFF, 0xFF, 0xFF, 0xFF,
    0xFF, 0xFF, 0xFF, 0xFF, 0xFF, 0xFF, 0xFF, 0xFF, 0xFF, 0xFF, 0xFF, 0xFF, 0x01, 0x94, 0x16, 0x5C,
    0x3F, 0xFF, 0xFF, 0xFF, 0xFF, 0xFF, 0xC0, 0x0B, 0x00, 0x00, 0x3F, 0xC1, 0x55, 0x40, 0x01, 0x55,
    0x55, 0x55, 0x55, 0x55, 0x55, 0x57, 0x35, 0x55, 0x00, 0x00, 0xD5, 0x69, 0x50, 0x01, 0x55, 0x55,
    0xC0, 0x00, 0x00, 0x35, 0x65, 0x65, 0x65, 0x95, 0x69, 0x55, 0x96, 0x56, 0x59, 0x56, 0x56, 0x01,
    0x55, 0x4F, 0xAF, 0xBE, 0xFE, 0xBF, 0xEB, 0xEF, 0xBF, 0xC1, 0x55, 0x55, 0x55, 0x54, 0x29, 0xA9,
    0xAA, 0xA9, 0x7C, 0x00, 0x00, 0x3F, 0xFF, 0xFF, 0xFF, 0xFF, 0xFF, 0xFF, 0xFF, 0xFF, 0xFF, 0xFF,
    0xFF, 0xFF, 0xFF, 0xFF, 0xFF, 0xFF, 0xFF, 0xFF, 0xFF, 0xFF, 0xFF, 0xFF, 0xFF, 0xFF, 0xFF, 0xFF,
    0x01, 0xA5, 0xA5, 0x90, 0x3F, 0xFF, 0xFF, 0xFF, 0xFF, 0xFF, 0x03, 0x55, 0x58, 0x00, 0x3F, 0xC1,
    0x55, 0x40, 0x00, 0x55, 0x55, 0x55, 0x55, 0x55, 0x55, 0x54, 0x15, 0x55, 0x40, 0x09, 0x56, 0x55,
    0x40, 0x15, 0x55, 0x97, 0x00, 0x00, 0x00, 0x01, 0x56, 0x55, 0x65, 0x59, 0x55, 0x59, 0x59, 0x56,
    0x55, 0x96, 0x55, 0x01, 0x55, 0x43, 0xFB, 0xEB, 0xEB, 0xEB, 0xFE, 0xEF, 0xBE, 0xC3, 0x55, 0x55,
    0x55, 0x54, 0x2A, 0xAA, 0xAD, 0x9F, 0x00, 0x00, 0x0F, 0xFF, 0xFF, 0xFF, 0xFF, 0xFF, 0xFF, 0xFF,
    0xFF, 0xFF, 0xFF, 0xFF, 0xFF, 0xFF, 0xFF, 0xFF, 0xFF, 0xFF, 0xFF, 0xFF, 0xFF, 0xFF, 0xFF, 0xFF,
    0xFF, 0xFF, 0xFF, 0xFF, 0x01, 0x69, 0x69, 0x90, 0x3F, 0xFF, 0xFF, 0xFF, 0xFF, 0xFF, 0x09, 0x62,
    0xA5, 0x00, 0xFF, 0xC1, 0x55, 0x40, 0xC0, 0x15, 0x55, 0x55, 0x55, 0x55, 0x55, 0x5C, 0x15, 0x55,
    0x50, 0x65, 0x65, 0x55, 0x03, 0x56, 0x59, 0x50, 0x00, 0x00, 0x00, 0x00, 0x59, 0x5A, 0x56, 0x55,
    0x96, 0x55, 0x59, 0x65, 0x65, 0x95, 0x69, 0x01, 0x55, 0x43, 0xBE, 0xFF, 0xBF, 0xFA, 0xEF, 0xEE,
    0xEF, 0xC0, 0x55, 0x55, 0x55, 0x54, 0x2A, 0xA7, 0x96, 0xC0, 0x00, 0x03, 0xFF, 0xFF, 0xFF, 0xFF,
    0xFF, 0xFF, 0xFF, 0xFF, 0xFF, 0xFF, 0xFF, 0xFF, 0xFF, 0xFF, 0xFF, 0xFF, 0xFF, 0xFF, 0xFF, 0xFF,
    0xFF, 0xFF, 0xFF, 0xFF, 0xFF, 0xFF, 0xFF, 0xF0, 0x02, 0x5A, 0x59, 0x60, 0xFF, 0xFF, 0xFF, 0xFF,
    0xFF, 0xFC, 0x06, 0xB0, 0x6A, 0x40, 0xFF, 0x05, 0x55, 0x43, 0xF0, 0x05, 0x55, 0x55, 0x55, 0x55,
    0x55, 0x50, 0x55, 0x55, 0x5C, 0x56, 0x55, 0xA7, 0x0D, 0x56, 0x59, 0x40, 0x00, 0x00, 0x00, 0x00,
    0xD5, 0x95, 0x56, 0x65, 0x95, 0xA5, 0x95, 0x65, 0x65, 0x59, 0x55, 0x01, 0x55, 0xC3, 0xBE, 0xEF,
    0xBE, 0xBF, 0xEB, 0xEF, 0xEB, 0x80, 0x55, 0x55, 0x55, 0x54, 0x39, 0xAA, 0x7C, 0x00, 0x03, 0xFF,
    0xFF, 0xFF, 0xFF, 0xFF, 0xFF, 0xFF, 0xFF, 0xFF, 0xFF, 0xFF, 0xFF, 0xFF, 0x33, 0xFF, 0xFF, 0xFF,
    0xFF, 0xFF, 0xFF, 0xFF, 0xFF, 0xFF, 0xFF, 0xFF, 0xFF, 0xFF, 0xFF, 0x00, 0x02, 0x96, 0x96, 0x40,
    0xFF, 0xFF, 0xFF, 0xFF, 0xFF, 0xFC, 0x26, 0x40, 0x16, 0x60, 0x3C, 0x35, 0x55, 0x43, 0xFF, 0x01,
    0x55, 0x55, 0x55, 0x55, 0x55, 0x41, 0x55, 0x55, 0x54, 0x95, 0x59, 0x5C, 0x35, 0x65, 0x55, 0x00,
    0x00, 0x00, 0x00, 0x00, 0x15, 0x55, 0xA5, 0x56, 0x59, 0x55, 0x96, 0x56, 0x56, 0x56, 0x55, 0x01,
    0x55, 0xCF, 0xEF, 0xEB, 0xEB, 0xEF, 0xBE, 0xBE, 0xBF, 0x80, 0x55, 0x55, 0x55, 0x54, 0x3A, 0xA9,
    0x00, 0x00, 0xFF, 0xFF, 0xFF, 0xFF, 0xFF, 0xFF, 0xFF, 0xFF, 0xFF, 0xFF, 0xFF, 0xFF, 0xFF, 0xC0,
    0x00, 0x0F, 0xFF, 0xFF, 0xFF, 0xFF, 0xFF, 0xFF, 0xFF, 0xFF, 0xFF, 0xFF, 0xFF, 0xFF, 0xFC, 0x00,
    0x09, 0x65, 0xA6, 0x40, 0x3F, 0xFF, 0xFF, 0xFF, 0xFF, 0xFC, 0x19, 0x40, 0x05, 0xA0, 0x3C, 0x15,
    0x55, 0x43, 0xFF, 0x00, 0x15, 0x55, 0x55, 0x55, 0x55, 0x00, 0x55, 0x55, 0x54, 0x95, 0x95, 0x50,
    0x15, 0x55, 0xA4, 0x00, 0x00, 0x00, 0x00, 0x00, 0x09, 0x65, 0x55, 0x95, 0x55, 0x59, 0x55, 0x56,
    0x55, 0x96, 0x69, 0x01, 0x55, 0x0F, 0xEB, 0xFE, 0xFF, 0xEB, 0xEF, 0xFB, 0xFB, 0xF0, 0x55, 0x55,
    0x55, 0x54, 0x36, 0xA4, 0x00, 0x0F, 0xFF, 0xFF, 0xFF, 0xFF, 0xFF, 0xFF, 0xFF, 0xFF, 0xFF, 0xFF,
    0xFF, 0xFF, 0xFC, 0x00, 0x00, 0x00, 0xFF, 0xFF, 0xFF, 0xFF, 0xFF, 0xFF, 0xFF, 0xFF, 0xFF, 0xFF,
    0xFF, 0xFF, 0xF0, 0x00, 0x96, 0x69, 0x66, 0x60, 0x3F, 0xFF, 0xFF, 0xFF, 0xFF, 0xF0, 0x19, 0x0C,
    0x03, 0x9C, 0x00, 0xD5, 0x55, 0x43, 0xFF, 0xF0, 0x01, 0x55, 0x55, 0x55, 0x54, 0x00, 0x55, 0x55,
    0x54, 0x59, 0x56, 0x70, 0x55, 0x99, 0x58, 0x00, 0x00, 0x00, 0x00, 0x00, 0x09, 0x56, 0x59, 0x59,
    0x65, 0x95, 0x65, 0xA5, 0x65, 0x95, 0x55, 0x01, 0x55, 0x0E, 0xFE, 0xBE, 0xFA, 0xFE, 0xFB, 0xBB,
    0xEF, 0xB0, 0xD5, 0x55, 0x55, 0x54, 0x0A, 0x6B, 0x00, 0x00, 0x3F, 0xFF, 0xFF, 0xFF, 0xFF, 0xFF,
    0xFF, 0xFF, 0xFF, 0xFF, 0xFF, 0xFF, 0xF0, 0x00, 0x3C, 0x00, 0x3F, 0xFF, 0xFF, 0xFF, 0xFF, 0xFF,
    0xFF, 0xFF, 0xFF, 0xFF, 0xFF, 0xFF, 0xF0, 0x05, 0xA6, 0x5A, 0x59, 0x90, 0x0F, 0xFF, 0xFF, 0xFF,
    0xFF, 0xF0, 0xD6, 0x0F, 0xF0, 0x18, 0x00, 0x55, 0x55, 0x43, 0xFF, 0xFC, 0x00, 0x05, 0x55, 0xF0,
    0x00, 0x00, 0x15, 0x55, 0x54, 0x55, 0x65, 0x43, 0x55, 0x55, 0x50, 0x00, 0x00, 0x00, 0x00, 0x00,
    0x01, 0x95, 0x55, 0x55, 0x65, 0x96, 0x55, 0x55, 0x56, 0x59, 0x55, 0x01, 0x57, 0x0E, 0xFE, 0xFB,
    0xBE, 0xFA, 0xFB, 0xBE, 0xEE, 0xF0, 0x15, 0x55, 0x55, 0x54, 0x0A, 0xA9, 0xB0, 0x00, 0x00, 0x0F,
    0xFF, 0xFF, 0xFF, 0xFF, 0xFF, 0xFF, 0xFF, 0xFF, 0xFF, 0xFF, 0xC0, 0x09, 0x55, 0x80, 0x0F, 0xFF,
    0xFF, 0xFF, 0xFF, 0xFF, 0xFF, 0xFF, 0xFF, 0xFF, 0xFF, 0xFF, 0xFC, 0x0D, 0x65, 0xA5, 0x99, 0x98,
    0x03, 0xFF, 0xFF, 0xFF, 0xFF, 0xF0, 0x18, 0x0F, 0xF0, 0x5C, 0x00, 0x55, 0x55, 0x03, 0xFF, 0xFF,
    0xF0, 0x00, 0x00, 0x00, 0x00, 0xFC, 0x05, 0x55, 0x50, 0x65, 0x95, 0x81, 0x5A, 0x56, 0x70, 0x00,
    0x00, 0x00, 0x00, 0x00, 0x01, 0x59, 0x65, 0xA5, 0x55, 0x56, 0x59, 0x59, 0x95, 0x56, 0x99, 0x01,
    0x54, 0x3F, 0xAF, 0xEF, 0xBF, 0xBF, 0xBF, 0xEF, 0xBE, 0xF0, 0x15, 0x55, 0x55, 0x54, 0x0A, 0xAA,
    0xAA, 0xB0, 0x00, 0x00, 0x0F, 0xFF, 0xFF, 0xFF, 0xFF, 0xFF, 0xFF, 0xFF, 0xFF, 0xFF, 0x00, 0x96,
    0xA9, 0x98, 0x03, 0xFF, 0xFF, 0xFF, 0xFF, 0xFF, 0xFF, 0xFF, 0xFF, 0xFF, 0xFF, 0xFF, 0xFC, 0x00,
    0x96, 0x94, 0x26, 0x66, 0x03, 0xFF, 0xFF, 0xFF, 0xFF, 0xFC, 0x18, 0x03, 0xC2, 0x9C, 0x00, 0x55,
    0x55, 0x0F, 0xFF, 0xFF, 0xFF, 0x00, 0x00, 0x00, 0xFF, 0xFC, 0x00, 0x15, 0x43, 0x55, 0x99, 0xC1,
    0x55, 0x65, 0x40, 0x00, 0x00, 0x00, 0x00, 0x00, 0x02, 0x56, 0x55, 0x56, 0x96, 0x65, 0x59, 0x59,
    0x59, 0x65, 0x55, 0x01, 0x50, 0xEB, 0xFB, 0xEF, 0xEB, 0xBF, 0xBA, 0xFB, 0xFB, 0xEC, 0x15, 0x55,
    0x55, 0x54, 0x06, 0x9A, 0xAA, 0xAA, 0xC0, 0x00, 0x00, 0x03, 0xFF, 0xFF, 0xFF, 0xFF, 0xFF, 0xFF,
    0xFF, 0xFC, 0x01, 0xA6, 0x5A, 0x6A, 0x00, 0xFF, 0xFF, 0xFF, 0xFF, 0xFF, 0xFF, 0xFF, 0xFF, 0xFF,
    0xFF, 0xFF, 0xFF, 0x00, 0x09, 0x5B, 0x25, 0x65, 0x80, 0xFF, 0xFF, 0xFF, 0xFF, 0xFC, 0x19, 0x80,
    0x01, 0x90, 0x00, 0x55, 0x55, 0x0F, 0xFF, 0xFF, 0xFF, 0xFF, 0x0F, 0xFF, 0xFF, 0xFC, 0x00, 0x00,
    0x01, 0x59, 0x55, 0x09, 0x65, 0x65, 0x40, 0x00, 0x00, 0x00, 0x00, 0x00, 0x03, 0x55, 0x65, 0x55,
    0x56, 0x55, 0x95, 0x95, 0x56, 0x55, 0x65, 0x01, 0x40, 0xFE, 0xFB, 0xBA, 0xFF, 0xEB, 0xFF, 0xBE,
    0xEF, 0xBC, 0x15, 0x55, 0x55, 0x54, 0x3A, 0xAA, 0x9A, 0xAA, 0xAA, 0xC0, 0x00, 0x00, 0x00, 0xFF,
    0xFF, 0xFF, 0xFF, 0xFF, 0xFF, 0xF0, 0x09, 0x69, 0x16, 0x65, 0xC0, 0xFF, 0xFF, 0xFF, 0xFF, 0xFF,
    0xFF, 0xFF, 0xFF, 0xFF, 0xFF, 0xFF, 0xFF, 0xC0, 0x00, 0x95, 0x5A, 0x96, 0x80, 0xFF, 0xFF, 0xFF,
    0xFF, 0xFC, 0x29, 0x98, 0x09, 0x90, 0x00, 0x55, 0x55, 0x0F, 0xFF, 0xFF, 0xFF, 0xFF, 0xFF, 0xFF,
    0xFF, 0xFC, 0x00, 0x00, 0x00, 0x55, 0x65, 0x05, 0x56, 0x55, 0xC0, 0x00, 0x00, 0x15, 0x40, 0x00,
    0x00, 0x59, 0x56, 0x95, 0x65, 0x59, 0x56, 0x56, 0x95, 0x65, 0x95, 0x01, 0x0F, 0xBE, 0xFF, 0xBF,
    0xBE, 0xFE, 0xEF, 0xAF, 0xEF, 0xBC, 0x15, 0x55, 0x55, 0x54, 0x39, 0xAA, 0xAA, 0xAA, 0x6A, 0xAB,
    0xC0, 0x00, 0x00, 0x00, 0xFF, 0xFF, 0xFF, 0xFF, 0xFF, 0xF0, 0x26, 0x96, 0x06, 0x9A, 0x40, 0x3F,
    0xFF, 0xFF, 0xFF, 0xFF, 0xFF, 0xFF, 0xFF, 0xFF, 0xFF, 0xFF, 0xFF, 0xFC, 0x00, 0xDA, 0x40, 0x00,
    0x00, 0xFF, 0xFF, 0xFF, 0xFF, 0xFC, 0x06, 0x96, 0x0A, 0x70, 0x30, 0x55, 0x55, 0xCF, 0xFF, 0xFF,
    0xFF, 0xFF, 0xFF, 0xFF, 0xFF, 0xFC, 0x00, 0x00, 0x00, 0x16, 0x55, 0x09, 0x96, 0x59, 0xC0, 0x00,
    0x00, 0x55, 0x40, 0x00, 0x00, 0x56, 0x95, 0x5A, 0x55, 0x96, 0x65, 0x65, 0x59, 0x65, 0x95, 0x00,
    0x3F, 0xBF, 0xB0, 0x3F, 0xBA, 0xFE, 0xFB, 0xFB, 0xBE, 0xFC, 0x15, 0x55, 0x55, 0x54, 0x2A, 0xA6,
    0xA6, 0x9A, 0xAA, 0xAA, 0xAA, 0xC0, 0x00, 0x00, 0x0F, 0xFF, 0xFF, 0xFF, 0xFF, 0xC0, 0x1A, 0x58,
    0x01, 0x9A, 0x60, 0x0F, 0xFF, 0xFF, 0xFF, 0xFF, 0xFF, 0xFF, 0xFF, 0xFF, 0xFF, 0xFF, 0xFF, 0xFF,
    0xC0, 0x19, 0x80, 0x00, 0x03, 0xFF, 0xFF, 0xFF, 0xFF, 0xFF, 0x0D, 0x69, 0xC5, 0x80, 0x30, 0x95,
    0x55, 0x43, 0xFF, 0xFF, 0xFF, 0xFF, 0xFF, 0xFF, 0xFF, 0xFF, 0x00, 0x00, 0x00, 0x35, 0x59, 0x09,
    0x59, 0x55, 0x00, 0x00, 0x01, 0x55, 0x50, 0x00, 0x00, 0x65, 0x59, 0x55, 0x59, 0x55, 0x65, 0x55,
    0x65, 0x59, 0x59, 0x00, 0xFE, 0xFB, 0x00, 0x0F, 0xFF, 0xAF, 0xC3, 0xFB, 0xFA, 0xEC, 0x15, 0x55,
    0x55, 0x54, 0x2A, 0xAA, 0x6A, 0xAA, 0xA9, 0xA9, 0xAA, 0xAA, 0xF0, 0x00, 0x00, 0x00, 0x0F, 0xFF,
    0xFF, 0xC0, 0x99, 0x90, 0x30, 0x96, 0x90, 0x0F, 0xFF, 0xFF, 0xFF, 0xFF, 0xFF, 0xFF, 0xFF, 0xFF,
    0xFF, 0xFF, 0xFF, 0xFF, 0xF0, 0x25, 0x00, 0x00, 0x0F, 0xFF, 0xFF, 0xFF, 0xFF, 0xFF, 0x02, 0x5A,
    0x56, 0x00, 0xFC, 0x15, 0x55, 0x43, 0xFF, 0xFF, 0xFF, 0xFF, 0xFF, 0xFF, 0xFF, 0xFF, 0x00, 0x00,
    0x00, 0x0D, 0x55, 0x05, 0x65, 0x95, 0x00, 0x00, 0x01, 0x55, 0x50, 0x00, 0x00, 0x55, 0x59, 0x65,
    0x95, 0x69, 0x55, 0x9A, 0x56, 0x55, 0x59, 0x00, 0xFE, 0xFB, 0x09, 0xC2, 0xEF, 0xEC, 0x00, 0x3E,
    0xEF, 0xEC, 0x15, 0x55, 0x55, 0x54, 0x39, 0xAA, 0xAA, 0xA6, 0xAA, 0x9A, 0xA6, 0xAA, 0xAA, 0x00,
    0x00, 0x00, 0x03, 0xFF, 0xFF, 0xC0, 0xA5, 0xA0, 0xFC, 0x25, 0x98, 0x0F, 0xFF, 0xFF, 0xFF, 0xFF,
    0xFF, 0xFF, 0xFF, 0xFF, 0xFF, 0xFF, 0xFF, 0xFF, 0xF0, 0x26, 0x03, 0xFF, 0xFF, 0xFF, 0xFF, 0xFF,
    0xFF, 0xFF, 0xC0, 0x25, 0x60, 0x03, 0xFC, 0x35, 0x55, 0x43, 0xFF, 0xFF, 0xFF, 0xFF, 0xFF, 0xFF,
    0xFF, 0xFF, 0x00, 0x00, 0x00, 0x01, 0x95, 0xCD, 0x55, 0x69, 0x00, 0x00, 0x01, 0x55, 0x40, 0x00,
    0x03, 0x59, 0x95, 0x65, 0x59, 0x55, 0x5C, 0x00, 0x0D, 0x66, 0x55, 0x00, 0x3F, 0xBF, 0x15, 0x83,
    0xEE, 0xFC, 0xD4, 0x3E, 0xFE, 0xFC, 0x15, 0x55, 0x55, 0x54, 0x3A, 0xA6, 0xDA, 0x6A, 0x9A, 0xAA,
    0xAA, 0x9A, 0x69, 0x01, 0x40, 0x00, 0x00, 0xFF, 0xFF, 0xC0, 0x69, 0x43, 0xFF, 0x02, 0x68, 0x0F,
    0xFF, 0xFF, 0xFF, 0xFF, 0xFF, 0xFF, 0xFF, 0xFF, 0xFF, 0xFF, 0xFF, 0xFF, 0xFC, 0x34, 0x03, 0xFF,
    0xFF, 0xFF, 0xFF, 0xFF, 0xFF, 0xFF, 0xF0, 0x00, 0x00, 0x0F, 0xFC, 0x05, 0x55, 0x70, 0xFF, 0xFF,
    0xFF, 0xFF, 0xFF, 0xFF, 0xFF, 0xFF, 0x00, 0x00, 0x00, 0x00, 0x59, 0xC1, 0x5A, 0x55, 0x00, 0x00,
    0x01, 0x55, 0x40, 0x00, 0x02, 0x55, 0x96, 0x56, 0x56, 0x55, 0xC0, 0x00, 0x00, 0x15, 0x65, 0x00,
    0x0B, 0xEF, 0x1A, 0x43, 0xFE, 0xF0, 0x57, 0x0F, 0xBE, 0xFC, 0x15, 0x55, 0x55, 0x54, 0x06, 0xAA,
    0xAA, 0xAA, 0xAA, 0xAA, 0x6A, 0xAA, 0xAB, 0x05, 0xC3, 0xFF, 0xC0, 0xFF, 0xFF, 0xC0, 0x59, 0x03,
    0xFF, 0xC0, 0xD4, 0x0F, 0xFF, 0xFF, 0xFF, 0xFF, 0xFF, 0xFF, 0xFF, 0xFF, 0xFF, 0xFF, 0xFF, 0xFF,
    0xFC, 0x08, 0x0F, 0xFF, 0xFF, 0xFF, 0xFF, 0xFF, 0xFF, 0xFF, 0xFC, 0x00, 0x00, 0x3F, 0xFF, 0x05,
    0x55, 0x50, 0xFF, 0xFF, 0xFF, 0xFF, 0xFF, 0xFF, 0xFF, 0xFF, 0xC0, 0x00, 0x00, 0x00, 0xD5, 0x41,
    0x55, 0x55, 0xC0, 0x00, 0x01, 0x55, 0x00, 0x00, 0x01, 0x96, 0x55, 0x96, 0x56, 0x5C, 0x00, 0x00,
    0x00, 0x09, 0x56, 0x01, 0x0F, 0xEF, 0x15, 0x43, 0xBE, 0xE3, 0x66, 0x0F, 0xAF, 0xAC, 0x15, 0x55,
    0x55, 0x54, 0x3A, 0x9A, 0x6A, 0xA9, 0xA6, 0xA6, 0xA9, 0xAA, 0xA4, 0x05, 0x03, 0xBB, 0xF0, 0x3F,
    0xFF, 0xC3, 0x64, 0x3F, 0xFF, 0xC0, 0x98, 0x0F, 0xFF, 0xFF, 0xFF, 0xFF, 0xFF, 0xFF, 0xFF, 0xFF,
    0xFF, 0xFF, 0xFF, 0xFF, 0xFC, 0x00, 0x0F, 0xFF, 0xFF, 0xFF, 0xFF, 0xFF, 0xFF, 0xFF, 0xFF, 0x00,
    0x03, 0xFF, 0xFF, 0x05, 0x55, 0x50, 0xFF, 0xFF, 0xFF, 0xFF, 0xFF, 0xFF, 0xFF, 0xFF, 0xC0, 0x00,
    0x00, 0x00, 0x15, 0x41, 0xA5, 0x95, 0xC0, 0x00, 0x00, 0xD4, 0x00, 0x00, 0x01, 0x65, 0x65, 0x55,
    0x95, 0x70, 0x00, 0x00, 0x00, 0x03, 0x57, 0x01, 0x43, 0xFB, 0x0E, 0x03, 0xBE, 0xF0, 0x57, 0x0B,
    0xFB, 0xFC, 0x15, 0x55, 0x55, 0x54, 0x39, 0xAA, 0xA9, 0xAA, 0xAA, 0x7A, 0xAA, 0xA9, 0xA4, 0x35,
    0x0F, 0xFB, 0xB0, 0x3F, 0xFF, 0xC0, 0x68, 0x0F, 0xFF, 0xC3, 0x68, 0x0F, 0xFF, 0xFF, 0xFF, 0xFF,
    0xFF, 0xFF, 0xFF, 0xFF, 0xFF, 0xFF, 0xFF, 0xFF, 0xFF, 0x00, 0x3F, 0xFF, 0xFF, 0xFF, 0xFF, 0xFF,
    0xFF, 0xFF, 0xFF, 0xFF, 0xFF, 0xFF, 0xFF, 0x05, 0x55, 0x5C, 0x3F, 0xFF, 0xFF, 0xFF, 0xFF, 0xFF,
    0xFF, 0xFF, 0xF0, 0x00, 0x00, 0x00, 0x25, 0x40, 0x55, 0x59, 0x40, 0x00, 0x00, 0x00, 0x00, 0x00,
    0x02, 0x55, 0x5A, 0x59, 0x59, 0xC0, 0x03, 0xFF, 0x00, 0x00, 0x56, 0x0D, 0x43, 0xBF, 0xC0, 0x0F,
    0xEF, 0xBC, 0x2C, 0x3F, 0xBE, 0xFC, 0x15, 0x55, 0x55, 0x54, 0x3A, 0xAA, 0xAA, 0xA7, 0x9A, 0xAA,
    0x6A, 0x6A, 0xA8, 0x15, 0x0F, 0xEF, 0xB0, 0x3F, 0xFF, 0xC0, 0x58, 0x0F, 0xFF, 0x09, 0x64, 0x0F,
    0xFF, 0xFF, 0xFF, 0xFF, 0xFF, 0xFF, 0xFF, 0xFF, 0xFF, 0xFF, 0xFF, 0xFF, 0xFF, 0xC3, 0xFF, 0xFF,
    0xFF, 0xFF, 0xFF, 0xFF, 0xFF, 0xFF, 0xFF, 0xFF, 0xFF, 0xFF, 0xFF, 0x01, 0x55, 0x54, 0x3F, 0xFF,
    0xFF, 0xFF, 0xFF, 0xFF, 0xFF, 0xFF, 0xF0, 0x00, 0x00, 0x00, 0x06, 0x60, 0x59, 0x65, 0x40, 0x00,
    0x00, 0x00, 0x00, 0x00, 0x09, 0x5A, 0x55, 0x59, 0x67, 0x00, 0x3F, 0xFF, 0xFC, 0x00, 0x27, 0x0D,
    0x70, 0xEE, 0xFF, 0xFA, 0xFB, 0xFC, 0x00, 0x3E, 0xEF, 0xA0, 0x15, 0x55, 0x55, 0x54, 0x26, 0xA9,
    0xA6, 0xAA, 0xAA, 0x9A, 0xAA, 0xAA, 0xA4, 0x35, 0x0E, 0xFE, 0xF0, 0x3F, 0xFF, 0xC0, 0xA5, 0x80,
    0xFC, 0x26, 0x98, 0x0F, 0xFF, 0xFF, 0xFF, 0xFF, 0xFF, 0xFF, 0xFF, 0xFF, 0xFF, 0xFF, 0xFF, 0xFF,
    0xFF, 0xFF, 0xFF, 0xFF, 0xFF, 0xFF, 0xFF, 0xFF, 0xFF, 0xFF, 0xFF, 0xFF, 0xFF, 0xFF, 0xFF, 0xC1,
    0x55, 0x54, 0x3F, 0xFF, 0xFF, 0xFF, 0xFF, 0xFF, 0xFF, 0xFF, 0xFC, 0x00, 0x00, 0x00, 0x05, 0x50,
    0xD5, 0x96, 0x40, 0x00, 0x00, 0x00, 0x00, 0x00, 0x05, 0x95, 0x65, 0x95, 0x54, 0x00, 0xFF, 0x3C,
    0xFF, 0xC0, 0x07, 0x05, 0x50, 0xFE, 0xFF, 0xFF, 0xBE, 0xEB, 0xF3, 0xEF, 0xEF, 0xFC, 0x15, 0x55,
    0x55, 0x54, 0x2A, 0xAA, 0xAA, 0x9A, 0x6A, 0xAA, 0x9A, 0xA9, 0xB4, 0x05, 0x0F, 0xBE, 0xFC, 0x3F,
    0xFF, 0xC0, 0x9A, 0x9C, 0x3C, 0xD6, 0x90, 0x0F, 0xFF, 0xFF, 0xFF, 0xFF, 0xFF, 0xFF, 0xFF, 0xFF,
    0xFF, 0xFF, 0xFF, 0xFF, 0xFF, 0xFF, 0xFF, 0xFF, 0xFF, 0xFF, 0xFF, 0xFF, 0xFF, 0xFF, 0xFF, 0xFF,
    0xFF, 0xFF, 0xFF, 0xC1, 0x55, 0x54, 0x3F, 0xFF, 0xFF, 0xFF, 0xFF, 0xFF, 0xFF, 0xFF, 0xFF, 0x00,
    0x00, 0x00, 0x05, 0x9C, 0x15, 0x55, 0x60, 0x00, 0x00, 0x00, 0x00, 0x00, 0x35, 0x55, 0x95, 0x65,
    0x90, 0x03, 0xFF, 0xFF, 0xFF, 0xC0, 0x04, 0x05, 0x50, 0xFB, 0xEB, 0xAF, 0xBE, 0xFF, 0xEF, 0xEF,
    0xBE, 0xF0, 0xD5, 0x55, 0x55, 0x50, 0x2A, 0x9A, 0xAA, 0xAA, 0xA9, 0xAA, 0xAA, 0x6A, 0xA4, 0x35,
    0x0F, 0xBF, 0xAC, 0x0F, 0xFF, 0xF0, 0x99, 0x96, 0x00, 0x69, 0x60, 0x3F, 0xFF, 0xFF, 0xFF, 0xFF,
    0xFF, 0xFF, 0xFF, 0xFF, 0xFF, 0xFF, 0xFF, 0xFF, 0xFF, 0xFF, 0xFF, 0xFF, 0xFF, 0xFF, 0xFF, 0xFF,
    0xFF, 0xFF, 0xFF, 0xFF, 0xFF, 0xFF, 0xFF, 0xC0, 0x55, 0x54, 0x3F, 0xFF, 0xFF, 0xFF, 0xFF, 0xFF,
    0xFF, 0xFF, 0xFF, 0x00, 0x00, 0x00, 0x05, 0x54, 0x06, 0x59, 0x50, 0x00, 0x00, 0x00, 0x00, 0x00,
    0x16, 0x69, 0x5A, 0x56, 0x50, 0x0F, 0xF3, 0x41, 0xCF, 0xFC, 0x00, 0x05, 0x5C, 0x3B, 0xFB, 0xFB,
    0xEF, 0xBE, 0xFA, 0xFA, 0xFB, 0xA0, 0xD5, 0x55, 0x55, 0x50, 0xE9, 0xAA, 0x9A, 0x79, 0xAA, 0xA6,
    0xA7, 0xAA, 0x68, 0x15, 0x0F, 0xEB, 0xFC, 0x3F, 0xFF, 0xF0, 0x19, 0xA6, 0xC0, 0x69, 0x40, 0x3F,
    0xFF, 0xFF, 0xFF, 0xFF, 0xFF, 0xFF, 0xFF, 0xFF, 0xFF, 0xFF, 0xFF, 0xFF, 0xFF, 0xFF, 0xFF, 0xFF,
    0xFF, 0xFF, 0xFF, 0xFF, 0xFF, 0xFF, 0xFF, 0xFF, 0xFF, 0xFF, 0xFF, 0xF0, 0x55, 0x54, 0x3F, 0xFF,
    0xFF, 0xFF, 0xFF, 0xFF, 0xFF, 0xFF, 0xFF, 0xC0, 0x00, 0x00, 0x0D, 0x55, 0x09, 0x59, 0x58, 0x00,
    0x00, 0x00, 0x00, 0x00, 0x95, 0x55, 0x65, 0x56, 0x40, 0x3F, 0xF4, 0x3F, 0x1C, 0xFC, 0x00, 0x05,
    0x54, 0x3E, 0xBE, 0xFB, 0xEF, 0xBA, 0xFF, 0xBF, 0xEF, 0xF0, 0xD5, 0x55, 0x55, 0x50, 0xAA, 0xAA,
    0xAA, 0xAA, 0xA7, 0xAA, 0xAA, 0x9A, 0xA8, 0x15, 0x0E, 0xFE, 0xFC, 0x0F, 0xFF, 0xF0, 0x36, 0x69,
    0x42, 0x96, 0x80, 0xFF, 0xFF, 0xFF, 0xFF, 0xFF, 0xFF, 0xFF, 0xFF, 0xFF, 0xFF, 0xFF, 0xFF, 0xFF,
    0xFF, 0xFF, 0xFF, 0xFF, 0xFF, 0xFF, 0xFF, 0xFF, 0xFF, 0xFF, 0xFF, 0xFF, 0xFF, 0xFF, 0xFF, 0xF0,
    0x15, 0x5C, 0x3F, 0xFF, 0xFF, 0xFF, 0xFF, 0xFF, 0xFF, 0xFF, 0xFF, 0xF0, 0x00, 0x00, 0x01, 0x95,
    0xC1, 0x65, 0x96, 0x00, 0x00, 0x00, 0x00, 0x03, 0x59, 0x96, 0x55, 0xA5, 0x40, 0x3F, 0x0F, 0xDC,
    0xF1, 0xCF, 0x00, 0x05, 0x5C, 0x3F, 0xEF, 0xBE, 0xFB, 0xFF, 0xAF, 0xBE, 0xFE, 0xF0, 0x55, 0x55,
    0x55, 0x50, 0xA6, 0xA9, 0xB6, 0x9A, 0xAA, 0x6A, 0x69, 0xAA, 0xA4, 0x35, 0x0F, 0xBE, 0xEC, 0x0F,
    0xFF, 0xFC, 0x09, 0x69, 0x6D, 0x66, 0x00, 0xFF, 0xFF, 0xFF, 0xFF, 0xFF, 0xFF, 0xFF, 0xFF, 0xFF,
    0xFF, 0xFF, 0xFF, 0xFF, 0xFF, 0xFF, 0xFF, 0xFF, 0xFF, 0xFF, 0xFF, 0xFF, 0xFF, 0xFF, 0xFF, 0xFF,
    0xFF, 0xFF, 0xFF, 0xFC, 0x05, 0x50, 0x3F, 0xFF, 0xFF, 0xFF, 0xFF, 0xFF, 0xFF, 0xFF, 0xFF, 0xFC,
    0x00, 0x00, 0x00, 0x59, 0x70, 0x55, 0x55, 0xC0, 0x00, 0x00, 0x00, 0x09, 0x59, 0x65, 0x99, 0x55,
    0xC0, 0xFF, 0x71, 0xCF, 0x4F, 0x1F, 0x00, 0x05, 0x50, 0xFB, 0xEF, 0xBE, 0xFB, 0xEB, 0xFB, 0xEE,
    0xEB, 0xE0, 0xD5, 0x55, 0x55, 0x50, 0xEA, 0xAA, 0xAA, 0xA9, 0xAA, 0xAA, 0xAA, 0xAA, 0x68, 0x15,
    0x0F, 0xBB, 0xEC, 0x3F, 0xFF, 0xFF, 0x03, 0x5A, 0x96, 0x98, 0x03, 0xFF, 0xFF, 0xFF, 0xFF, 0xFF,
    0xFF, 0xFF, 0xFF, 0xFF, 0xFF, 0xFF, 0xFF, 0xFF, 0xFF, 0xFF, 0xFF, 0xFF, 0xFF, 0xFF, 0xFF, 0xFF,
    0xFF, 0xFF, 0xFF, 0xFF, 0xFF, 0xFF, 0xFF, 0xFF, 0x03, 0x40, 0xFF, 0xFF, 0xFF, 0xFF, 0xFF, 0xFF,
    0xFF, 0xFF, 0xFF, 0xFF, 0xC0, 0x00, 0x00, 0x15, 0x50, 0x25, 0x65, 0x60, 0x00, 0x00, 0x00, 0x35,
    0x96, 0x59, 0x59, 0x59, 0x00, 0xFC, 0xFF, 0x3F, 0x34, 0xF3, 0xC0, 0x05, 0x50, 0xFB, 0xFB, 0xEF,
    0xBE, 0xBE, 0xFB, 0xEF, 0xFE, 0xF0, 0xD5, 0x55, 0x55, 0x50, 0xDA, 0x9A, 0x69, 0xAA, 0xA6, 0xA9,
    0xAA, 0xA6, 0xE8, 0x17, 0x0F, 0xEF, 0xBC, 0x0F, 0xFF, 0xFF, 0xC0, 0x25, 0x55, 0x80, 0x03, 0xFF,
    0xFF, 0xFF, 0xFF, 0xFF, 0xFF, 0xFF, 0xFF, 0xFF, 0xFF, 0xFF, 0xFF, 0xFF, 0xFF, 0xFF, 0xFF, 0xFF,
    0xFF, 0xFF, 0xFF, 0xFF, 0xFF, 0xFF, 0xFF, 0xFF, 0xFF, 0xFF, 0xFF, 0xFF, 0xC0, 0x00, 0xFF, 0xFF,
    0xFF, 0xFF, 0xFF, 0xFF, 0xFF, 0xFF, 0xFF, 0xFF, 0xF0, 0x0F, 0x00, 0x35, 0x56, 0x35, 0x65, 0x58,
    0x00, 0x00, 0x00, 0x95, 0x96, 0x59, 0x65, 0x95, 0x00, 0xFD, 0x07, 0x1F, 0x3F, 0xC7, 0xC0, 0x05,
    0x50, 0xFE, 0xBE, 0xFB, 0xBE, 0xFE, 0xFA, 0xFB, 0xBE, 0xF0, 0x55, 0x55, 0x55, 0x50, 0xEA, 0xAA,
    0xAA, 0xAA, 0x6A, 0x9A, 0xA9, 0xAA, 0x9C, 0x15, 0x0E, 0xFE, 0xFC, 0x0F, 0xFF, 0xFF, 0xF0, 0x00,
    0xFC, 0x00, 0x3F, 0xFF, 0xFF, 0xFF, 0xFF, 0xFF, 0xFF, 0xFF, 0xFF, 0xFF, 0xFF, 0xFF, 0xFF, 0xFF,
    0xFF, 0xFF, 0xFF, 0xFF, 0xFF, 0xFF, 0xFF, 0xFF, 0xFF, 0xFF, 0xFF, 0xFF, 0xFF, 0xFF, 0xFF, 0xFF,
    0xF0, 0x0F, 0xFF, 0xFF, 0xFF, 0xFF, 0xFF, 0xFF, 0xFF, 0xFF, 0xFF, 0xFF, 0xFF, 0xFF, 0xF0, 0x0D,
    0x65, 0x55, 0x59, 0x95, 0x80, 0x00, 0x39, 0x59, 0x65, 0x96, 0x56, 0x59, 0x00, 0xF3, 0xFC, 0xF3,
    0x73, 0xFC, 0xF0, 0x05, 0x40, 0xEF, 0xEF, 0xBF, 0xAF, 0xEB, 0xEF, 0xBF, 0xAF, 0xA0, 0x15, 0x55,
    0x55, 0x50, 0x26, 0xA6, 0xDA, 0xA6, 0xAA, 0xAA, 0xAA, 0xAA, 0x90, 0x15, 0x0F, 0xAF, 0xEC, 0x3F,
    0xFF, 0xFF, 0xFC, 0x00, 0x00, 0x00, 0xFF, 0xFF, 0xFF, 0xFF, 0xFF, 0xFF, 0xFF, 0xFF, 0xFF, 0xFF,
    0xFF, 0xFF, 0xFF, 0xFF, 0xFF, 0xFF, 0xFF, 0xFF, 0xFF, 0xFF, 0xFF, 0xFF, 0xFF, 0xFF, 0xFF, 0xFF,
    0xFF, 0xFF, 0xFF, 0xFF, 0xFF, 0xFF, 0xFF, 0xFF, 0xFF, 0xFF, 0xFF, 0xFF, 0xFF, 0xFF, 0xFF, 0xFF,
    0xFF, 0xFF, 0xF0, 0x03, 0x55, 0x56, 0x95, 0x55, 0x56, 0xB6, 0x55, 0x96, 0x65, 0x96, 0x59, 0x65,
    0x03, 0xF4, 0xFF, 0x4F, 0xCD, 0x3F, 0xC0, 0x15, 0xC3, 0xEF, 0xBF, 0xBE, 0xFB, 0xBF, 0xAF, 0xBE,
    0xFB, 0xFC, 0x15, 0x55, 0x55, 0x50, 0x2A, 0x6D, 0xAA, 0xAA, 0xA9, 0xAA, 0x6A, 0x69, 0xA0, 0xD5,
    0x0F, 0xFA, 0xFC, 0x0F, 0xFF, 0xFF, 0xFF, 0xC0, 0x00, 0x0F, 0xFF, 0xFF, 0xFF, 0xFF, 0xFF, 0xFF,
    0xFF, 0xFF, 0xFF, 0xFF, 0xFF, 0xFF, 0xFF, 0xFF, 0xFF, 0xFF, 0xFF, 0xFF, 0xFF, 0xFF, 0xFF, 0xFF,
    0xFF, 0xFF, 0xFF, 0xFF, 0xFF, 0xFF, 0xFF, 0xFF, 0xFF, 0xFF, 0xFF, 0xFF, 0xFF, 0xFF, 0xFF, 0xFF,
    0xFF, 0xFF, 0xFF, 0xFF, 0xFF, 0xFF, 0xFF, 0x00, 0xD6, 0x55, 0x56, 0x65, 0x95, 0x56, 0x5A, 0x66,
    0x5A, 0x59, 0x65, 0x96, 0x00, 0xFF, 0xC7, 0x34, 0xDC, 0xF1, 0xC0, 0x15, 0x03, 0xFA, 0xFA, 0xFA,
    0xFB, 0xFB, 0xFB, 0xEF, 0xFB, 0xEC, 0x15, 0x55, 0x55, 0x54, 0x2A, 0xAA, 0xA6, 0x9A, 0x9A, 0xAA,
    0xAA, 0xAA, 0x90, 0x55, 0x0E, 0xFF, 0xAC, 0x0F, 0xFF, 0xFF, 0xFF, 0xFF, 0xCF, 0xFF, 0xFF, 0xFF,
    0xFF, 0xFF, 0xFF, 0xFF, 0xFF, 0xFF, 0xFF, 0xFF, 0xFF, 0xFF, 0xFF, 0xFF, 0xFF, 0xFF, 0xFF, 0xFF,
    0xFF, 0xFF, 0xFF, 0xFF, 0xFF, 0xFF, 0xFF, 0xFF, 0xFF, 0xFF, 0xFF, 0xFF, 0xFF, 0xFF, 0xFF, 0xFF,
    0xFF, 0xFF, 0xFF, 0xFF, 0xFF, 0xFF, 0xFF, 0xFF, 0xFF, 0xFF, 0xFF, 0x00, 0x05, 0x69, 0x65, 0x59,
    0x69, 0x59, 0xA5, 0x65, 0x96, 0x65, 0xA5, 0x95, 0x00, 0xF1, 0xCF, 0x3F, 0x3C, 0x73, 0xF0, 0x14,
    0x0E, 0xBF, 0xEF, 0xEF, 0xBE, 0xEB, 0xFB, 0xEB, 0xBE, 0xFC, 0x15, 0x55, 0x55, 0x54, 0x2A, 0xA6,
    0xAA, 0xAA, 0xAA, 0xA6, 0xDA, 0xAA, 0xA0, 0xD5, 0x0F, 0xAF, 0xFC, 0x3F, 0xFF, 0xFF, 0xFF, 0xFF,
    0xFF, 0xFF, 0xFF, 0xFF, 0xFF, 0xFF, 0xFF, 0xFF, 0xFF, 0xFF, 0xFF, 0xFF, 0xFF, 0xFF, 0xFF, 0xFF,
    0xFF, 0xFF, 0xFF, 0xFF, 0xFF, 0xFF, 0xFF, 0xFF, 0xFF, 0xFF, 0xFF, 0xFF, 0xFF, 0xFF, 0xFF, 0xFF,
    0xFF, 0xFF, 0xFF, 0xFF, 0xFF, 0xFF, 0xFF, 0xFF, 0xFF, 0xFF, 0xFF, 0xFF, 0xFF, 0xFF, 0xFF, 0xF0,
    0x01, 0x55, 0x65, 0x96, 0x56, 0x99, 0x5A, 0x5D, 0x75, 0x75, 0x96, 0x59, 0x03, 0xFC, 0xD3, 0x71,
    0xCF, 0xF4, 0x30, 0x30, 0x3F, 0xEE, 0xBE, 0xEF, 0xBE, 0xFE, 0xBE, 0xFF, 0xBE, 0xFC, 0x15, 0x55,
    0x55, 0x54, 0x2A, 0x6A, 0xAA, 0xA9, 0xAA, 0x79, 0xAA, 0x69, 0xA0, 0x15, 0x0F, 0xFA, 0xEC, 0x0F,
    0xFF, 0xFF, 0xFF, 0xFF, 0xFF, 0xFF, 0xFF, 0xFF, 0xFF, 0xFF, 0xFF, 0xFF, 0xFF, 0xFF, 0xFF, 0xFF,
    0xFF, 0xFF, 0xFF, 0xFF, 0xFF, 0xFF, 0xFF, 0xFF, 0xFF, 0xFF, 0xFF, 0xFF, 0xFF, 0xFF, 0xFF, 0xFF,
    0xFF, 0xFF, 0xFF, 0xFF, 0xFF, 0xFF, 0xFF, 0xFF, 0xFF, 0xFF, 0xFF, 0xFF, 0xFF, 0xFF, 0xFF, 0xFF,
    0xFF, 0xFF, 0xFF, 0xF0, 0x00, 0x96, 0x55, 0x96, 0x55, 0x65, 0x97, 0x59, 0x66, 0x59, 0x59, 0x65,
    0xC0, 0xF4, 0xFF, 0x3C, 0xFD, 0x0F, 0x40, 0x00, 0xFB, 0xEF, 0xFA, 0xFB, 0xEF, 0xBE, 0xFA, 0xFA,
    0xFB, 0xEC, 0x15, 0x55, 0x55, 0x54, 0x3A, 0xAA, 0x9A, 0x6A, 0xA6, 0xAA, 0xA6, 0xAA, 0x9C, 0x15,
    0x0E, 0xFB, 0xEC, 0x0F, 0xFF, 0xFF, 0xFF, 0xFF, 0xFF, 0xFF, 0xFF, 0xFF, 0xFF, 0xFF, 0xFF, 0xFF,
    0xFF, 0xFF, 0xFF, 0xFF, 0xFF, 0xFF, 0xFF, 0xFF, 0xFF, 0xFF, 0xFF, 0xFF, 0xFF, 0xFF, 0xFF, 0xFF,
    0xFF, 0xFF, 0xFF, 0xFF, 0xFF, 0xFF, 0xFF, 0xFF, 0xFF, 0xFF, 0xFF, 0xFF, 0xFF, 0xFF, 0xFF, 0xFF,
    0xFF, 0xFF, 0xFF, 0xFF, 0xFF, 0xFF, 0xFF, 0xFF, 0x00, 0x35, 0x69, 0x59, 0x69, 0x66, 0xD5, 0xA6,
    0x96, 0x9A, 0x59, 0x65, 0xC0, 0xCF, 0xC7, 0x34, 0xD3, 0xFF, 0xC0, 0x03, 0xBE, 0xBE, 0xBF, 0xBE,
    0xEF, 0xAF, 0xEF, 0xBF, 0xEF, 0xBC, 0x15, 0x55, 0x55, 0x5C, 0x26, 0xA9, 0xAA, 0xAA, 0x6A, 0x9A,
    0xAA, 0xAA, 0x90, 0x15, 0x0F, 0xBF, 0xBC, 0x3F, 0xFF, 0xFF, 0xFF, 0xFF, 0xFF, 0xFF, 0xFF, 0xFF,
    0xFF, 0xFF, 0xFF, 0xFF, 0xFF, 0xFF, 0xFF, 0xFF, 0xFF, 0xFF, 0xFF, 0xFF, 0xFF, 0xFF, 0xFF, 0xFF,
    0xFF, 0xFF, 0xFF, 0xFF, 0x7F, 0xFF, 0xFF, 0xFF, 0xFF, 0xFF, 0xFF, 0xFF, 0xFF, 0xFF, 0xFF, 0xFF,
    0xFF, 0xFF, 0xFF, 0xFF, 0xFF, 0xFF, 0xFF, 0xFF, 0xFF, 0xFF, 0xFF, 0xFF, 0xC0, 0x01, 0x56, 0x59,
    0x5A, 0x59, 0x5D, 0x57, 0x5D, 0x57, 0x59, 0x59, 0x40, 0x3F, 0x4F, 0xFF, 0xCF, 0xF3, 0xC0, 0x3F,
    0xBE, 0xFB, 0xEF, 0xBE, 0xFB, 0xFB, 0xEF, 0xAF, 0xAF, 0xB8, 0x05, 0x55, 0x55, 0x5C, 0x2A, 0xAA,
    0xAA, 0x9A, 0xAA, 0xAA, 0x9A, 0xA6, 0xDC, 0x15, 0x0F, 0xBB, 0xFC, 0x3F, 0xFF, 0xFF, 0xFF, 0xFF,
    0xFF, 0xFF, 0xFF, 0xFF, 0xFF, 0xFF, 0xFF, 0xFF, 0xFF, 0xFF, 0xFF, 0xFF, 0xFF, 0xFF, 0xFF, 0xFF,
    0xFF, 0xFF, 0xFF, 0xFF, 0xFF, 0xFF, 0xFF, 0xFF, 0x5F, 0xFF, 0xFF, 0xFF, 0xFF, 0xFF, 0xFF, 0xFF,
    0xFF, 0xFF, 0xFF, 0xFF, 0xFF, 0xFF, 0xFF, 0xFF, 0xFF, 0xFF, 0xFF, 0xFF, 0xFF, 0xFF, 0xFF, 0xFF,
    0xFC, 0x00, 0xD5, 0x96, 0x95, 0x9D, 0x65, 0xB5, 0x65, 0xE5, 0xA5, 0x96, 0x40, 0x3C, 0xFC, 0x73,
    0xFC, 0x71, 0xC0, 0xFB, 0xEF, 0xEF, 0xEF, 0xEB, 0xFB, 0xBE, 0xBE, 0xFA, 0xFB, 0xF8, 0x05, 0x55,
    0x55, 0x50, 0x2A, 0x9B, 0x6A, 0xAA, 0xAA, 0x6A, 0xAA, 0xAA, 0x90, 0x55, 0x0E, 0xFB, 0xAC, 0x0F,
    0xFF, 0xFF, 0xFF, 0xFF, 0xFF, 0xFF, 0xFF, 0xFF, 0xFF, 0xFF, 0xFF, 0xFF, 0xFF, 0xFF, 0xFF, 0xFF,
    0xFF, 0xFF, 0xFF, 0xFF, 0xFF, 0xFF, 0xFF, 0xFF, 0xFF, 0xFF, 0xFF, 0xFF, 0x7F, 0xFF, 0xFF, 0xFF,
    0xFF, 0xFF, 0xFF, 0xFF, 0xFF, 0xFF, 0xFF, 0xFF, 0xFF, 0xFF, 0xFF, 0xFF, 0xFF, 0xFF, 0xFF, 0xFF,
    0xFF, 0xFF, 0xFF, 0xFF, 0xFF, 0x00, 0x0D, 0x55, 0x96, 0x96, 0x97, 0x59, 0xE5, 0x59, 0x5A, 0x56,
    0x70, 0x0D, 0x3C, 0xFF, 0x1C, 0xFF, 0x00, 0xFB, 0xEF, 0xBE, 0xFA, 0xFF, 0xBE, 0xFB, 0xFB, 0xFF,
    0xFB, 0xEF, 0x05, 0x55, 0x55, 0x50, 0x1A, 0xAA, 0xA6, 0xA6, 0xA6, 0xE6, 0xA9, 0xA9, 0xA0, 0x55,
    0x0E, 0xFE, 0xFC, 0x3F, 0xFF, 0xFF, 0xFF, 0xFF, 0xFF, 0xFF, 0xFF, 0xFF, 0xFF, 0xFF, 0xFF, 0xFF,
    0xFF, 0xFF, 0xFF, 0xFF, 0xFF, 0xFF, 0xFF, 0xFF, 0xFF, 0xFF, 0xFF, 0xFF, 0xFF, 0xFF, 0xFF, 0xFF,
    0xFF, 0xFF, 0xFF, 0xFF, 0xFF, 0xFF, 0xFF, 0xFF, 0xFF, 0xFF, 0xFF, 0xFF, 0xFF, 0xFF, 0xFF, 0xFF,
    0xFF, 0xFF, 0xFF, 0xFF, 0xFF, 0xFF, 0xFF, 0xFF, 0xFF, 0xC0, 0x00, 0x25, 0x59, 0x75, 0xB5, 0x99,
    0x5E, 0x69, 0x97, 0x59, 0x50, 0x0F, 0xFD, 0x07, 0x3D, 0x07, 0x03, 0xFE, 0xBE, 0xBE, 0xBF, 0xBE,
    0xBE, 0xFB, 0xEB, 0xAF, 0xBE, 0xFF, 0x05, 0x55, 0x55, 0x50, 0xE9, 0xA9, 0xAA, 0xAA, 0x6A, 0xAA,
    0x9A, 0xAA, 0xA0, 0x55, 0x0F, 0xAF, 0xEC, 0x3F, 0xFF, 0xFF, 0xFF, 0xFF, 0xFF, 0xFF, 0xFF, 0xFF,
    0xFF, 0xFF, 0xFF, 0xFF, 0xFF, 0xFF, 0xFF, 0xFF, 0xFF, 0xFF, 0xFF, 0xFF, 0xFF, 0xFF, 0xFF, 0xFF,
    0xFF, 0xFF, 0xFF, 0xFF, 0xFF, 0xFF, 0xFF, 0xFF, 0xFF, 0xFF, 0xFF, 0xFF, 0xFF, 0xFF, 0xFF, 0xFF,
    0xFF, 0xFF, 0xFF, 0xFF, 0xFF, 0xFF, 0xFF, 0xFF, 0xFF, 0xFF, 0xFF, 0xFF, 0xFF, 0xFC, 0x00, 0x00,
    0x35, 0x65, 0x65, 0xD7, 0x59, 0xD7, 0x55, 0xA5, 0x9C, 0x00, 0x73, 0xFF, 0x43, 0xFC, 0x03, 0xEF,
    0xFB, 0xEF, 0xEF, 0xBF, 0xEF, 0xBE, 0xFF, 0xEB, 0xAF, 0xBB, 0x05, 0x55, 0x55, 0x50, 0xAA, 0xAA,
    0xA9, 0xAA, 0xAA, 0x6A, 0xAA, 0x9B, 0x60, 0x55, 0x0F, 0xFB, 0xBC, 0x3F, 0xFF, 0xFF, 0xFF, 0xFF,
    0xFF, 0xFF, 0xFF, 0xFF, 0xFF, 0xFF, 0xFF, 0xFF, 0xFF, 0xFF, 0xFF, 0xFF, 0xFF, 0xFF, 0xFF, 0xFF,
    0xFF, 0xFF, 0xFF, 0xFF, 0xFF, 0xFF, 0xFF, 0xD7, 0xFF, 0xFF, 0xFF, 0xFF, 0xFF, 0xFF, 0xFF, 0xFF,
    0xFF, 0xFF, 0xFF, 0xFF, 0xFF, 0xFF, 0xFF, 0xFF, 0xFF, 0xFF, 0xFF, 0xFF, 0xFF, 0xFF, 0xFF, 0xFF,
    0xFF, 0xFF, 0xC0, 0x00, 0x0D, 0x6B, 0x5D, 0x66, 0xB5, 0x96, 0x79, 0x56, 0x54, 0x03, 0xFF, 0x70,
    0xFF, 0xFC, 0x03, 0xEB, 0xEB, 0xEF, 0xBE, 0xEB, 0xEF, 0xBE, 0xBE, 0xFF, 0xFB, 0xF8, 0x05, 0x55,
    0x55, 0x50, 0xAA, 0xA6, 0xAA, 0xA9, 0xAA, 0xAA, 0x6A, 0xAA, 0xA0, 0xD5, 0x0E, 0xFB, 0xFC, 0x3F,
    0xFF, 0xFF, 0xFF, 0xFF, 0xFF, 0xF0, 0x00, 0x00, 0xFF, 0xFF, 0xFF, 0xFF, 0xFF, 0xFF, 0xFF, 0xFF,
    0xFF, 0xFF, 0xFF, 0xFF, 0xFF, 0xFF, 0xFF, 0xFF, 0xFF, 0xFF, 0xFF, 0xD5, 0xFF, 0xFF, 0xFF, 0xFF,
    0xFF, 0xFF, 0xFF, 0xFF, 0xFF, 0xFF, 0xFF, 0xFF, 0xFF, 0xFF, 0xFF, 0xFF, 0xFF, 0xFF, 0xFF, 0xFF,
    0xFF, 0xFF, 0xFF, 0xFF, 0xFF, 0xFF, 0xFF, 0x00, 0x06, 0x95, 0x9A, 0x75, 0x67, 0x5D, 0x56, 0x65,
    0x66, 0x00, 0x34, 0x37, 0x1C, 0x4C, 0x0F, 0xBE, 0xFE, 0xFB, 0xBB, 0xFE, 0xFB, 0xEF, 0xEE, 0xFA,
    0xFB, 0xEC, 0x35, 0x55, 0x55, 0x50, 0xA9, 0xAA, 0x9B, 0x6A, 0xA9, 0xAA, 0xAA, 0x79, 0x90, 0xD5,
    0x0E, 0xEF, 0xA0, 0x3F, 0xFF, 0xFF, 0xFF, 0xFF, 0xFF, 0x00, 0x00, 0x00, 0x0F, 0xFF, 0xFF, 0xFF,
    0xFF, 0xFF, 0xFF, 0xFF, 0xFF, 0xFF, 0xFF, 0xFF, 0xFF, 0xFF, 0xFF, 0xFF, 0xFF, 0xFF, 0xFF, 0x59,
    0xFF, 0xFF, 0xFF, 0xDF, 0xFF, 0xFF, 0xFF, 0xFF, 0xFF, 0xFF, 0xFF, 0xFF, 0xFF, 0xFF, 0xFF, 0xFF,
    0xFF, 0xFF, 0xFF, 0xFF, 0xFF, 0xFF, 0xFF, 0xFF, 0xFF, 0xFF, 0xFF, 0xFC, 0x06, 0x5D, 0x97, 0x5B,
    0x56, 0x69, 0xD6, 0x69, 0x65, 0xC0, 0x3F, 0xF3, 0xFC, 0xF4, 0x0F, 0xBE, 0xFE, 0xFB, 0xFB, 0xBE,
    0xFB, 0xEF, 0xEF, 0xBF, 0xBE, 0xEC, 0x15, 0x55, 0x55, 0x70, 0xAA, 0xA9, 0xAA, 0xA6, 0xAA, 0xA6,
    0xDA, 0xAA, 0xA0, 0x15, 0x0F, 0xEF, 0xF0, 0x3F, 0xFF, 0xFF, 0xFF, 0xFF, 0xFC, 0x00, 0x03, 0x00,
    0x03, 0xFF, 0xFF, 0xFF, 0xFF, 0xFF, 0xFF, 0xFF, 0xFF, 0xFF, 0xFF, 0xFF, 0xFF, 0xFF, 0xFF, 0xFF,
    0xFF, 0xFF, 0xFF, 0x96, 0xFD, 0xFF, 0xFF, 0xD7, 0xFF, 0xFF, 0xFF, 0xFF, 0xFF, 0xFF, 0xFF, 0xFF,
    0xFF, 0xFF, 0xFF, 0xFF, 0xFF, 0xFF, 0xFF, 0xFF, 0xFF, 0xFF, 0xFF, 0xFF, 0xFF, 0xFF, 0xFF, 0xFC,
    0x35, 0x99, 0xE5, 0x96, 0xB5, 0xD5, 0x99, 0x59, 0x59, 0x40, 0x03, 0xFF, 0xCD, 0x30, 0x0F, 0xEF,
    0xAF, 0xBE, 0xEF, 0xAF, 0xBE, 0xBE, 0xBF, 0xBF, 0xBE, 0xFC, 0x15, 0x55, 0x55, 0x70, 0x6A, 0x6E,
    0xA9, 0xAA, 0x9B, 0x6A, 0xAA, 0x9A, 0xA0, 0x15, 0x0E, 0xFA, 0xF0, 0x3F, 0xFF, 0xFF, 0xFF, 0xFF,
    0xF0, 0x02, 0x55, 0x5B, 0x00, 0xFF, 0xFF, 0xFF, 0xFF, 0xFF, 0xFF, 0xFF, 0xFF, 0xFF, 0xFF, 0xFF,
    0xFF, 0xFF, 0xFF, 0xFF, 0xFF, 0xD5, 0xFF, 0xD6, 0xFD, 0xBF, 0xFF, 0xFF, 0xFF, 0xFF, 0xFF, 0xFF,
    0xFF, 0xFF, 0xFF, 0xFF, 0xFF, 0xFF, 0xFF, 0xFF, 0xFF, 0xFF, 0xFF, 0xFF, 0xFF, 0xFF, 0xFF, 0xFF,
    0xFF, 0xFF, 0xFF, 0xFC, 0x35, 0xD5, 0x5D, 0xB5, 0x59, 0x9D, 0x69, 0xD6, 0x95, 0x50, 0x03, 0xC4,
    0xF3, 0xD0, 0x3E, 0xFB, 0xFB, 0xBE, 0xFE, 0xFB, 0xBF, 0xFB, 0xFB, 0xEB, 0xEF, 0xBC, 0x15, 0x55,
    0x55, 0x50, 0xAA, 0xA6, 0xAA, 0xAA, 0xAA, 0xAA, 0x6A, 0xAA, 0x9C, 0x14, 0x0F, 0xBF, 0xB0, 0x3F,
    0xFF, 0xFF, 0xFF, 0xFF, 0xC0, 0x26, 0xAA, 0xA5, 0x80, 0x3F, 0xFF, 0xFF, 0xFF, 0xFF, 0xFF, 0xFF,
    0xFF, 0xFF, 0xFF, 0xFF, 0xFF, 0xFF, 0xFF, 0xFF, 0xFF, 0x55, 0xBF, 0xDA, 0xFD, 0xFF, 0xD5, 0xFF,
    0xFF, 0xFF, 0xFF, 0xFF, 0xFF, 0xFF, 0xFF, 0xFF, 0xFF, 0xFF, 0xFF, 0xFF, 0xFF, 0xFF, 0xFF, 0xFF,
    0xFF, 0xFF, 0xFF, 0xFF, 0xFF, 0xFF, 0xFF, 0xFC, 0x35, 0x6E, 0x59, 0x6B, 0x5D, 0x69, 0x65, 0x95,
    0x66, 0x54, 0x00, 0x3F, 0x7F, 0x00, 0x3E, 0xFB, 0xFB, 0xEB, 0xEB, 0xFB, 0xEB, 0xEB, 0xEB, 0xFE,
    0xFB, 0xEC, 0x15, 0x55, 0x55, 0x70, 0xA6, 0xAA, 0xA6, 0xAA, 0x69, 0xAA, 0xA9, 0xAA, 0x98, 0x14,
    0x03, 0xEF, 0xB0, 0xFF, 0xFF, 0xFF, 0xFF, 0xFF, 0x00, 0xA5, 0x95, 0x69, 0xA0, 0x0F, 0xFF, 0xFF,
    0xFF, 0xFF, 0xFF, 0xFF, 0xFF, 0xFF, 0xFF, 0xFF, 0xFF, 0xFF, 0xFF, 0xFF, 0xFF, 0x96, 0x7F, 0xE6,
    0x3F, 0xFF, 0x55, 0xBF, 0xFF, 0xFF, 0xFF, 0xFF, 0xFF, 0xFF, 0xFF, 0xFF, 0xFF, 0xFF, 0xFF, 0xFF,
    0xFF, 0xFF, 0xFF, 0xFF, 0xFF, 0xFF, 0xFF, 0xFF, 0xFF, 0xFF, 0xFF, 0xFC, 0x36, 0x56, 0xD7, 0x56,
    0x96, 0xD7, 0x97, 0x5A, 0x56, 0x65, 0xC0, 0x00, 0x00, 0x00, 0x3F, 0xAF, 0xAF, 0xFF, 0xBF, 0xBE,
    0xFE, 0xBE, 0xFE, 0xBE, 0xFB, 0xEC, 0x15, 0x55, 0x55, 0x50, 0xAA, 0xA9, 0xAA, 0x9B, 0xAA, 0xA9,
    0xAA, 0xD6, 0xC0, 0x00, 0x00, 0xEF, 0xF0, 0xFF, 0xFF, 0xFF, 0xFF, 0xFF, 0x03, 0x5A, 0x69, 0xE5,
    0x9C, 0x0F, 0xFF, 0xFF, 0xFF, 0xFF, 0xFF, 0xFF, 0xFF, 0xFF, 0xFF, 0xFF, 0xFF, 0xFF, 0xFF, 0xFF,
    0xFF, 0xDA, 0x6F, 0xF6, 0xFF, 0xFD, 0x66, 0xFF, 0xFF, 0xFF, 0xFF, 0xFF, 0xFF, 0xFF, 0xFF, 0xFF,
    0xFF, 0xFF, 0xFF, 0xFF, 0xFF, 0xFF, 0xFF, 0xFF, 0xFF, 0xFF, 0xFF, 0xFF, 0xFF, 0xFF, 0xFF, 0xFC,
    0x36, 0xA5, 0x66, 0xB5, 0xE5, 0x95, 0x96, 0x59, 0x65, 0x59, 0x50, 0x00, 0x00, 0x00, 0xFB, 0xFE,
    0xFE, 0xBB, 0xBE, 0xBE, 0xFB, 0xFE, 0xFF, 0xEF, 0xBE, 0xFC, 0x15, 0x55, 0x55, 0x50, 0xDA, 0x9A,
    0xAA, 0xA9, 0xAA, 0x9A, 0xA6, 0x6C, 0x00, 0x00, 0x00, 0x3E, 0xF0, 0xFF, 0xFF, 0xFF, 0xFF, 0xFC,
    0x01, 0x69, 0x58, 0x26, 0x94, 0x03, 0xFF, 0xFF, 0xFF, 0xFF, 0xFF, 0xFF, 0xFF, 0xFF, 0xFF, 0xFF,
    0xFF, 0xFF, 0xFF, 0xFF, 0xFF, 0xE5, 0x9F, 0xFF, 0xFF, 0xFD, 0x67, 0xFF, 0xFF, 0xFF, 0xFF, 0xFF,
    0xFF, 0xFF, 0xFF, 0xFF, 0xFF, 0xFF, 0xFF, 0xFF, 0xFF, 0xFF, 0xFF, 0xFF, 0xFF, 0xFF, 0xFF, 0xFF,
    0xFF, 0xFF, 0xFF, 0xFC, 0x05, 0x76, 0x75, 0x69, 0x6D, 0x79, 0xD5, 0xA5, 0x96, 0x95, 0x5B, 0x00,
    0x00, 0x00, 0xFA, 0xFB, 0xEF, 0xBF, 0xBE, 0xFB, 0xEF, 0xAF, 0xAB, 0xEF, 0xBE, 0xFC, 0x15, 0x55,
    0x55, 0x50, 0xEA, 0xAA, 0xA9, 0xAA, 0x9A, 0xAA, 0x6F, 0x00, 0x00, 0x03, 0xF0, 0x0F, 0xC0, 0xFF,
    0xFF, 0xFF, 0xFF, 0xFC, 0x09, 0xA5, 0x80, 0x06, 0x67, 0x03, 0xFF, 0xFF, 0xFF, 0xFF, 0xFF, 0xFF,
    0xFF, 0xFF, 0xFF, 0xFF, 0xFF, 0xFF, 0xFF, 0xFF, 0xFF, 0xF5, 0x9B, 0xFF, 0xFF, 0xF5, 0x9B, 0xFF,
    0xFF, 0xFF, 0xFF, 0xFF, 0xFF, 0xFF, 0xFF, 0xFF, 0xFF, 0xFF, 0xFF, 0xFF, 0xFF, 0xFF, 0xFF, 0xFF,
    0xFF, 0xFF, 0xFF, 0xFF, 0xFF, 0xFF, 0xFF, 0xFC, 0x06, 0x5B, 0x5B, 0x5E, 0x56, 0x59, 0x6D, 0x56,
    0x59, 0x56, 0x55, 0x57, 0x95, 0x03, 0xEF, 0xBB, 0xEB, 0xEE, 0xFB, 0xEF, 0xAF, 0xFB, 0xFE, 0xFB,
    0xEF, 0xA0, 0x15, 0x55, 0x55, 0x50, 0xE6, 0xAA, 0x6A, 0xAA, 0xA9, 0x6B, 0x00, 0x00, 0x03, 0xFF,
    0xFF, 0x00, 0x03, 0xFF, 0xFF, 0xFF, 0xFF, 0xF0, 0x06, 0x58, 0x00, 0x09, 0x6A, 0x03, 0xFF, 0xFF,
    0xFF, 0xFF, 0xFF, 0xFF, 0xFF, 0xFF, 0xFF, 0xFF, 0xFF, 0xFF, 0xFF, 0xFF, 0x5F, 0xFE, 0x57, 0xFF,
    0xFF, 0xE5, 0xBF, 0xFF, 0xFF, 0xFF, 0xFF, 0xFF, 0xFF, 0xFF, 0xFF, 0xFF, 0xFF, 0xFF, 0xFF, 0xFF,
    0xFF, 0xFF, 0xFF, 0xFF, 0xFF, 0xFF, 0xFF, 0xFF, 0xFF, 0xFF, 0xFF, 0xFC, 0x06, 0x95, 0x96, 0x96,
    0xD7, 0x9D, 0x56, 0x99, 0x65, 0x65, 0x95, 0x55, 0x56, 0x03, 0xEF, 0xBE, 0xFE, 0xFB, 0xEF, 0xBE,
    0xFA, 0xFB, 0xEE, 0xFB, 0xEF, 0xFC, 0x15, 0x55, 0x55, 0x50, 0xEA, 0x9A, 0xAB, 0x69, 0x6B, 0xC0,
    0x00, 0x00, 0x3F, 0xFF, 0xFF, 0x00, 0x03, 0xFF, 0xFF, 0xFF, 0xFF, 0xF0, 0x26, 0x80, 0x3F, 0xCD,
    0xA5, 0x03, 0xFF, 0xFF, 0xFF, 0xFF, 0xFF, 0xFF, 0xFF, 0xFF, 0xFF, 0xFF, 0xFF, 0xFF, 0xFF, 0xFF,
    0x5F, 0xFF, 0x95, 0xFF, 0xFF, 0xD6, 0xFF, 0xFF, 0xFF, 0xFF, 0xFF, 0xFF, 0xFF, 0xFF, 0xFF, 0xFF,
    0xFF, 0xFF, 0xFF, 0xFF, 0xFF, 0xFF, 0xFF, 0xFF, 0xFF, 0xFF, 0xFF, 0xFF, 0xFF, 0xFF, 0xFF, 0xFF,
    0x09, 0xD6, 0xD5, 0xE5, 0x69, 0x59, 0xD6, 0x5D, 0x66, 0x55, 0x96, 0x65, 0x54, 0x0F, 0xBE, 0xFE,
    0xFE, 0xFB, 0xEF, 0xBE, 0xFF, 0xBE, 0xBF, 0xAF, 0xBE, 0xBC, 0x15, 0x55, 0x55, 0x50, 0xDA, 0xAA,
    0x96, 0x6B, 0xC0, 0x00, 0x00, 0x0F, 0xFF, 0xFF, 0xFF, 0xF0, 0x0F, 0xFF, 0xFF, 0xFF, 0xC0, 0x00,
    0x19, 0x03, 0xFF, 0xC1, 0x99, 0x00, 0xFF, 0xFF, 0xFF, 0xFF, 0xFF, 0xFF, 0xFF, 0xFF, 0xFF, 0xFF,
    0xFF, 0xFF, 0xFF, 0xFF, 0xFF, 0xFF, 0xE9, 0x7F, 0xFF, 0xDB, 0xFF, 0xFF, 0xFF, 0xFF, 0xFF, 0xFF,
    0xFF, 0xFF, 0xFF, 0xFF, 0xFF, 0xFF, 0xFF, 0xFF, 0xFF, 0xFF, 0xFF, 0xFF, 0xFF, 0xFF, 0xFF, 0xFF,
    0xFF, 0xFF, 0xFF, 0xFF, 0x0D, 0x6D, 0x6D, 0x5E, 0x75, 0xE5, 0x99, 0x65, 0x95, 0x69, 0x56, 0x56,
    0x50, 0x0F, 0xBE, 0xEF, 0xAF, 0xAF, 0xBE, 0xFB, 0xEF, 0xBF, 0xFB, 0xFE, 0xFB, 0xEC, 0x15, 0x55,
    0x55, 0x40, 0xAA, 0x65, 0xFF, 0x00, 0x00, 0x00, 0x0F, 0xFF, 0xFF, 0xFF, 0xFF, 0xFF, 0xFF, 0xFF,
    0xFF, 0xFC, 0x00, 0x00, 0x19, 0xC3, 0xFF, 0xF2, 0x69, 0x00, 0xFF, 0xFF, 0xFF, 0xFF, 0xFF, 0xFF,
    0xFF, 0xFF, 0xFF, 0xFF, 0xFF, 0xFF, 0xFF, 0xFF, 0xFF, 0x73, 0xFE, 0x7F, 0xFF, 0xFF, 0xFF, 0xEF,
    0xFF, 0xFF, 0xFF, 0xFF, 0xFF, 0xFF, 0xFF, 0xFF, 0xFF, 0xFF, 0xFF, 0xFF, 0xFF, 0xFF, 0xFF, 0xFF,
    0xFF, 0xFF, 0xFF, 0xFF, 0xFF, 0xFF, 0xFF, 0xFF, 0x01, 0x59, 0x66, 0x95, 0x96, 0x5E, 0x59, 0x95,
    0x96, 0x55, 0x65, 0x59, 0x50, 0x3E, 0xFB, 0xEF, 0xFB, 0xFE, 0xFA, 0xFB, 0xEB, 0xEB, 0xEB, 0xEE,
    0xFB, 0xEC, 0x05, 0x55, 0x55, 0x40, 0x66, 0xFC, 0x00, 0x00, 0x00, 0x03, 0xFF, 0xFF, 0xFF, 0xFF,
    0xFF, 0xFF, 0xFF, 0xFF, 0xFF, 0xF0, 0x00, 0x00, 0x26, 0x43, 0xFF, 0xF0, 0x65, 0x03, 0xFF, 0xFF,
    0xFF, 0xFF, 0xFF, 0xFF, 0xFF, 0xFF, 0xFF, 0xFF, 0xFF, 0xFF, 0xFF, 0xFF, 0xFF, 0x57, 0xFF, 0xFF,
    0xFF, 0xFF, 0xFD, 0x5B, 0xFF, 0xFF, 0xFF, 0xFF, 0xFF, 0xFF, 0xFF, 0xFF, 0xFF, 0xFF, 0xFF, 0xFF,
    0xFF, 0xFF, 0xFF, 0xFF, 0xFF, 0xFF, 0xFF, 0xFF, 0xFF, 0xFF, 0xFF, 0xFF, 0x03, 0x5B, 0x57, 0x69,
    0xDB, 0x55, 0xA5, 0xD6, 0x56, 0x56, 0x55, 0x95, 0x40, 0x3E, 0xFB, 0xFA, 0xFB, 0xBE, 0xCF, 0xEE,
    0xFE, 0xFE, 0xFE, 0xEF, 0xBE, 0xFB, 0x05, 0x55, 0x55, 0x43, 0xC0, 0x00, 0x00, 0x00, 0x0F, 0xFF,
    0xFF, 0xFF, 0xFF, 0xFF, 0xFF, 0xFF, 0xFF, 0xFF, 0xFF, 0xC0, 0x02, 0x90, 0xD6, 0x60, 0xFF, 0xFC,
    0x1A, 0x03, 0xFF, 0xFF, 0xFF, 0xFF, 0xFF, 0xFF, 0xFF, 0xFF, 0xFF, 0xFF, 0xFF, 0xFF, 0xFF, 0xFF,
    0xFF, 0x95, 0xFF, 0xFF, 0xFF, 0xFF, 0xF5, 0x9F, 0xFF, 0xFF, 0xFF, 0xFF, 0xFF, 0xFF, 0xFF, 0xFF,
    0xFF, 0xFF, 0xFF, 0xFF, 0xFF, 0xFF, 0xFF, 0xFF, 0xFF, 0xFF, 0xFF, 0xFF, 0xFF, 0xFF, 0xFF, 0xFF,
    0xC0, 0x65, 0xB5, 0x75, 0x95, 0xB5, 0x96, 0x59, 0x65, 0x65, 0x99, 0x59, 0xC0, 0xFB, 0xEF, 0xBF,
    0xBE, 0xEB, 0xC0, 0x0F, 0xEF, 0xBE, 0xFE, 0xFB, 0xEF, 0xBF, 0x05, 0x55, 0x55, 0xC0, 0x00, 0x00,
    0x00, 0xFF, 0xFF, 0xFF, 0xFF, 0xFF, 0xFF, 0xFF, 0xFF, 0xFF, 0xFF, 0xFF, 0xFF, 0x00, 0xD6, 0x90,
    0x1A, 0x90, 0xFF, 0xC0, 0x29, 0x00, 0xFF, 0xFF, 0xFF, 0xFF, 0xFF, 0xFF, 0xFF, 0xFF, 0xFF, 0xFF,
    0xFF, 0xFF, 0xFF, 0xFF, 0xFF, 0xFF, 0xFF, 0xFF, 0xFF, 0xFF, 0xFF, 0xFF, 0xFF, 0xFF, 0xFF, 0xFF,
    0xFF, 0xFF, 0xFF, 0xFF, 0xFF, 0xFF, 0xFF, 0xFF, 0xFF, 0xFF, 0xFF, 0xFF, 0xFF, 0xFF, 0xFF, 0xFF,
    0xFF, 0xFF, 0xFF, 0xFF, 0xC0, 0x65, 0x96, 0x97, 0x5D, 0x5A, 0x5D, 0x65, 0x95, 0x95, 0x55, 0x96,
    0x03, 0xFB, 0xEF, 0xBE, 0xFE, 0xFF, 0xF0, 0x00, 0x0F, 0xFF, 0xAF, 0xBE, 0xFB, 0xEF, 0x01, 0x55,
    0x55, 0x00, 0x00, 0x33, 0xFF, 0xFF, 0xFF, 0xFF, 0xFF, 0xFF, 0xFF, 0xFF, 0xFF, 0xFF, 0xFF, 0xFF,
    0xFF, 0x02, 0xA5, 0x98, 0x19, 0x98, 0x3C, 0x00, 0x25, 0x03, 0xFF, 0xFF, 0xFF, 0xFF, 0xFF, 0xFF,
    0xFF, 0xFF, 0xFF, 0xFF, 0xFF, 0xFF, 0xFF, 0xFF, 0xFF, 0xFF, 0xFF, 0xFF, 0xFF, 0xFF, 0xFF, 0xFF,
    0xFF, 0xFF, 0xFF, 0xFF, 0xFF, 0xFF, 0xFF, 0xFF, 0xFF, 0xFF, 0xFF, 0xFF, 0xFF, 0xFF, 0xFF, 0xFF,
    0xFF, 0xFF, 0xFF, 0xFF, 0xFF, 0xFF, 0xFF, 0xFF, 0xC0, 0xDD, 0x6D, 0x5A, 0x69, 0x96, 0x59, 0x65,
    0x99, 0x5A, 0x59, 0x54, 0x03, 0xBE, 0xFB, 0xEE, 0xEF, 0xBE, 0xFF, 0x00, 0x00, 0x00, 0xFF, 0xFE,
    0xBE, 0xFA, 0xC1, 0x55, 0x55, 0x03, 0xFF, 0xFF, 0xFF, 0xFF, 0xFF, 0xFF, 0xFF, 0xFF, 0xFF, 0xFF,
    0xFF, 0xFF, 0xFF, 0xFF, 0xFC, 0x0D, 0x69, 0xA8, 0x29, 0x64, 0x30, 0x39, 0x66, 0x03, 0xFF, 0xFF,
    0xFF, 0xFF, 0xFF, 0xFF, 0xFF, 0xFF, 0xFF, 0xFF, 0xFF, 0xFF, 0xFF, 0xFF, 0xFF, 0xFF, 0xFF, 0xFF,
    0xFF, 0xFF, 0xFF, 0xFF, 0xFF, 0xFF, 0xFF, 0xFF, 0xFF, 0xFF, 0xFF, 0xFF, 0xFF, 0xFF, 0xFF, 0xFF,
    0xFF, 0xFF, 0xFF, 0xFF, 0xFF, 0xFF, 0xFF, 0xFF, 0xFF, 0xFF, 0xFF, 0xFF, 0xF0, 0x1A, 0x56, 0xD5,
    0xD6, 0x97, 0x56, 0x59, 0x56, 0x55, 0x59, 0x50, 0x0F, 0xBE, 0xFB, 0xEF, 0xEF, 0xBE, 0xFB, 0x00,
    0x00, 0x00, 0x00, 0x03, 0xFF, 0xFF, 0xC0, 0x55, 0x57, 0x03, 0xFF, 0xFF, 0xFF, 0xFF, 0xFF, 0xFF,
    0xFF, 0xFF, 0xFF, 0xFF, 0xFF, 0xFF, 0xFF, 0xFF, 0xFC, 0x06, 0x9A, 0x54, 0x06, 0xA7, 0x03, 0x5A,
    0x94, 0x0F, 0xFF, 0xFF, 0xFF, 0xFF, 0xFF, 0xFF, 0xFF, 0xFF, 0xFF, 0xFF, 0xFF, 0xFF, 0xFF, 0xFF,
    0xF5, 0x6F, 0xFF, 0xFF, 0xFF, 0xFF, 0xFF, 0xFF, 0xFF, 0xFF, 0xFF, 0xFF, 0xFF, 0xFF, 0xFF, 0xFF,
    0xFF, 0xFF, 0xFF, 0xFF, 0xFF, 0xFF, 0xFF, 0xFF, 0xFF, 0xFF, 0xFF, 0xFF, 0xFF, 0xFF, 0xFF, 0xFF,
    0xF0, 0x05, 0xD5, 0x6D, 0x59, 0x75, 0x65, 0x96, 0x55, 0x65, 0x95, 0x40, 0x3F, 0xEF, 0xBE, 0xFB,
    0xEB, 0xEF, 0xBC, 0x00, 0xC0, 0x00, 0x00, 0x00, 0x00, 0x00, 0x00, 0x55, 0x54, 0x0F, 0xFF, 0xFF,
    0xFF, 0xFF, 0xFF, 0xFF, 0xFF, 0xFF, 0xFF, 0xFF, 0xFF, 0xFF, 0xFF, 0xFF, 0xF0, 0x36, 0x96, 0xA6,
    0x09, 0x96, 0x09, 0x96, 0x9C, 0x0F, 0xFF, 0xFF, 0xFF, 0xFF, 0xFF, 0xFF, 0xFF, 0xFF, 0xFF, 0xFF,
    0xFF, 0xFF, 0xFF, 0xFF, 0xE5, 0xBF, 0xFF, 0xFF, 0xFF, 0xFF, 0xFE, 0x57, 0xF7, 0xFF, 0xFF, 0xFF,
    0xFF, 0xFF, 0xFF, 0xFF, 0xFF, 0xFF, 0xFF, 0xFF, 0xFF, 0xFF, 0xFF, 0xFF, 0xFF, 0xFF, 0xFF, 0xFF,
    0xFF, 0xFF, 0xFF, 0xFF, 0xFC, 0x01, 0x6D, 0x65, 0xA5, 0x65, 0xA5, 0x96, 0x69, 0x65, 0x65, 0x00,
    0xFA, 0xFB, 0xEF, 0xBE, 0xBE, 0xFB, 0xF0, 0x03, 0xFF, 0xF0, 0x00, 0x00, 0x00, 0x00, 0x00, 0x15,
    0x54, 0x0F, 0xFF, 0xFF, 0xFF, 0xFF, 0xFF, 0xFF, 0xFF, 0xFF, 0xFF, 0xFF, 0xFF, 0xFF, 0xFF, 0xFF,
    0xF0, 0x19, 0x69, 0x69, 0x02, 0x6A, 0x25, 0xA5, 0x60, 0x0F, 0xFF, 0xFF, 0xFF, 0xFF, 0xFF, 0xFF,
    0xFF, 0xFF, 0xFF, 0xFF, 0xFF, 0xFF, 0xFF, 0xFF, 0xE7, 0xFF, 0xFF, 0xFF, 0xFF, 0xFF, 0xF5, 0x55,
    0xF6, 0xFF, 0xFF, 0xFF, 0xFF, 0xFF, 0xFF, 0xFF, 0xFF, 0xFF, 0xFF, 0xFF, 0xFF, 0xFF, 0xFF, 0xFF,
    0xFF, 0xFF, 0xFF, 0xFF, 0xFF, 0xFF, 0xFF, 0xFF, 0xFF, 0x03, 0x56, 0x97, 0x5B, 0x59, 0x59, 0x65,
    0x55, 0x56, 0x54, 0x03, 0xFF, 0xBE, 0xFB, 0xEF, 0xFE, 0xFB, 0xC0, 0x0F, 0xFF, 0xFF, 0xFF, 0x00,
    0x00, 0x00, 0x00, 0x00, 0x00, 0x3F, 0xFF, 0xFF, 0xFF, 0xFF, 0xFF, 0xFF, 0xFF, 0xFF, 0xFF, 0xFF,
    0xFF, 0xFF, 0xFF, 0xFF, 0x00, 0x1A, 0x69, 0x99, 0x80, 0x59, 0x6A, 0x69, 0x80, 0x3F, 0xFF, 0xFF,
    0xFF, 0xFF, 0xFF, 0xFF, 0xFF, 0xFF, 0xFF, 0xFF, 0xFF, 0xFF, 0xFF, 0xFF, 0xFF, 0xFF, 0xF5, 0xFF,
    0xFF, 0x7F, 0xFF, 0xAF, 0xFF, 0xFF, 0xFF, 0xFF, 0xFF, 0xFF, 0xFF, 0xFF, 0xFF, 0xFF, 0xFF, 0xFF,
    0xFF, 0xFF, 0xFF, 0xFF, 0xFF, 0xFF, 0xFF, 0xFF, 0xFF, 0xFF, 0xFF, 0xFF, 0xFF, 0x00, 0xD6, 0x59,
    0x65, 0x5A, 0x59, 0x65, 0x96, 0x96, 0x50, 0x0F, 0xEB, 0xEF, 0xBE, 0xFB, 0xEF, 0xBF, 0x00, 0xFF,
    0xFF, 0xFF, 0xFF, 0xFF, 0xF0, 0x00, 0x00, 0x00, 0x00, 0x3F, 0xFF, 0xFF, 0xFF, 0xFF, 0xFF, 0xFF,
    0xFF, 0xFF, 0xFF, 0xFF, 0xFF, 0xFF, 0xFF, 0xFC, 0x00, 0xA6, 0x96, 0x9A, 0x60, 0x25, 0x96, 0x58,
    0x00, 0xFF, 0xFF, 0xFF, 0xFF, 0xFF, 0xFF, 0xFF, 0xFF, 0xFF, 0xFF, 0xFF, 0xFF, 0xFF, 0xFF, 0xFF,
    0xFF, 0xFF, 0x95, 0xFF, 0xFF, 0x5F, 0xFF, 0xFF, 0xFF, 0xFF, 0xFF, 0xFF, 0xFF, 0xFF, 0xFF, 0xFF,
    0xFF, 0xFF, 0xFF, 0xFF, 0xFF, 0xFF, 0xFF, 0xFF, 0xFF, 0xFF, 0xFF, 0xFF, 0xFF, 0xFF, 0xFF, 0xFF,
    0xFF, 0xC0, 0x35, 0x99, 0x96, 0x95, 0xA5, 0x95, 0x95, 0x55, 0x80, 0x3F, 0xBE, 0xFB, 0xEF, 0xBE,
    0xBF, 0xBC, 0x00, 0xFF, 0xFF, 0xFF, 0xFF, 0xFF, 0xFF, 0xFF, 0xFF, 0x00, 0x03, 0xFF, 0xFF, 0xFF,
    0xFF, 0xFF, 0xFF, 0xFF, 0xFF, 0xFF, 0xFF, 0xFF, 0xFF, 0xFF, 0xFF, 0xC0, 0x00, 0x65, 0xA6, 0x96,
    0x98, 0x03, 0x96, 0x80, 0x00, 0xFF, 0xFF, 0xFF, 0xFF, 0xFF, 0xFF, 0xFF, 0xFF, 0xFF, 0xFF, 0xFF,
    0xFF, 0xFF, 0xFF, 0xFF, 0xFF, 0xFF, 0x56, 0xFF, 0xFF, 0x5B, 0xFF, 0xFF, 0xFF, 0xFF, 0xFF, 0xFF,
    0xFF, 0xFF, 0xFF, 0xFF, 0xFF, 0xFF, 0xFF, 0xFF, 0xFF, 0xFF, 0xFF, 0xFF, 0xFF, 0xFF, 0xFF, 0xFF,
    0xFF, 0xFF, 0xFF, 0xFF, 0xFF, 0xF0, 0x03, 0x59, 0x95, 0x96, 0x56, 0x59, 0x59, 0x58, 0x00, 0xFF,
    0xBE, 0xFB, 0xEF, 0xAF, 0xFB, 0xF0, 0x0F, 0xFF, 0xFF, 0xFF, 0xFF, 0xFF, 0xFF, 0xFF, 0xFF, 0xFF,
    0xFF, 0xFF, 0xFF, 0xFF, 0xFF, 0xFF, 0xFF, 0xFF, 0xFF, 0xFF, 0xFF, 0xFF, 0xFF, 0xFF, 0xFF, 0x00,
    0x0A, 0x69, 0x69, 0x69, 0xA6, 0x00, 0x00, 0x00, 0x0F, 0xFF, 0xFF, 0xFF, 0xFF, 0xFF, 0xFF, 0xFF,
    0xFF, 0xFF, 0xFF, 0xFF, 0xFF, 0xFF, 0xFF, 0xFF, 0xFF, 0xF9, 0x5B, 0xFF, 0xFF, 0x96, 0xFF, 0xFF,
    0xFF, 0xFF, 0xFF, 0xFF, 0xFF, 0xFF, 0xFF, 0xFF, 0xFF, 0xFF, 0xFF, 0xFF, 0xFF, 0xFF, 0xFC, 0x00,
    0x0F, 0xFF, 0xFF, 0xFF, 0xFF, 0xFF, 0xFF, 0xFF, 0xFF, 0xFC, 0x00, 0xD5, 0x79, 0x65, 0x65, 0x65,
    0x95, 0x70, 0x03, 0xFA, 0xFB, 0xEF, 0xBE, 0xFB, 0xEF, 0xC0, 0x3F, 0xFF, 0xFF, 0xFF, 0xFF, 0xFF,
    0xFF, 0xFF, 0xFF, 0xFF, 0xFF, 0xFF, 0xFF, 0xFF, 0xFF, 0xFF, 0xFF, 0xFF, 0xFF, 0xFF, 0xFF, 0xFF,
    0xFF, 0xFF, 0xFC, 0x00, 0xD6, 0x96, 0x9A, 0x69, 0x6A, 0x80, 0x00, 0x00, 0xFF, 0xFF, 0xFF, 0xFF,
    0xFF, 0xFF, 0xFF, 0xFF, 0xFF, 0xFF, 0xFF, 0xFF, 0xFF, 0xFF, 0xFF, 0xFF, 0xFF, 0xF5, 0x9F, 0xF9,
    0xFF, 0xD5, 0x7F, 0xFF, 0xFF, 0xFF, 0xFF, 0xFF, 0xFF, 0xFF, 0xFF, 0xFF, 0xFF, 0xFF, 0xFF, 0xFF,
    0xFF, 0xFF, 0xC0, 0x00, 0x00, 0xFF, 0xFF, 0xFF, 0xFF, 0xFF, 0xFF, 0xFF, 0xFF, 0xFF, 0x00, 0x0D,
    0x56, 0x69, 0x65, 0x95, 0x57, 0x00, 0x0F, 0xBF, 0xEF, 0xBE, 0xFB, 0xFB, 0xEC, 0x00, 0xFF, 0xFF,
    0xFF, 0xFF, 0xFF, 0xFF, 0xFF, 0xFF, 0xFF, 0xFF, 0xFF, 0xFF, 0xFF, 0xFF, 0xFF, 0xFF, 0xFF, 0xFF,
    0xFF, 0xFF, 0xFF, 0xFF, 0xFF, 0xFF, 0xFC, 0x02, 0x99, 0x62, 0x5A, 0x5A, 0x59, 0x6A, 0x00, 0x0F,
    0xFF, 0xFF, 0xFF, 0xFF, 0xFF, 0xFF, 0xFF, 0xFF, 0xFF, 0xFF, 0xFF, 0xFF, 0xFF, 0xFF, 0xFF, 0xFF,
    0xFF, 0xD5, 0xAF, 0xF5, 0xFF, 0xE6, 0x56, 0xFF, 0xFF, 0xFF, 0xFF, 0xFF, 0xFF, 0xFF, 0xFF, 0xFF,
    0xFF, 0xFF, 0xFF, 0xFF, 0xFF, 0xFC, 0x00, 0x00, 0x00, 0x0F, 0xFF, 0xFF, 0xFF, 0xFF, 0xFF, 0xFF,
    0xFF, 0xFF, 0xF0, 0x00, 0x15, 0x55, 0x55, 0x56, 0xF0, 0x00, 0xFF, 0xBB, 0xEF, 0xBE, 0xFB, 0xBE,
    0xB0, 0x03, 0xFF, 0xFF, 0xFF, 0xFF, 0xFF, 0xFF, 0xFF, 0xFF, 0xFF, 0xFF, 0xFF, 0xFF, 0xFF, 0xFF,
    0xFF, 0xFF, 0xC0, 0x33, 0xFF, 0xFF, 0xFF, 0xFF, 0xFF, 0xFF, 0xF0, 0x09, 0xA9, 0x40, 0x65, 0xA6,
    0x9A, 0x59, 0x80, 0x3F, 0xFF, 0xFF, 0xFF, 0xFF, 0xFF, 0xFF, 0xFF, 0xFF, 0xFF, 0xFF, 0xFF, 0xFF,
    0xFF, 0xFF, 0xFF, 0xFF, 0xFF, 0xD6, 0x6F, 0xF9, 0xBF, 0xF9, 0x95, 0x7F, 0xFF, 0xFF, 0xFF, 0xFF,
    0xFF, 0xFF, 0xFF, 0xFF, 0xFF, 0xFF, 0xFF, 0xFF, 0xFF, 0xFC, 0x00, 0xEF, 0x00, 0x03, 0xFF, 0xFF,
    0xFF, 0xFF, 0xFF, 0xFF, 0xFF, 0xFF, 0xFC, 0x00, 0x00, 0x3F, 0xFF, 0xC0, 0x00, 0x0F, 0xFB, 0xFA,
    0xFB, 0xEF, 0xBF, 0xBF, 0xC0, 0x0F, 0xFF, 0xFF, 0xFF, 0xFF, 0xFF, 0xFF, 0xFF, 0xFF, 0xFF, 0xFF,
    0xFF, 0xFF, 0xFF, 0xFF, 0xFF, 0xFF, 0x00, 0x00, 0x00, 0x3F, 0xFF, 0xFF, 0xFF, 0xFF, 0xC0, 0x35,
    0x96, 0xB0, 0xA6, 0xA5, 0xA6, 0x99, 0x40, 0xFF, 0xFF, 0xFF, 0xFF, 0xFF, 0xFF, 0xFF, 0xFF, 0xFF,
    0xFF, 0xFF, 0xFF, 0xFF, 0xFF, 0xFF, 0xFF, 0xFF, 0xFF, 0x96, 0x7F, 0xF5, 0x7F, 0xFF, 0x5A, 0x7F,
    0xFF, 0xFF, 0xFF, 0xFF, 0xFF, 0xFF, 0xFF, 0xFF, 0xFF, 0xFF, 0xFF, 0xFF, 0xFF, 0xF0, 0x09, 0x55,
    0xA0, 0x00, 0xFF, 0xFF, 0xFF, 0xFF, 0xFF, 0xFF, 0xFF, 0xFF, 0xFF, 0xC0, 0x00, 0x00, 0x00, 0x00,
    0x00, 0x3F, 0xBB, 0xEF, 0xBE, 0xFB, 0xEF, 0xEB, 0x00, 0x3F, 0xFF, 0xFF, 0xFF, 0xFF, 0xFF, 0xFF,
    0xFF, 0xFF, 0xF3, 0xC0, 0x00, 0x00, 0x00, 0x00, 0x00, 0x00, 0x00, 0x00, 0x00, 0x03, 0xFF, 0xFF,
    0xFF, 0xFF, 0xC0, 0x1A, 0x69, 0x60, 0xDA, 0x5A, 0x65, 0xA6, 0x40, 0x3F, 0xFF, 0xFF, 0xFF, 0xFF,
    0xFF, 0xFF, 0xFF, 0xFF, 0xFF, 0xFF, 0xFF, 0xFF, 0xFF, 0xFF, 0xFF, 0xFF, 0xFF, 0xD6, 0x7F, 0xF6,
    0x7F, 0xFF, 0xE5, 0xBF, 0xFF, 0xFF, 0xFF, 0xFF, 0xFF, 0xFF, 0xFF, 0xFF, 0xFF, 0xFF, 0xFF, 0xFF,
    0xFF, 0xC0, 0x2A, 0xA9, 0x66, 0x00, 0x3F, 0xFF, 0xFF, 0xFF, 0xFF, 0xFF, 0xFF, 0xFF, 0xFF, 0xFC,
    0x00, 0x00, 0x00, 0x00, 0x00, 0x00, 0xFE, 0xFF, 0xBE, 0xFB, 0xEE, 0xFC, 0x03, 0xFF, 0xFF, 0xFF,
    0xFF, 0xFF, 0x30, 0x00, 0x00, 0x00, 0x00, 0x00, 0x00, 0x00, 0x00, 0x00, 0x00, 0x00, 0x09, 0xAB,
    0x00, 0x03, 0xFF, 0xFF, 0xFF, 0xFF, 0x00, 0x9A, 0x69, 0x90, 0x19, 0xA6, 0x6A, 0x66, 0x40, 0x3F,
    0xFF, 0xFF, 0xFF, 0xFF, 0xFF, 0xFF, 0xFF, 0xFF, 0xFF, 0xFF, 0xFF, 0xFF, 0xFF, 0xFF, 0xFF, 0xFF,
    0xFF, 0xD5, 0xBF, 0xFD, 0x7E, 0x8F, 0xFF, 0xFF, 0xFF, 0xFF, 0xFF, 0xFF, 0xFF, 0xFF, 0xFF, 0xFF,
    0xFF, 0xFF, 0xFF, 0xFF, 0xFF, 0xC0, 0x96, 0x5A, 0x69, 0x80, 0x3F, 0xFF, 0xFF, 0xFF, 0xFF, 0xFF,
    0xFF, 0xFF, 0xFF, 0xFF, 0xF0, 0x00, 0x00, 0x00, 0x00, 0x00, 0x00, 0xEB, 0xEF, 0xBE, 0xFE, 0xC0,
    0x0F, 0xFF, 0xFC, 0x30, 0x00, 0x00, 0x00, 0x00, 0x00, 0x00, 0x00, 0x00, 0x00, 0x00, 0x00, 0x00,
    0x00, 0x00, 0x0A, 0x59, 0x59, 0xC3, 0xFF, 0xFF, 0xFF, 0xFF, 0x00, 0x65, 0x96, 0x90, 0x29, 0xA6,
    0x96, 0x6A, 0x60, 0x3F, 0xFF, 0xFF, 0xFF, 0xFF, 0xFF, 0xFF, 0xFF, 0xFF, 0xFF, 0xFF, 0xFF, 0xFF,
    0xFF, 0xFF, 0xFF, 0xFF, 0xFF, 0xD9, 0xFF, 0xFF, 0xFD, 0x7F, 0xFF, 0xFF, 0xFF, 0xFF, 0xFF, 0xFF,
    0xFF, 0xFF, 0xFF, 0xFF, 0xFF, 0xFF, 0xFF, 0xFF, 0xFF, 0x03, 0x69, 0xA6, 0x99, 0xA0, 0x0F, 0xFF,
    0xFF, 0xFF, 0xFF, 0xFF, 0xFF, 0xFF, 0xFF, 0xFF, 0xFF, 0xFF, 0xCF, 0xFF, 0x03, 0xC0, 0x00, 0x3F,
    0xEF, 0xBE, 0xEB, 0x00, 0x00, 0x00, 0x00, 0x00, 0x00, 0x00, 0x00, 0x00, 0x00, 0x00, 0x00, 0x00,
    0x0F, 0x3C, 0xF3, 0xCF, 0x3C, 0xF0, 0x06, 0xA9, 0xA9, 0x80, 0xFF, 0xFF, 0xFF, 0xFF, 0x02, 0x69,
    0xA6, 0x90, 0x26, 0x59, 0xA6, 0x96, 0xA0, 0x3F, 0xFF, 0xFF, 0xFF, 0xFF, 0xFF, 0xFF, 0xFF, 0xFF,
    0xFF, 0xFF, 0xFF, 0xFF, 0xFF, 0xFF, 0xFF, 0xFF, 0xFF, 0xFF, 0xFF, 0xFF, 0xFE, 0x5F, 0xFF, 0xFF,
    0xFF, 0xFF, 0xFF, 0xFF, 0xFF, 0xFF, 0xFF, 0xFF, 0xFF, 0xFF, 0xFF, 0xFF, 0xFF, 0x01, 0x69, 0xA5,
    0x9A, 0x5C, 0x03, 0xFF, 0xFF, 0xFF, 0xFF, 0xFF, 0xFF, 0xFF, 0xFF, 0xFF, 0xFF, 0xFF, 0xFF, 0xFF,
    0x09, 0x9A, 0xA0, 0x0E, 0xFF, 0xFF, 0xF0, 0x00, 0x00, 0x00, 0x00, 0x00, 0x00, 0x00, 0x00, 0x00,
    0xCF, 0xFF, 0xFF, 0xFF, 0xFF, 0xFF, 0xFF, 0xFF, 0xFF, 0xFC, 0x09, 0x96, 0x9A, 0x80, 0xFF, 0xFF,
    0xFF, 0xFC, 0x02, 0x9A, 0x69, 0x6C, 0x26, 0x99, 0x69, 0xA5, 0xA0, 0x3F, 0xFF, 0xFF, 0xFF, 0xFF,
    0xFF, 0xFF, 0xFF, 0xFF, 0xFF, 0xFF, 0xFF, 0xFF, 0xFF, 0xFF, 0xFF, 0xFF, 0xFF, 0xFF, 0xFF, 0xFF,
    0xFF, 0x5F, 0xFF, 0xFF, 0xFF, 0xFF, 0xFF, 0xFF, 0xFF, 0xFF, 0xFF, 0xFF, 0xFF, 0xFF, 0xFF, 0xFF,
    0xFC, 0x0D, 0x96, 0x5A, 0x66, 0x94, 0x00, 0xFF, 0xFF, 0xFF, 0xFF, 0xFF, 0xFF, 0xFF, 0xFF, 0xFF,
    0xFF, 0xFF, 0xFF, 0xFC, 0x29, 0xA6, 0x9A, 0x00, 0x00, 0x00, 0x00, 0x00, 0x00, 0x00, 0x00, 0x03,
    0x3F, 0xFF, 0xFF, 0xFF, 0xFF, 0xFF, 0xFF, 0xFB, 0xEF, 0xBE, 0xFB, 0xEF, 0xBE, 0xF8, 0x39, 0xAA,
    0x59, 0x83, 0xFF, 0xFF, 0xFF, 0xFC, 0x0D, 0x96, 0x5A, 0x5C, 0x29, 0xA6, 0x99, 0x69, 0x60, 0x3F,
    0xFF, 0xFF, 0xFF, 0xFF, 0xFF, 0xFF, 0xFF, 0xFF, 0xFF, 0xFF, 0xFF, 0xFF, 0xFF, 0xFF, 0xFF, 0xFF,
    0xFF, 0xFF, 0xFF, 0xD7, 0xFF, 0xFF, 0xFF, 0xFF, 0xFF, 0xFF, 0xFF, 0xFF, 0xFF, 0xFF, 0xFF, 0xFF,
    0xFF, 0xFF, 0xFF, 0xFF, 0xFC, 0x0A, 0x9A, 0x69, 0x65, 0xA6, 0x00, 0xFF, 0xFF, 0xFF, 0xFF, 0xFF,
    0xFF, 0xFF, 0xFF, 0xFF, 0xFF, 0xFF, 0xFF, 0xFC, 0x2A, 0x69, 0xA5, 0x80, 0x00, 0x00, 0x00, 0x00,
    0x00, 0x0F, 0xFF, 0xFF, 0xFF, 0xFF, 0xFF, 0xBE, 0xFE, 0xFE, 0xFB, 0xBE, 0xFB, 0xEF, 0xBE, 0xFB,
    0xEF, 0xBC, 0x26, 0x66, 0xA9, 0x80, 0xFF, 0xFF, 0xFF, 0xFC, 0x09, 0xA6, 0x96, 0x98, 0x05, 0xA6,
    0x9A, 0x5A, 0x60, 0x3F, 0xFF, 0xFF, 0xFF, 0xFF, 0xFF, 0xFF, 0xFF, 0xFF, 0xFF, 0xFF, 0xFF, 0xFF,
    0xFF, 0xFF, 0xFF, 0xFF, 0xFF, 0xFF, 0xFF, 0xD7, 0xFF, 0xFF, 0xFF, 0xFF, 0xFF, 0xFF, 0xFF, 0xFF,
    0xFF, 0xFF, 0xFF, 0xFF, 0xFF, 0xFF, 0xFF, 0xFF, 0xFC, 0x05, 0xA5, 0xA6, 0xA9, 0x69, 0xC0, 0x3F,
    0xFF, 0xFF, 0xFF, 0xFF, 0xFF, 0xFF, 0xFF, 0xFF, 0xFF, 0xFF, 0xFF, 0xFC, 0x16, 0x99, 0x6A, 0x80,
    0x03, 0xFF, 0xFF, 0xFF, 0xFF, 0xFF, 0xFF, 0xEF, 0xBE, 0xFB, 0xEB, 0xEF, 0xAF, 0xEF, 0xBF, 0xBE,
    0xFB, 0xEF, 0xFF, 0xFE, 0xFB, 0xEC, 0x26, 0xA5, 0xA6, 0x40, 0xFF, 0xFF, 0xFF, 0xFC, 0x0A, 0x69,
    0xA9, 0x98, 0x36, 0x59, 0x66, 0xA6, 0x90, 0x3F, 0xFF, 0xFF, 0xFF, 0xFF, 0xFF, 0xFF, 0xFF, 0xFF,
    0xFF, 0xFF, 0xFF, 0xFF, 0xFF, 0xFF, 0xFF, 0xFF, 0xFF, 0xFF, 0xFF, 0xFF, 0xFF, 0xFF, 0xFF, 0xFF,
    0xFF, 0xFF, 0xFF, 0xFF, 0xFF, 0xFF, 0xFF, 0xFF, 0xFF, 0xFF, 0xFF, 0xFF, 0xFC, 0x09, 0x69, 0x96,
    0x9A, 0x99, 0x40, 0x3F, 0xFF, 0xFF, 0xFF, 0xFF, 0xFF, 0xFF, 0xFF, 0xFF, 0xFF, 0xFF, 0xFF, 0xFC,
    0x1A, 0x9A, 0x9A, 0x43, 0xFF, 0xFF, 0xFF, 0xFF, 0xFE, 0xFF, 0xEF, 0xBE, 0xFB, 0xEF, 0xBE, 0xFB,
    0xFB, 0xEF, 0xBF, 0xFB, 0xFE, 0xFD, 0x55, 0x5B, 0xFB, 0xEC, 0x29, 0x9A, 0x5A, 0x43, 0xFF, 0xFF,
    0xFF, 0xFC, 0x06, 0x59, 0x69, 0x98, 0x2A, 0x69, 0xA5, 0xA5, 0xA0, 0x3F, 0xFF, 0xFF, 0xFF, 0xFF,
    0xFF, 0xFF, 0xFF, 0xFF, 0xFF, 0xFF, 0xFF, 0xFF, 0xFF, 0xFF, 0xFF, 0xFF, 0xFF, 0xFF, 0xFF, 0xFF,
    0xFF, 0xFF, 0xFF, 0xFF, 0xFF, 0xFF, 0xFF, 0xFF, 0xFF, 0xFF, 0xFF, 0xFF, 0xFF, 0xFF, 0xFF, 0xFF,
    0xFC, 0x06, 0x9A, 0x69, 0x65, 0x9A, 0x60, 0x0F, 0xFF, 0xFF, 0xFF, 0xFF, 0xFF, 0xFF, 0xFF, 0xFF,
    0xFF, 0xFF, 0xFF, 0xFC, 0xD9, 0x69, 0xA5, 0x83, 0xFB, 0xFE, 0xFF, 0xBE, 0xEF, 0xAE, 0xFB, 0xFB,
    0xEF, 0xBE, 0xFF, 0xBE, 0xFB, 0xFB, 0xF5, 0x55, 0x57, 0xF9, 0xAF, 0x55, 0xFE, 0xFC, 0x29, 0xAA,
    0x69, 0x80, 0xFF, 0xFF, 0xFF, 0xFC, 0x06, 0x9A, 0x5A, 0x6C, 0x05, 0xA6, 0x9A, 0x5A, 0x60, 0x3F,
    0xFF, 0xFF, 0xFF, 0xFF, 0xFF, 0xFF, 0xFF, 0xFF, 0xFF, 0xFF, 0xFF, 0xFF, 0xFF, 0xFF, 0xFF, 0xFF,
    0xFF, 0xFF, 0xFF, 0xFF, 0xFF, 0xFF, 0xFF, 0xFF, 0xFF, 0xFF, 0xFF, 0xFF, 0xFF, 0xFF, 0xFF, 0xFF,
    0xFF, 0xFF, 0xFF, 0xFF, 0xFC, 0x06, 0x96, 0x69, 0xA6, 0x96, 0x90, 0x0F, 0xFF, 0xFF, 0xFF, 0xFF,
    0xFF, 0xFF, 0xFF, 0xFF, 0xFF, 0xFF, 0xFF, 0xFC, 0xDA, 0xA6, 0x6A, 0x43, 0xFB, 0xEF, 0xAF, 0xBE,
    0xFB, 0xFE, 0xFB, 0xEF, 0xBE, 0xFB, 0xEB, 0xEF, 0xBE, 0xBF, 0xBA, 0xFE, 0xAB, 0xB7, 0xDF, 0x6D,
    0xAF, 0xBC, 0x26, 0x5A, 0x69, 0x40, 0xFF, 0xFF, 0xFF, 0xFC, 0x06, 0x96, 0x96, 0x58, 0x36, 0x96,
    0x5A, 0x69, 0x60, 0x3F, 0xFF, 0xFF, 0xFF, 0xFF, 0xFF, 0xFF, 0xFF, 0xFF, 0xFF, 0xFF, 0xFF, 0xFF,
    0xFF, 0xFF, 0xFF, 0xFF, 0xFF, 0xFF, 0xFF, 0xFF, 0xFF, 0xFF, 0xFF, 0xFF, 0xFF, 0xFF, 0xFF, 0xFF,
    0xFF, 0xFF, 0xFF, 0xFF, 0xFF, 0xFF, 0xFF, 0xFF, 0xFC, 0x02, 0x69, 0x96, 0x9A, 0x69, 0x9C, 0x03,
    0xFF, 0xFF, 0xFF, 0xFF, 0xFF, 0xFF, 0xFF, 0xFF, 0xFF, 0xFF, 0xFF, 0xF0, 0x99, 0xA6, 0x9A, 0x43,
    0xBE, 0xFB, 0xFB, 0xEF, 0xBF, 0xBF, 0xBE, 0xFE, 0xFB, 0xEF, 0xBF, 0xEF, 0xBF, 0xEF, 0xBF, 0xEF,
    0xFF, 0xF5, 0x69, 0x95, 0xFF, 0xBC, 0x26, 0xA5, 0xA6, 0x70, 0xFF, 0xFF, 0xFF, 0xFC, 0x05, 0xA6,
    0xA6, 0x90, 0x26, 0x69, 0xA5, 0xA6, 0x90, 0x3F, 0xFF, 0xFF, 0xFF, 0xFF, 0xFF, 0xFF, 0xFF, 0xFF,
    0xFF, 0xFF, 0xFF, 0xFF, 0xFF, 0xFF, 0xFF, 0xFF, 0xFF, 0xFF, 0xFF, 0xFF, 0xFF, 0xFF, 0xFF, 0xFF,
    0xFF, 0xFF, 0xFF, 0xFF, 0xFF, 0xFF, 0xFF, 0xFF, 0xFF, 0xFF, 0xFF, 0xFF, 0xF0, 0x02, 0x65, 0xA6,
    0x59, 0x69, 0xA4, 0x03, 0xFF, 0xFF, 0xFF, 0xFF, 0xFF, 0xFF, 0xFF, 0xFF, 0xFF, 0xFF, 0xFF, 0xF0,
    0x9A, 0x59, 0x9A, 0x43, 0xFE, 0xFB, 0xFB, 0xEF, 0xEF, 0xBB, 0xEF, 0xBE, 0xFF, 0xBE, 0xFB, 0xFB,
    0xEF, 0xEF, 0xEF, 0xBE, 0xFE, 0xFE, 0x55, 0x9B, 0xFB, 0xEC, 0x29, 0x6A, 0x96, 0xA0, 0xFF, 0xFF,
    0xFF, 0xFC, 0x0A, 0x69, 0x69, 0x90, 0x29, 0x69, 0xA6, 0x96, 0xA0, 0x3F, 0xFF, 0xFF, 0xFF, 0xFF,
    0xFF, 0xFF, 0xFF, 0xFF, 0xFF, 0xFF, 0xFF, 0xFF, 0xFF, 0xFF, 0xFF, 0xFF, 0xFF, 0xFF, 0xFF, 0xFF,
    0xFF, 0xFF, 0xFF, 0xFF, 0xFF, 0xFF, 0xFF, 0xFF, 0xFF, 0xFF, 0xFF, 0xFF, 0xFF, 0xFF, 0xFF, 0xFF,
    0xC0, 0x0D, 0xA0, 0xD6, 0xA6, 0x96, 0x64, 0x03, 0xFF, 0xFF, 0xFF, 0xFF, 0xFF, 0xFF, 0xFF, 0xFF,
    0xFF, 0xFF, 0xFF, 0xF0, 0x35, 0xA9, 0xA6, 0x83, 0xEF, 0xBE, 0xBF, 0xBE, 0xFB, 0xFB, 0xEF, 0xBF,
    0xAF, 0xBF, 0xEF, 0xBE, 0xFA, 0xFA, 0xFE, 0xFB, 0xEF, 0xAF, 0xFF, 0xFF, 0xBE, 0xFC, 0x1A, 0x96,
    0x9A, 0x60, 0xFF, 0xFF, 0xFF, 0xFC, 0x06, 0x5A, 0x59, 0x9C, 0x29, 0x96, 0x5A, 0x69, 0x60, 0x3F,
    0xFF, 0xFF, 0xFF, 0xFF, 0xFF, 0xFF, 0xFF, 0xFF, 0xFF, 0xFF, 0xFF, 0xFF, 0xFF, 0xFF, 0xFF, 0xFF,
    0xFF, 0xFF, 0xFF, 0xFF, 0xFF, 0xFF, 0xFF, 0xFF, 0xFF, 0xFF, 0xFF, 0xFF, 0xFF, 0xFF, 0xFF, 0xFF,
    0xFF, 0xFF, 0xFF, 0xFF, 0x00, 0x29, 0x60, 0x09, 0x66, 0x9A, 0x6A, 0x00, 0xFF, 0xFF, 0xFF, 0xFF,
    0xFF, 0xFF, 0xFF, 0xFF, 0xFF, 0xFF, 0xFF, 0x00, 0x02, 0x6A, 0x66, 0x43, 0xEF, 0xBF, 0xEF, 0xBE,
    0xFB, 0xEF, 0xBE, 0xFB, 0xFB, 0xEB, 0xEF, 0xBE, 0xFF, 0xBF, 0xBE, 0xFF, 0xBF, 0xFF, 0xFF, 0xFF,
    0xBE, 0xFC, 0x25, 0xA9, 0xA9, 0x60, 0x3F, 0xFF, 0xFF, 0xFC, 0x0A, 0x96, 0xA6, 0x90, 0x1A, 0x9A,
    0x69, 0x69, 0x40, 0x3F, 0xFF, 0xFF, 0xFF, 0xFF, 0xFF, 0xFF, 0xFF, 0xFF, 0xFF, 0xFF, 0xFF, 0xFF,
    0xFF, 0xFF, 0xFF, 0xFF, 0xFF, 0xFF, 0xFF, 0xFF, 0xFF, 0xFF, 0xFF, 0xFF, 0xFF, 0xFF, 0xFF, 0xFF,
    0xFF, 0xFF, 0xFF, 0xFF, 0xFF, 0xFF, 0xFF, 0xFF, 0x03, 0x5A, 0x5C, 0x0D, 0xA5, 0xA5, 0x95, 0x00,
    0xFF, 0xFF, 0xFF, 0xFF, 0xFF, 0xFF, 0xFF, 0xFF, 0xFF, 0xFF, 0xFC, 0x0D, 0x40, 0xD6, 0x6A, 0x43,
    0xFB, 0xEF, 0xEF, 0xEF, 0xBE, 0xFE, 0xFB, 0xEF, 0xBE, 0xFE, 0xFB, 0xEF, 0xEF, 0xBF, 0xBF, 0xAF,
    0xBA, 0xFA, 0xFB, 0xEB, 0xEF, 0xAC, 0x2A, 0x5A, 0x69, 0xA0, 0x3F, 0xFF, 0xFF, 0xFC, 0x09, 0xA5,
    0xA6, 0x50, 0x16, 0x69, 0xA6, 0x96, 0x80, 0xFF, 0xFF, 0xFF, 0xFF, 0xFF, 0xFF, 0xFF, 0xFF, 0xFF,
    0xFF, 0xFF, 0xFF, 0xFF, 0xFF, 0xFF, 0xFF, 0xFF, 0xFF, 0xFF, 0xFF, 0xFF, 0xFF, 0xFF, 0xFF, 0xFF,
    0xFF, 0xFF, 0xFF, 0xFF, 0xFF, 0xFF, 0xFF, 0xFF, 0xFF, 0xFF, 0xFF, 0xFC, 0x02, 0x96, 0x94, 0x02,
    0x5A, 0x6A, 0x9A, 0xC0, 0xFF, 0xFF, 0xFF, 0xFF, 0xFF, 0xFF, 0xFF, 0xFF, 0xFF, 0xFF, 0xF0, 0x25,
    0x58, 0x06, 0x99, 0x43, 0xBE, 0xFA, 0xFA, 0xFB, 0xEF, 0xBE, 0xFB, 0xEF, 0xBE, 0xFE, 0xFB, 0xEF,
    0xBE, 0xFB, 0xEB, 0xFB, 0xFF, 0xBF, 0xBE, 0xFE, 0xFB, 0xFC, 0x1A, 0x6A, 0x5A, 0xA0, 0xFF, 0xFF,
    0xFF, 0xFC, 0x01, 0x6A, 0x5A, 0x60, 0xE6, 0x65, 0x96, 0x9A, 0x40, 0xFF, 0xFF, 0xFF, 0xFF, 0xFF,
    0xFF, 0xFF, 0xFF, 0xFF, 0xFF, 0xFF, 0xFF, 0xFF, 0xFF, 0xFF, 0xFF, 0xFF, 0xFF, 0xFF, 0xFF, 0xFF,
    0xFF, 0xFF, 0xFF, 0xFF, 0xFF, 0xFF, 0xFF, 0xFF, 0xFF, 0xFF, 0xFF, 0xFF, 0xC0, 0x0F, 0xFF, 0xFC,
    0x09, 0xA6, 0xA6, 0x00, 0x6A, 0x59, 0x69, 0x80, 0x3F, 0xFF, 0xFF, 0xFF, 0xFF, 0xFF, 0xFF, 0xFF,
    0xFF, 0xFF, 0xC0, 0x55, 0x57, 0x01, 0xAA, 0x43, 0xEF, 0xFF, 0xBF, 0xFB, 0xEF, 0xBF, 0xBE, 0xFB,
    0xEF, 0xBF, 0xBE, 0xFB, 0xFB, 0xEF, 0xFF, 0xFB, 0xEF, 0xBF, 0xBE, 0xFE, 0xFB, 0xEC, 0x25, 0xA5,
    0xA6, 0x60, 0x3F, 0xFF, 0xFF, 0xFF, 0x02, 0x5A, 0x69, 0x60, 0x9A, 0x6A, 0x69, 0x69, 0x40, 0x3F,
    0xFF, 0xFF, 0xFF, 0xFF, 0xFF, 0xFF, 0xFF, 0xFF, 0xFF, 0xFF, 0xFF, 0xFF, 0xFF, 0xFF, 0xFF, 0xFF,
    0xFF, 0xFF, 0xFF, 0xFF, 0xFF, 0xFF, 0xFF, 0xFF, 0xFF, 0xFF, 0xFF, 0xFF, 0xFF, 0xFF, 0xFF, 0xFC,
    0x00, 0x00, 0xFF, 0xF0, 0x05, 0xA5, 0x69, 0xC0, 0xA5, 0xA6, 0x96, 0x40, 0x3F, 0xFF, 0xFF, 0xFF,
    0xFF, 0xFF, 0xFF, 0xFF, 0xFF, 0xFF, 0x01, 0x56, 0x55, 0x80, 0x66, 0xB3, 0xFB, 0xAF, 0xFE, 0xFE,
    0xFB, 0xEB, 0xEF, 0xBE, 0xFB, 0xEB, 0xFE, 0xFB, 0xEF, 0xBE, 0xBE, 0xBE, 0xFB, 0xEB, 0xEF, 0xAF,
    0xEF, 0xEC, 0x2A, 0x5A, 0xA6, 0x60, 0x3F, 0xFF, 0xFF, 0xFF, 0x02, 0x96, 0x96, 0x80, 0x99, 0x96,
    0x69, 0xA5, 0x80, 0xFF, 0xFF, 0xFF, 0xFF, 0xFF, 0xFF, 0xFF, 0xFF, 0xFF, 0xFF, 0xFF, 0xFF, 0xFF,
    0xFF, 0xFF, 0xFF, 0xFF, 0xFF, 0xFF, 0xFF, 0xFF, 0xFF, 0xFF, 0xFF, 0xFF, 0xFF, 0xFF, 0xFF, 0xFF,
    0xFF, 0xFF, 0xFF, 0xFC, 0x00, 0x00, 0xFF, 0xF0, 0x2A, 0x5A, 0x99, 0x40, 0x1A, 0x66, 0x9A, 0x40,
    0x3F, 0xFF, 0xFF, 0xFF, 0xFF, 0xFF, 0xFF, 0xFF, 0xFF, 0xFC, 0x05, 0x95, 0x95, 0x70, 0xA5, 0x73,
    0xBF, 0xFA, 0xF5, 0xAF, 0xBE, 0xFE, 0xFF, 0xFE, 0xFB, 0xFE, 0xEF, 0xBE, 0xFE, 0xFB, 0xEF, 0xEF,
    0xBE, 0xFE, 0xFB, 0xFB, 0xEE, 0xFC, 0x26, 0xA9, 0x69, 0xA0, 0xFF, 0xFF, 0xFF, 0xFF, 0x00, 0x69,
    0xA6, 0x40, 0x69, 0xA6, 0x96, 0x9A, 0x80, 0xFF, 0xFF, 0xFF, 0xFF, 0xFF, 0xFF, 0xFF, 0xFF, 0xFF,
    0xFF, 0xFF, 0xFF, 0xFF, 0xFF, 0xFF, 0xFF, 0xFF, 0xFF, 0xFF, 0xFF, 0xFF, 0xFF, 0xFF, 0xFF, 0xFF,
    0xFF, 0xFF, 0xFF, 0xFF, 0xFF, 0xFF, 0xFF, 0xFF, 0x00, 0x03, 0xFF, 0xF0, 0x1A, 0x69, 0x9A, 0x70,
    0x1A, 0x69, 0x69, 0x70, 0x3F, 0xFF, 0xFF, 0xFF, 0xFF, 0xFF, 0xFF, 0xFF, 0xFF, 0xF0, 0x15, 0x59,
    0x59, 0x50, 0x9A, 0x43, 0xFA, 0xFF, 0xB5, 0x7F, 0xBF, 0xBF, 0xBA, 0x5F, 0xFF, 0xBE, 0xFB, 0xEF,
    0xBE, 0xFB, 0xFB, 0xEF, 0xBF, 0xEF, 0xBE, 0xFB, 0xFE, 0xFC, 0x25, 0x9A, 0x9A, 0x50, 0x3F, 0xFF,
    0xFF, 0xFF, 0xC0, 0xA9, 0x69, 0x82, 0x66, 0x69, 0xA6, 0x59, 0x00, 0xFF, 0xFF, 0xFF, 0xFF, 0xFF,
    0xFF, 0xFF, 0xFF, 0xFF, 0xFF, 0xFF, 0xFF, 0xFF, 0xFF, 0xFF, 0xFF, 0xFF, 0xFF, 0xFF, 0xFF, 0xFF,
    0xFF, 0xFF, 0xFF, 0xFF, 0xFF, 0xFF, 0xFF, 0xFF, 0xFF, 0xFF, 0xFF, 0xFF, 0xFF, 0xFF, 0xFF, 0xF0,
    0x16, 0x96, 0x96, 0x90, 0x35, 0x9A, 0x66, 0xA0, 0x3F, 0xFF, 0xFF, 0xFF, 0xFF, 0xFF, 0xFF, 0xFF,
    0xFF, 0xF0, 0x55, 0x55, 0x65, 0x60, 0x6A, 0x73, 0xFF, 0xAF, 0xD5, 0xF7, 0xFB, 0x5F, 0xBF, 0x5A,
    0x56, 0xBF, 0xBE, 0xFB, 0xEF, 0xBF, 0xBE, 0xFB, 0xE9, 0xBF, 0xBE, 0xFF, 0xBF, 0xAC, 0x2A, 0x59,
    0xA6, 0x90, 0x3F, 0xFF, 0xFF, 0xFF, 0xC0, 0x16, 0x99, 0x89, 0xA6, 0x59, 0x69, 0xA5, 0x03, 0xFF,
    0xFF, 0xFF, 0xFF, 0xFF, 0xFF, 0xFF, 0xFF, 0xFF, 0xFF, 0xFF, 0xFF, 0xFF, 0xFF, 0xFF, 0xFF, 0xFF,
    0xFF, 0xFF, 0xFF, 0xFF, 0xFF, 0xFF, 0xFF, 0xFF, 0xFF, 0xFF, 0xFF, 0xFF, 0xFF, 0xFF, 0xFF, 0xFF,
    0xFF, 0xFF, 0xFF, 0xF0, 0x25, 0xA6, 0x69, 0x90, 0x06, 0x96, 0x96, 0x50, 0x0F, 0xFF, 0xFF, 0xFF,
    0xFF, 0xFF, 0xFF, 0xFF, 0xFF, 0xF0, 0x59, 0xA5, 0x65, 0x60, 0x66, 0x73, 0xEF, 0xF5, 0xD5, 0xD7,
    0x59, 0x5F, 0xF5, 0x55, 0x55, 0x5B, 0xEF, 0xBF, 0xEF, 0xE7, 0x6D, 0xBE, 0xF5, 0x7B, 0xEF, 0xB5,
    0xBB, 0xFC, 0x26, 0xA9, 0x69, 0xA0, 0x3F, 0xFF, 0xFF, 0xFF, 0xF0, 0x06, 0x9A, 0x5A, 0x5A, 0x9A,
    0x59, 0xA6, 0x03, 0xFF, 0xFF, 0xFF, 0xFF, 0xFF, 0xFF, 0xFF, 0xFF, 0xFF, 0xFF, 0xFF, 0xFF, 0xFF,
    0xFF, 0xFF, 0xFF, 0xFF, 0xFF, 0xFF, 0xFF, 0xFF, 0xFF, 0xFF, 0xFF, 0xFF, 0xFF, 0xFF, 0xFF, 0xFF,
    0xFF, 0xFF, 0xFF, 0xFF, 0xFF, 0xFF, 0xFF, 0xF0, 0xDA, 0x69, 0x69, 0x98, 0x0A, 0x69, 0xA9, 0xA0,
    0x0F, 0xFF, 0xFF, 0xFF, 0xFF, 0xFF, 0xFF, 0xFF, 0xFF, 0xF0, 0x55, 0x56, 0x56, 0x50, 0xA6, 0x70,
    0xEE, 0xF5, 0x56, 0xD6, 0x55, 0x7E, 0xD5, 0x55, 0x65, 0x57, 0xEF, 0xFA, 0xFB, 0xD5, 0x59, 0xFE,
    0xF5, 0x7E, 0xFF, 0xD5, 0x5F, 0xBC, 0x25, 0xA6, 0x99, 0x90, 0x3F, 0xFF, 0xFF, 0xFF, 0xFC, 0x02,
    0x56, 0x96, 0x99, 0xA6, 0xA6, 0x66, 0x03, 0xFF, 0xFF, 0xFF, 0xFF, 0xFF, 0xFF, 0xFF, 0xFF, 0xFF,
    0xFF, 0xFF, 0xFF, 0xFF, 0xFF, 0xFF, 0xFF, 0xFF, 0xFF, 0xFF, 0xFF, 0xFF, 0xFF, 0xFF, 0xFF, 0xFF,
    0xFF, 0xFF, 0xFF, 0xFF, 0xFF, 0xFF, 0xFF, 0xFF, 0xFF, 0xFF, 0xFF, 0xF0, 0x1A, 0x5A, 0x96, 0x98,
    0x09, 0x69, 0x69, 0x90, 0x0F, 0xFF, 0xFF, 0xFF, 0xFF, 0xFF, 0xFF, 0xFF, 0xFF, 0xF0, 0x56, 0x56,
    0x56, 0x50, 0xAA, 0x60, 0xFE, 0x5E, 0x56, 0x56, 0x55, 0x7E, 0xEE, 0x55, 0xBF, 0x57, 0xFB, 0x55,
    0x6D, 0xD5, 0x55, 0xEF, 0xB5, 0xBE, 0x5B, 0x9A, 0x5F, 0xBC, 0x2A, 0x5A, 0x9A, 0x90, 0x3F, 0xFF,
    0xFF, 0xFF, 0xFF, 0x00, 0xE1, 0x69, 0xA5, 0xA5, 0xA6, 0x64, 0x03, 0xFF, 0xFF, 0xFF, 0xFF, 0xFF,
    0xFF, 0xFF, 0xFF, 0xFF, 0xFF, 0xFF, 0xFF, 0xFF, 0xFF, 0xFF, 0xFF, 0xFF, 0xFF, 0xFF, 0xFF, 0xFF,
    0xFF, 0xFF, 0xFF, 0xFF, 0xFF, 0xFF, 0xFF, 0xFF, 0xFF, 0xFF, 0xFF, 0xFF, 0xFF, 0xFF, 0xFF, 0xF0,
    0x16, 0x99, 0xA6, 0x68, 0x0A, 0x96, 0x96, 0x90, 0x0F, 0xFF, 0xFF, 0xFF, 0xFF, 0xFF, 0xFF, 0xFF,
    0xFF, 0xF0, 0x65, 0x65, 0x65, 0x50, 0x99, 0x83, 0xBF, 0x5B, 0x95, 0x6F, 0x65, 0x7E, 0xFF, 0x59,
    0x57, 0x9F, 0xBE, 0x55, 0x59, 0x65, 0xB6, 0xFB, 0xF5, 0x9D, 0x57, 0x5F, 0x5F, 0xEC, 0x26, 0xA5,
    0xA5, 0x90, 0x3F, 0xFF, 0xFF, 0xFF, 0xFF, 0xC0, 0x02, 0xA5, 0xA6, 0x5A, 0x5A, 0x98, 0x0F, 0xFF,
    0xFF, 0xFF, 0xFF, 0xFF, 0xFF, 0xFF, 0xFF, 0xFF, 0xFF, 0xFF, 0xFF, 0xFF, 0xFF, 0xFF, 0xFF, 0xFF,
    0xFF, 0xFF, 0xFF, 0xFF, 0xFF, 0xFF, 0xFF, 0xFF, 0xFF, 0xFF, 0xFF, 0xFF, 0xFF, 0xFF, 0xFF, 0xFF,
    0xFF, 0xFF, 0xFF, 0xF0, 0x29, 0xA5, 0xA6, 0x64, 0x09, 0xA6, 0x9A, 0x5C, 0x0F, 0xFF, 0xFF, 0xFF,
    0xFF, 0xFF, 0xFF, 0xFF, 0xFF, 0xF0, 0xD5, 0x95, 0x65, 0x90, 0xA9, 0x60, 0xEB, 0xD7, 0x5A, 0x7F,
    0x55, 0x5F, 0xBB, 0x5F, 0x55, 0xFF, 0xBD, 0x65, 0xD5, 0x66, 0xFE, 0xBF, 0xA5, 0xD9, 0x67, 0x55,
    0x9E, 0xFC, 0x26, 0x6A, 0x6A, 0x90, 0x3F, 0xFF, 0xFF, 0xFF, 0xFF, 0xF0, 0x01, 0x9A, 0x5A, 0x9A,
    0x69, 0x98, 0x0F, 0xFF, 0xFF, 0xFF, 0xFF, 0xFF, 0xFF, 0xFF, 0xFF, 0xFF, 0xFF, 0xFF, 0xFF, 0xFF,
    0xFF, 0xFF, 0xFF, 0xFF, 0xFF, 0xFF, 0xFF, 0xFF, 0xFF, 0xFF, 0xFF, 0xFF, 0xFF, 0xFF, 0xFF, 0xFF,
    0xFF, 0xFF, 0xFF, 0xFF, 0xFF, 0xFF, 0xFF, 0xF0, 0x19, 0x6A, 0x5A, 0x64, 0x09, 0x69, 0x69, 0x9C,
    0x0F, 0xFF, 0xFF, 0xFF, 0xFF, 0xFF, 0xFF, 0xFF, 0xFF, 0xF0, 0x15, 0x96, 0x55, 0x70, 0x96, 0xA0,
    0xFE, 0xE5, 0x5D, 0x7F, 0x5A, 0x9F, 0xBF, 0x5B, 0xD6, 0xFB, 0xED, 0x75, 0xD5, 0x57, 0x55, 0x6E,
    0x55, 0x95, 0xA7, 0x55, 0x9F, 0xBC, 0x2A, 0x5A, 0x65, 0xAC, 0x3F, 0xFF, 0xFF, 0xFF, 0xFF, 0xFF,
    0x01, 0x9A, 0x69, 0xA5, 0xA5, 0x90, 0x0F, 0xFF, 0xFF, 0xFF, 0xFF, 0xFF, 0xFF, 0xFF, 0xFF, 0xFF,
    0xFF, 0xFF, 0xFF, 0xFF, 0xFF, 0xFF, 0xFF, 0xFF, 0xFF, 0xFF, 0xFF, 0xFF, 0xFF, 0xFF, 0xFF, 0xFF,
    0xFF, 0xFF, 0xFF, 0xFF, 0xFF, 0xFF, 0xFF, 0xFF, 0xFF, 0xFF, 0xFF, 0xF0, 0x26, 0x96, 0x99, 0xA4,
    0x0A, 0x5A, 0x65, 0x90, 0x0F, 0xFF, 0xFF, 0xFF, 0xFF, 0xFF, 0xFF, 0xFF, 0xFF, 0xFC, 0x15, 0x56,
    0x5A, 0x70, 0x6A, 0x70, 0xEF, 0xF5, 0x6D, 0x56, 0xFF, 0x9B, 0xEF, 0x5E, 0xFF, 0xBE, 0xFD, 0x75,
    0xD9, 0x66, 0x55, 0x7E, 0x65, 0x9D, 0x97, 0x55, 0x5B, 0xEC, 0x25, 0xA5, 0xAA, 0x5C, 0x3F, 0xFF,
    0xFF, 0xFF, 0xFF, 0xFF, 0x02, 0x96, 0x96, 0x69, 0x9A, 0x60, 0x3F, 0xFF, 0xFF, 0xFF, 0xFF, 0xFF,
    0xFF, 0xFF, 0xFF, 0xFF, 0xFF, 0xFF, 0xFF, 0xFF, 0xFF, 0xFF, 0xFF, 0xFF, 0xFF, 0xFF, 0xFF, 0xFF,
    0xFF, 0xFF, 0xFF, 0xFF, 0xFF, 0xFF, 0xFF, 0xFF, 0xFF, 0xFF, 0xFF, 0xFF, 0xFF, 0xFF, 0xFF, 0xFC,
    0x06, 0x99, 0xA5, 0x97, 0x06, 0xA6, 0x9A, 0x9C, 0x0F, 0xFF, 0xFF, 0xFF, 0xFF, 0xFF, 0xFF, 0xFF,
    0xFF, 0xFC, 0x35, 0x65, 0x55, 0x50, 0x66, 0x60, 0xEF, 0xBE, 0xBE, 0x55, 0xBF, 0xEF, 0xEF, 0xAF,
    0xFB, 0xD7, 0xED, 0x75, 0xD9, 0x67, 0xFF, 0xBF, 0xF5, 0xD5, 0xD7, 0x55, 0x5F, 0xEC, 0x36, 0xA9,
    0x96, 0x90, 0x3F, 0xFF, 0xFF, 0xFF, 0xFF, 0xFF, 0x02, 0x69, 0xA6, 0x5A, 0x5A, 0x40, 0x3F, 0xFF,
    0xFF, 0xFF, 0xFF, 0xFF, 0xFF, 0xFF, 0xFF, 0xFF, 0xFF, 0xFF, 0xFF, 0xFF, 0xFF, 0xFF, 0xFF, 0xFF,
    0xFF, 0xFF, 0xFF, 0xFF, 0xFF, 0xFF, 0xFF, 0xFF, 0xFF, 0xFF, 0xFF, 0xFF, 0xFF, 0xFF, 0xFF, 0xFF,
    0xFF, 0xFF, 0xFF, 0xFC, 0x09, 0xA9, 0x6A, 0x68, 0x05, 0xA5, 0x99, 0x9C, 0x0F, 0xFF, 0xFF, 0xFF,
    0xFF, 0xFF, 0xFF, 0xFF, 0xFF, 0xFC, 0x05, 0x65, 0x95, 0x50, 0xA6, 0x60, 0xFB, 0xEF, 0xFF, 0xFA,
    0xFA, 0xFE, 0xFE, 0xF5, 0x95, 0x97, 0xEE, 0x76, 0xD5, 0x55, 0xD6, 0xFB, 0xF5, 0x99, 0xD7, 0x69,
    0x9E, 0xFC, 0x26, 0x5A, 0xA9, 0x9C, 0x3F, 0xFF, 0xFF, 0xFF, 0xFF, 0xFF, 0xC0, 0x69, 0x69, 0xA6,
    0xA5, 0x80, 0xFF, 0xFF, 0xFF, 0xFF, 0xFF, 0xFF, 0xFF, 0xFF, 0xFF, 0xFF, 0xFF, 0xFF, 0xFF, 0xFF,
    0xFF, 0xFF, 0xFF, 0xFF, 0xFF, 0xFF, 0xFF, 0xFF, 0xFF, 0xFF, 0xF0, 0xFF, 0xFF, 0xFF, 0xFF, 0xFF,
    0xFF, 0xFF, 0xFF, 0xFF, 0xFF, 0xFF, 0xFF, 0xFF, 0x02, 0x5A, 0x5A, 0x66, 0x29, 0x69, 0xA5, 0x90,
    0x0F, 0xFF, 0xFF, 0xFF, 0xFF, 0xFF, 0xFF, 0xFF, 0xFF, 0xFC, 0x05, 0x95, 0x96, 0x5C, 0x1A, 0x70,
    0xFB, 0xF5, 0x6F, 0xD5, 0x79, 0x5F, 0xB5, 0x55, 0x55, 0x5B, 0xFE, 0x65, 0x5A, 0x65, 0x95, 0xBE,
    0xBD, 0x9D, 0x5B, 0x59, 0xDF, 0xB8, 0x39, 0xA6, 0x5A, 0x9C, 0x3F, 0xFF, 0xFF, 0xFF, 0xFF, 0xFF,
    0xC0, 0x9A, 0x5A, 0x96, 0x65, 0x00, 0xFF, 0xFF, 0xFF, 0xFF, 0xFF, 0xFF, 0xFF, 0xFF, 0xFF, 0xFF,
    0xFF, 0xFF, 0xFF, 0xFF, 0xFF, 0xFF, 0xFF, 0xFF, 0xFF, 0xFF, 0xFF, 0xFF, 0xFF, 0xFF, 0xC0, 0x0F,
    0xFF, 0xFF, 0xFF, 0xFF, 0xFF, 0xFF, 0xFF, 0xFF, 0xFF, 0xFC, 0xFF, 0xFF, 0x00, 0x96, 0xA5, 0xA5,
    0x96, 0x9A, 0x6A, 0x50, 0x0F, 0xFF, 0xFF, 0xFF, 0xFF, 0xFF, 0xFF, 0xFF, 0xFF, 0xFF, 0x01, 0x55,
    0x65, 0x50, 0xDA, 0x60, 0xEF, 0xB5, 0x57, 0xD5, 0x65, 0x5B, 0xD5, 0x55, 0x55, 0xAF, 0xBF, 0x55,
    0x5E, 0x75, 0x7E, 0xFF, 0xED, 0xBE, 0x5B, 0x9D, 0x5F, 0xBC, 0x35, 0xA6, 0xA5, 0x90, 0x3F, 0xFF,
    0xFF, 0xFF, 0xFF, 0xFF, 0xC0, 0x26, 0xA5, 0xA9, 0x68, 0x03, 0xFF, 0xFF, 0xFF, 0xFF, 0xFF, 0xFF,
    0xFF, 0xFF, 0xFF, 0xFF, 0xFF, 0xFF, 0xFF, 0xFF, 0xFF, 0xFF, 0xFF, 0xFF, 0xFF, 0xFF, 0xFF, 0xFF,
    0xFF, 0xFF, 0xC0, 0x03, 0xFF, 0xFF, 0xFF, 0xFF, 0xFF, 0xFF, 0xFF, 0xFF, 0xFF, 0x00, 0x0F, 0xFF,
    0xC0, 0x25, 0x69, 0x69, 0xA6, 0x96, 0x5A, 0x60, 0x0F, 0xFF, 0xFF, 0xFF, 0xFF, 0xFF, 0xFF, 0xFF,
    0xFF, 0xFF, 0xC0, 0x35, 0x55, 0x60, 0x96, 0xA0, 0xFE, 0xD5, 0x95, 0x97, 0x66, 0xD7, 0xD7, 0xD6,
    0xA5, 0xFF, 0xBB, 0xEA, 0xBF, 0xA7, 0x5F, 0xEB, 0xED, 0x7F, 0xFF, 0x95, 0x5F, 0xEC, 0x26, 0x99,
    0xA6, 0x90, 0x3F, 0xFF, 0xFF, 0xFF, 0xFF, 0xFF, 0xF0, 0x09, 0x69, 0x69, 0x90, 0x03, 0xFF, 0xFF,
    0xFF, 0xFF, 0xFF, 0xFF, 0xFF, 0xFF, 0xFF, 0xFF, 0xFF, 0xFF, 0xFF, 0xFF, 0xFF, 0xFF, 0xFF, 0xFF,
    0xFF, 0xFF, 0xFF, 0xFF, 0xFF, 0xFF, 0x05, 0x80, 0x0F, 0xFF, 0xFF, 0xFF, 0xFF, 0xFF, 0xFF, 0xFF,
    0xFC, 0x00, 0x0F, 0xFF, 0xF0, 0x03, 0x96, 0xA6, 0x69, 0x69, 0xA5, 0xA0, 0x3F, 0xFF, 0xFF, 0xFF,
    0xFF, 0xFF, 0xFF, 0xFF, 0xFF, 0xFF, 0xC0, 0x00, 0x25, 0x83, 0x69, 0x70, 0xEF, 0xD6, 0xE5, 0x5B,
    0x75, 0xEF, 0x97, 0xD6, 0x65, 0x5B, 0xFB, 0xFF, 0xFB, 0xF7, 0xDB, 0xFE, 0xFD, 0x5F, 0xBE, 0xE6,
    0xFA, 0xFF, 0x09, 0x9A, 0x5A, 0x6C, 0x3F, 0xFF, 0xFF, 0xFF, 0xFF, 0xFF, 0xFC, 0x03, 0x5A, 0x55,
    0x80, 0x0F, 0xFF, 0xFF, 0xFF, 0xFF, 0xFF, 0xFF, 0xFF, 0xFF, 0xFF, 0xFF, 0xFF, 0xFF, 0xFF, 0xFF,
    0xFF, 0xFF, 0xFF, 0xFF, 0xFF, 0xCF, 0xFF, 0xFF, 0xFF, 0xF0, 0xD5, 0x58, 0x03, 0xFF, 0xFF, 0xFF,
    0xFF, 0xFF, 0xFF, 0xFF, 0xFC, 0x00, 0x3F, 0xFF, 0xFC, 0x00, 0x00, 0x06, 0x5A, 0x69, 0xA6, 0x60,
    0x3F, 0xFF, 0xFF, 0xFF, 0xFF, 0xFF, 0xFF, 0xFF, 0xFF, 0xFF, 0xFF, 0x00, 0x00, 0x0D, 0x6A, 0x60,
    0xEF, 0x97, 0xE5, 0x5B, 0x55, 0xFE, 0xD6, 0xD6, 0x55, 0x56, 0xFE, 0xBE, 0xFB, 0xF6, 0xEF, 0xBE,
    0xF9, 0x5F, 0xBE, 0xFF, 0xFF, 0xBF, 0x05, 0xA6, 0xA9, 0x90, 0x3F, 0xFF, 0xFF, 0xFF, 0xFF, 0xFF,
    0xFC, 0x00, 0x26, 0x98, 0x00, 0x3F, 0xFF, 0xFF, 0xFF, 0xFF, 0xFF, 0xFF, 0xFF, 0xFF, 0xFF, 0xFF,
    0xFF, 0xFF, 0xFF, 0xFF, 0xFF, 0xFF, 0xFF, 0xFF, 0xFF, 0x03, 0xFF, 0xFF, 0xFF, 0xC0, 0x55, 0x5C,
    0x3F, 0xFF, 0xFF, 0xFF, 0xFF, 0xFF, 0xFF, 0xFF, 0xFC, 0x0F, 0xFF, 0xFF, 0xFF, 0x00, 0x00, 0x0D,
    0xA6, 0x96, 0x5A, 0x70, 0x3F, 0xFF, 0xFF, 0xFF, 0xFF, 0xFF, 0xFF, 0xFF, 0xFF, 0xFF, 0xFF, 0xF0,
    0xC0, 0x35, 0xA6, 0x60, 0xFB, 0xE7, 0xD5, 0x57, 0xD6, 0xFB, 0xE5, 0x55, 0x55, 0xA7, 0xEF, 0xEF,
    0xBE, 0xFF, 0xFE, 0xFB, 0xEF, 0xFB, 0xEF, 0xFB, 0xAF, 0xE8, 0x36, 0xA5, 0xA5, 0x90, 0x3F, 0xFF,
    0xFF, 0xFF, 0xFF, 0xFF, 0xFF, 0xC0, 0x00, 0x00, 0x00, 0xFF, 0xFF, 0xFF, 0xFF, 0xFF, 0xFF, 0xFF,
    0xFF, 0xFF, 0xFF, 0xFF, 0xFF, 0xFF, 0xFF, 0xFF, 0xFF, 0xFF, 0xFF, 0xFF, 0xFF, 0x03, 0xFF, 0xFF,
    0xFF, 0xFC, 0x35, 0x60, 0xFF, 0xFF, 0xFF, 0xFF, 0xFF, 0xFF, 0xFF, 0xFF, 0xFF, 0xFF, 0xFF, 0xFF,
    0xFF, 0xFC, 0x3C, 0x01, 0xA5, 0xA6, 0x99, 0x40, 0x3F, 0xFF, 0xFF, 0xFF, 0xFF, 0xFF, 0xFF, 0xFF,
    0xFF, 0xFF, 0xFF, 0xF0, 0x96, 0x6A, 0x96, 0xA0, 0xFB, 0xFF, 0x57, 0xD5, 0xFF, 0xEF, 0xBD, 0x6A,
    0xF9, 0xFF, 0xBE, 0xFB, 0xEF, 0xAF, 0xBE, 0xFB, 0xEF, 0xFB, 0xEF, 0xBF, 0xFA, 0xFF, 0x36, 0x5A,
    0x6A, 0x90, 0x3F, 0xFF, 0xFF, 0xFF, 0xFF, 0xFF, 0xFF, 0xF0, 0x00, 0x00, 0x0F, 0xFF, 0xFF, 0xFF,
    0xFF, 0xFF, 0xFF, 0xFF, 0xFF, 0xFF, 0xFF, 0xFF, 0xFF, 0xFF, 0xFF, 0xFF, 0xFF, 0xFF, 0xFF, 0xFF,
    0xFC, 0x00, 0xFF, 0xFF, 0xFF, 0xFF, 0x01, 0x43, 0xFF, 0xFF, 0xFF, 0xFF, 0xFF, 0xFF, 0xFF, 0xFF,
    0xFF, 0xFF, 0xFF, 0xFF, 0xFF, 0xFF, 0xFF, 0xC3, 0x5A, 0x69, 0xA9, 0x80, 0xFF, 0xFF, 0xFF, 0xFF,
    0xFF, 0xFF, 0xFF, 0xFF, 0xFF, 0xFF, 0xFF, 0xF0, 0xAA, 0x59, 0xA9, 0x70, 0xEF, 0xBB, 0x9F, 0xE5,
    0xBE, 0xFE, 0xFF, 0xFF, 0xF9, 0xFB, 0xFB, 0xFB, 0xEF, 0xFB, 0xEF, 0xBE, 0xFE, 0xBE, 0xFB, 0xEE,
    0xFF, 0xFF, 0x06, 0xAA, 0x5A, 0x50, 0x3F, 0xFF, 0xFF, 0xFF, 0xFF, 0xFF, 0xFF, 0xFF, 0x00, 0x00,
    0xFF, 0xFF, 0xFF, 0xFF, 0xFF, 0xFF, 0xFF, 0xFF, 0xFF, 0xFF, 0xFF, 0xFF, 0xFF, 0xFF, 0xFF, 0xFF,
    0xFF, 0xFF, 0xFF, 0xFF, 0xF0, 0x00, 0xFF, 0xFF, 0xFF, 0xFF, 0xC2, 0x0F, 0xFF, 0xFF, 0xFF, 0xFF,
    0xFF, 0xFF, 0xFF, 0xFF, 0xFF, 0xFF, 0xFF, 0xFF, 0xFF, 0xFF, 0xFF, 0xC0, 0x9A, 0x59, 0x65, 0x00,
    0xFF, 0xFF, 0xFF, 0xFF, 0xFF, 0xFF, 0xFF, 0xFF, 0xFF, 0xFF, 0xFF, 0xF0, 0x9A, 0x9A, 0x5A, 0x60,
    0xEF, 0xBF, 0xFE, 0xF9, 0x6F, 0xBE, 0xFB, 0xEF, 0xBF, 0xBE, 0xFB, 0xBE, 0xFE, 0xFB, 0xEF, 0xBE,
    0xFB, 0xFE, 0xFB, 0xEF, 0xAF, 0xAF, 0x05, 0x96, 0xA6, 0xA0, 0x3F, 0xFF, 0xFF, 0xFF, 0xFF, 0xFF,
    0xFF, 0xFF, 0xFF, 0xFF, 0xFF, 0xFF, 0xFF, 0xFF, 0xFF, 0xFF, 0xFF, 0xFF, 0xFF, 0xFF, 0xFF, 0xFF,
    0xFF, 0xFF, 0xFF, 0xFF, 0xFF, 0xFF, 0xFF, 0xFF, 0xC0, 0x50, 0x3F, 0xFF, 0xFF, 0xFF, 0xF0, 0x0F,
    0xFF, 0xFF, 0xFF, 0xFF, 0xFF, 0xFF, 0xFF, 0xFF, 0xFF, 0xFF, 0xFF, 0xFF, 0xFF, 0xFF, 0xFF, 0xC0,
    0x25, 0xAA, 0x58, 0x00, 0xFF, 0xFF, 0xFF, 0xFF, 0xFF, 0xFF, 0xFF, 0xFF, 0xFF, 0xFF, 0xFF, 0xF0,
    0xD6, 0xA6, 0xA6, 0xA3, 0xFB, 0xEE, 0xFB, 0xFD, 0x6F, 0xBF, 0xBE, 0xFB, 0xEF, 0xBE, 0xFF, 0xBE,
    0xFB, 0xEF, 0xBE, 0xFB, 0xEF, 0xBF, 0xBE, 0xFB, 0xFE, 0xFB, 0x0A, 0x69, 0xA5, 0x90, 0x3F, 0xFF,
    0xFF, 0xFF, 0xFF, 0xFF, 0xFF, 0xFF, 0xFF, 0xFF, 0xFF, 0xFF, 0xFF, 0xFF, 0xFF, 0xFF, 0xFF, 0xFF,
    0xFF, 0xFF, 0xFF, 0xFF, 0xFF, 0xFF, 0xFF, 0xFF, 0xFF, 0xFF, 0xFF, 0xFC, 0x02, 0x54, 0x03, 0xFF,
    0xFF, 0xFF, 0xFC, 0x3F, 0xFF, 0xFF, 0xFF, 0xFF, 0xFF, 0xFF, 0xFF, 0xFF, 0xFF, 0xFF, 0xFF, 0xF3,
    0xFF, 0xFF, 0xFF, 0xF0, 0x02, 0x55, 0xA0, 0x03, 0xFF, 0xFF, 0xFF, 0xFF, 0xFF, 0xFF, 0xFF, 0xFF,
    0xFF, 0xFF, 0xFF, 0xF0, 0xDA, 0x66, 0x69, 0x70, 0xFB, 0xEF, 0xBF, 0xAF, 0xBE, 0xFB, 0xEF, 0xBE,
    0xFB, 0xEF, 0xAF, 0xEF, 0xBF, 0xBE, 0xFB, 0xEF, 0xBE, 0xFB, 0xEF, 0xFB, 0xEF, 0xFB, 0x06, 0x69,
    0x9A, 0x90, 0x3F, 0xFF, 0xFF, 0xFF, 0xFF, 0xFF, 0xFF, 0xFF, 0xFF, 0xFF, 0xFF, 0xFF, 0xFF, 0xFF,
    0xFF, 0xFF, 0xFF, 0xFF, 0xFF, 0xFF, 0xFF, 0xFF, 0xFF, 0xFF, 0xFF, 0xFF, 0xFF, 0xFF, 0xFF, 0xF0,
    0x05, 0x55, 0x00, 0xFF, 0xFF, 0xFF, 0xFF, 0xFF, 0xFF, 0xFF, 0xFF, 0xFF, 0xFF, 0xFF, 0xFF, 0xFF,
    0xFF, 0xFF, 0xFF, 0xC0, 0xFF, 0xFF, 0xFF, 0xFC, 0x00, 0x2B, 0x00, 0x0F, 0xFF, 0xFF, 0xFF, 0xFF,
    0xFF, 0xFF, 0xFF, 0xFF, 0xFF, 0xFF, 0xFF, 0xF0, 0xD9, 0x6A, 0x5A, 0x73, 0xBE, 0xFB, 0xEF, 0xFB,
    0xFE, 0xFB, 0xEF, 0xBE, 0xFB, 0xEF, 0xFA, 0xFF, 0xBE, 0xFB, 0xEF, 0xBF, 0xBF, 0xEF, 0xEF, 0xBE,
    0xFB, 0xBF, 0x06, 0x96, 0x9A, 0x60, 0x3F, 0xFF, 0xFF, 0xFF, 0xFF, 0xFF, 0xFF, 0xFF, 0xFF, 0xFF,
    0xFF, 0xFF, 0xFF, 0xFF, 0xFF, 0xFF, 0xFF, 0xFF, 0xFF, 0xFF, 0xFF, 0xFF, 0xFF, 0xFF, 0xFF, 0xFF,
    0xFF, 0xFF, 0xFF, 0x00, 0x15, 0x55, 0x80, 0x0F, 0xFF, 0xFF, 0xFF, 0xFF, 0xFF, 0xFF, 0xFF, 0xFF,
    0xFF, 0xFF, 0xFF, 0xFF, 0xFF, 0xFF, 0xFF, 0x00, 0xFF, 0xFF, 0xFF, 0xFF, 0x00, 0x00, 0x00, 0x3F,
    0xFF, 0xFF, 0xFF, 0xFF, 0xFF, 0xFF, 0xFF, 0xFF, 0xFF, 0xFF, 0xFF, 0xF0, 0xDA, 0x99, 0xA6, 0x60,
    0xFE, 0xFE, 0xFA, 0xFE, 0xEF, 0xBE, 0xFB, 0xEF, 0xBE, 0xFA, 0xFF, 0xBB, 0xEF, 0xEF, 0xBE, 0xFB,
    0xEB, 0xEE, 0xFB, 0xEF, 0xBF, 0xBF, 0x06, 0x9A, 0x69, 0x60, 0x3F, 0xFF, 0xFF, 0xFF, 0xFF, 0xFF,
    0xFF, 0xFF, 0xFF, 0xFF, 0xFF, 0xFF, 0xFF, 0xFF, 0xFF, 0xFF, 0xFF, 0xFF, 0xFF, 0xFF, 0xFF, 0xFF,
    0xFF, 0xFF, 0xFF, 0xFF, 0xFF, 0xFF, 0xFC, 0x01, 0x55, 0x55, 0x70, 0x0F, 0xFF, 0xFF, 0xFF, 0xFF,
    0xFF, 0xFF, 0xFF, 0xFF, 0xFF, 0xFF, 0xFF, 0xFF, 0xFF, 0xFF, 0xFC, 0x03, 0xFF, 0xFF, 0xFF, 0xFF,
    0xF0, 0x00, 0x00, 0xFF, 0xFF, 0xFF, 0xFF, 0xFF, 0xFF, 0xFF, 0xFF, 0xFF, 0xFF, 0xFF, 0xFF, 0xFC,
    0x16, 0x9A, 0x9A, 0x73, 0xEF, 0xAF, 0xBF, 0xAF, 0xEF, 0xBE, 0xFB, 0xEF, 0xBE, 0xFF, 0xAF, 0xFB,
    0xEF, 0xBE, 0xFB, 0xEF, 0xFE, 0xFE, 0xFB, 0xEF, 0xBE, 0xFB, 0x06, 0x69, 0xA6, 0xA0, 0xFF, 0xFF,
    0xFF, 0xFF, 0xFF, 0xFF, 0xFF, 0xFF, 0xFF, 0xFF, 0xFF, 0xFF, 0xFF, 0xFF, 0xFF, 0xFF, 0xFF, 0xFF,
    0xFF, 0xFF, 0xFF, 0xFF, 0xFF, 0xFF, 0xFF, 0xFF, 0xFF, 0xFF, 0xFC, 0x03, 0x55, 0x55, 0xC0, 0x0F,
    0xFF, 0xFF, 0xFF, 0xFF, 0xFF, 0xFF, 0xFF, 0xFF, 0xFF, 0xFF, 0xFF, 0xFF, 0xFF, 0xFF, 0xF0, 0x03,
    0xFF, 0xFF, 0xFF, 0xFF, 0xFF, 0x00, 0x0F, 0xFF, 0xFF, 0xFF, 0xFF, 0xFF, 0xFF, 0xFF, 0xFF, 0xFF,
    0xFF, 0xFF, 0xFF, 0xF0, 0x1A, 0x69, 0x69, 0x73, 0xEF, 0xFF, 0xFB, 0xFE, 0xFB, 0xEF, 0xFF, 0xFB,
    0xEF, 0xEF, 0xFA, 0xFE, 0xFB, 0xFB, 0xEF, 0xEE, 0xBE, 0xFB, 0xEF, 0xBE, 0xFB, 0xEF, 0x0A, 0x69,
    0x9A, 0x60, 0x3F, 0xFF, 0xFF, 0xFF, 0xFF, 0xFF, 0xFF, 0xFF, 0xFF, 0xFF, 0xFF, 0xFF, 0xFF, 0xFF,
    0xFF, 0xFF, 0xFF, 0xFF, 0xFF, 0xFF, 0xFF, 0xFF, 0xFF, 0xFF, 0xFF, 0xFF, 0xFF, 0xFF, 0xFF, 0x00,
    0x15, 0x66, 0x00, 0x3F, 0xFF, 0xFF, 0xFF, 0xFF, 0xFF, 0xFF, 0xFF, 0xFF, 0xFF, 0xFF, 0xFF, 0xFF,
    0xFF, 0xFF, 0xF0, 0x3F, 0xFF, 0xFF, 0xFF, 0xFF, 0xFF, 0xFF, 0xFF, 0xFF, 0xFF, 0xFF, 0xFF, 0xFF,
    0xFF, 0xFF, 0xFF, 0xFF, 0xFF, 0xFF, 0xFF, 0xFC, 0x1A, 0x69, 0xA6, 0xA0, 0xFA, 0xF6, 0xFF, 0xEF,
    0xBE, 0xF5, 0x95, 0xBF, 0xEF, 0xBE, 0xFF, 0xAF, 0xFB, 0xEF, 0xBE, 0xFF, 0xEF, 0xBF, 0xBE, 0xFF,
    0xEF, 0xBF, 0x06, 0x96, 0x9A, 0x60, 0x3F, 0xFF, 0xFF, 0xFF, 0xFF, 0xFF, 0xFF, 0xFF, 0xFF, 0xFF,
    0xFF, 0xFF, 0xFF, 0xFF, 0xFF, 0xFF, 0xFF, 0xFF, 0xFF, 0xFF, 0xFF, 0xFF, 0xFF, 0xFF, 0xFF, 0xFF,
    0xFF, 0xFF, 0xFF, 0xC0, 0x09, 0x58, 0x00, 0xFF, 0xFF, 0xFF, 0xFF, 0xFF, 0xFF, 0xFF, 0xFF, 0xFF,
    0xFF, 0xFF, 0xFF, 0xFF, 0xFF, 0xFF, 0xFF, 0xFF, 0xFF, 0xFF, 0xFF, 0xFF, 0xFF, 0xFF, 0xFF, 0xFF,
    0xFF, 0xFF, 0xFF, 0xFF, 0xFF, 0xFF, 0xFF, 0xFF, 0xFF, 0xFF, 0xFF, 0xFC, 0x25, 0xA6, 0x9A, 0x43,
    0xBF, 0xE5, 0x55, 0x55, 0x5F, 0xE5, 0x55, 0x7E, 0xFB, 0xFB, 0xEF, 0xFB, 0xBE, 0xFE, 0xFB, 0xEB,
    0xEF, 0xBE, 0xFB, 0xEB, 0xEF, 0xBB, 0x09, 0xA6, 0xA6, 0xA0, 0xFF, 0xFF, 0xFF, 0xFF, 0xFF, 0xFF,
    0xFF, 0xFF, 0xFF, 0xFF, 0xFF, 0xFF, 0xFF, 0xFF, 0xFF, 0xFF, 0xFF, 0xFF, 0xFF, 0xFF, 0xFF, 0xFF,
    0xFF, 0xFF, 0xFF, 0xFF, 0xFF, 0xFF, 0xFF, 0xFC, 0x03, 0x50, 0x0F, 0xFF, 0xFF, 0xFF, 0xFF, 0xFF,
    0xFF, 0xFF, 0xFF, 0xFF, 0xFF, 0xFF, 0xFF, 0xFF, 0xFF, 0xFF, 0xFF, 0xFF, 0xFF, 0xFF, 0xFF, 0xFF,
    0xFF, 0xFF, 0xFF, 0xFF, 0xFF, 0xFF, 0xFF, 0xFF, 0xFF, 0xFF, 0xFF, 0xFF, 0xFF, 0xFF, 0xFF, 0xFC,
    0x2A, 0x96, 0x9A, 0x73, 0xFB, 0xF5, 0x56, 0xA6, 0xFB, 0xFF, 0xBE, 0xFB, 0xFB, 0xEF, 0xBE, 0xFB,
    0xEF, 0xBE, 0xFF, 0xBF, 0xFB, 0xEF, 0xEF, 0xBE, 0xFB, 0xFF, 0x09, 0xA9, 0x69, 0x60, 0x3F, 0xFF,
    0xFF, 0xFF, 0xFF, 0xFF, 0xFF, 0xFF, 0xFF, 0xFF, 0xFF, 0xFF, 0xFF, 0xFF, 0xFF, 0xFF, 0xFF, 0xFF,
    0xFF, 0xFF, 0xFF, 0xFF, 0xFF, 0xFF, 0xFF, 0xFF, 0xFF, 0xFF, 0xFF, 0xFF, 0x00, 0x70, 0x3F, 0xFF,
    0xFF, 0xFF, 0xFF, 0xFF, 0xFF, 0xFF, 0xFF, 0xFF, 0xFF, 0xFF, 0xFF, 0xFF, 0xFF, 0xFF, 0xFF, 0xFF,
    0xFF, 0xFF, 0xFF, 0xFF, 0xFF, 0xFF, 0xFF, 0xFF, 0xFF, 0xFF, 0xFF, 0xFF, 0xFF, 0xFF, 0xFF, 0xFF,
    0xFF, 0xFF, 0xFF, 0xFC, 0x1A, 0x69, 0xA6, 0x63, 0xFB, 0xBF, 0xFF, 0xFF, 0xFB, 0xBF, 0xFF, 0xEF,
    0xBE, 0xFE, 0xFB, 0xEF, 0xEF, 0xBF, 0xAF, 0xBE, 0xBF, 0xEF, 0xBF, 0xFF, 0xBF, 0xAF, 0x0A, 0x5A,
    0x9A, 0x60, 0xFF, 0xFF, 0xFF, 0xFF, 0xFF, 0xFF, 0xFF, 0xFF, 0xFF, 0xFF, 0xFF, 0xFF, 0xFF, 0xFF,
    0xFF, 0xFF, 0xFF, 0xFF, 0xFF, 0xFF, 0xFF, 0xFF, 0xFF, 0xFF, 0xFF, 0xFF, 0xFF, 0xFF, 0xFF, 0xFF,
    0xF0, 0x00, 0xFF, 0xFF, 0xFF, 0xFF, 0xFF, 0xFF, 0xFF, 0xFF, 0xFF, 0xFF, 0xFF, 0xFF, 0xFF, 0xFF,
    0xFF, 0xFF, 0xFF, 0xFF, 0xFF, 0xFF, 0xFF, 0xFF, 0xFF, 0xFF, 0xFF, 0xFF, 0xFF, 0xFF, 0xFF, 0xFF,
    0xFF, 0xFF, 0xFF, 0xFF, 0xFF, 0xFF, 0xFF, 0xFC, 0x25, 0xA9, 0xA6, 0x43, 0xEF, 0xBF, 0xBF, 0xFF,
    0xBF, 0xBA, 0xEB, 0xEF, 0xBE, 0xFB, 0xEF, 0xBE, 0xFB, 0xEB, 0xFB, 0xFB, 0xEE, 0xFB, 0xFA, 0xEB,
    0xEF, 0xFB, 0x0A, 0x69, 0x96, 0xA0, 0x3F, 0xFF, 0xFF, 0xFF, 0xFF, 0xFF, 0xFF, 0xFF, 0xFF, 0xFF,
    0xFF, 0xFF, 0xFF, 0xFF, 0xFF, 0xFF, 0xFF, 0xFF, 0xFF, 0xFF, 0xFF, 0xFF, 0xFF, 0xFF, 0xFF, 0xFF,
    0xFF, 0xFF, 0xFF, 0xFF, 0xF0, 0x00, 0xFF, 0xFF, 0xFF, 0xFF, 0xFF, 0xFF, 0xFF, 0xFF, 0xFF, 0xFF,
    0xFF, 0xFF, 0xFF, 0xFF, 0xFF, 0xFF, 0xFF, 0xFF, 0xFF, 0xFF, 0xFF, 0xFF, 0xFF, 0xFF, 0xFF, 0xFF,
    0xFF, 0xFF, 0xFF, 0xFF, 0xFF, 0xFF, 0xFF, 0xFF, 0xFF, 0xFF, 0xFF, 0xFC, 0x2A, 0x5A, 0x5A, 0x43,
    0xEF, 0xEB, 0xEE, 0xBB, 0xEF, 0xFF, 0xFE, 0xFB, 0xEF, 0xBF, 0xBE, 0xFE, 0xFF, 0xFF, 0xFF, 0xFF,
    0xFF, 0xFF, 0xFF, 0xFF, 0xFF, 0xFF, 0x09, 0xA6, 0xA9, 0x70, 0x3F, 0xFF, 0xFF, 0xFF, 0xFF, 0xFF,
    0xFF, 0xFF, 0xFF, 0xFF, 0xFF, 0xFF, 0xFF, 0xFF, 0xFF, 0xFF, 0xFF, 0xFF, 0xFF, 0xFF, 0xFF, 0xFF,
    0xFF, 0xFF, 0xFF, 0xFF, 0xFF, 0xFF, 0xFF, 0xFF, 0xFC, 0x03, 0xFF, 0xFF, 0xFF, 0xFF, 0xFF, 0xFF,
    0xFF, 0xFF, 0xFF, 0xFF, 0xFF, 0xFF, 0xFF, 0xFF, 0xFF, 0xFF, 0xFF, 0xFF, 0xFF, 0xFF, 0xFF, 0xFF,
    0xFF, 0xFF, 0xFF, 0xFF, 0xFF, 0xFF, 0xFF, 0xFF, 0xFF, 0xFF, 0xFF, 0xFF, 0xFF, 0xFF, 0xFF, 0xFC,
    0x36, 0xA6, 0xA6, 0xB3, 0xFE, 0xFF, 0xFF, 0xFF, 0xFF, 0xFF, 0xFF, 0xFF, 0xFF, 0xFC, 0xC3, 0x00,
    0x00, 0x00, 0x00, 0x00, 0x00, 0x00, 0x00, 0x00, 0x00, 0x00, 0x0A, 0x9A, 0x6A, 0x40, 0xFF, 0xFF,
    0xFF, 0xFF, 0xFF, 0xFF, 0xFF, 0xFF, 0xFF, 0xFF, 0xFF, 0xFF, 0xFF, 0xFF, 0xFF, 0xFF, 0xFF, 0xFF,
    0xFF, 0xFF, 0xFF, 0xFF, 0xFF, 0xFF, 0xFF, 0xFF, 0xFF, 0xFF, 0xFF, 0xFF, 0xFC, 0x03, 0xFF, 0xFF,
    0xFF, 0xFF, 0xFF, 0xFF, 0xFF, 0xFF, 0xFF, 0xFF, 0xFF, 0xFF, 0xFF, 0xFF, 0xFF, 0xFF, 0xFF, 0xFF,
    0xFF, 0xFF, 0xFF, 0xFF, 0xFF, 0xFF, 0xFF, 0xFF, 0xFF, 0xFF, 0xFF, 0xFF, 0xFF, 0xFF, 0xFF, 0xFF,
    0xFF, 0xFF, 0xFF, 0xFC, 0x06, 0x69, 0x69, 0x40, 0x00, 0x00, 0x00, 0x00, 0x00, 0x00, 0x00, 0x00,
    0x00, 0x00, 0x00, 0x00, 0x00, 0x00, 0x00, 0x00, 0x00, 0x00, 0x00, 0x00, 0x00, 0x00, 0x09, 0x59,
    0x56, 0x80, 0xFF, 0xFF, 0xFF, 0xFF, 0xFF, 0xFF, 0xFF, 0xFF, 0xFF, 0xFF, 0xFF, 0xFF, 0xFF, 0xFF,
    0xFF, 0xFF, 0xFF, 0xFF, 0xFF, 0xFF, 0xFF, 0xFF, 0xFF, 0xFF, 0xFF, 0xFF, 0xFF, 0xFF, 0xFF, 0xFF,
    0xFF, 0x0F, 0xFF, 0xFF, 0xFF, 0xFF, 0xFF, 0xFF, 0xFF, 0xFF, 0xFF, 0xFF, 0xFF, 0xFF, 0xFF, 0xFF,
    0xFF, 0xFF, 0xFF, 0xFF, 0xFF, 0xFF, 0xFF, 0xFF, 0xFF, 0xFF, 0xFF, 0xFF, 0xFF, 0xFF, 0xFF, 0xFF,
    0xFF, 0xFF, 0xFF, 0xFF, 0xFF, 0xFF, 0xFF, 0xFF, 0x0A, 0x5A, 0x9A, 0x40, 0x00, 0x00, 0x00, 0x00,
    0x00, 0x00, 0x00, 0x00, 0x00, 0x00, 0x00, 0x00, 0x00, 0x00, 0x00, 0x00, 0x00, 0x00, 0x00, 0x00,
    0x00, 0x00, 0x03, 0xAA, 0xA0, 0x00, 0xFF, 0xFF, 0xFF, 0xFF, 0xFF, 0xFF, 0xFF, 0xFF, 0xFF, 0xFF,
    0xFF, 0xFF, 0xFF, 0xFF, 0xFF, 0xFF, 0xFF, 0xFF, 0xFF, 0xFF, 0xFF, 0xFF, 0xFF, 0xFF, 0xFF, 0xFF,
    0xFF, 0xFF, 0xFF, 0xFF, 0xFF, 0x0F, 0xFF, 0xFF, 0xFF, 0xFF, 0xFF, 0xFF, 0xFF, 0xFF, 0xFF, 0xFF,
    0xFF, 0xFF, 0xFF, 0xFF, 0xFF, 0xFF, 0xFF, 0xFF, 0xFF, 0xFF, 0xFF, 0xFF, 0xFF, 0xFF, 0xFF, 0xFF,
    0xFF, 0xFF, 0xFF, 0xFF, 0xFF, 0xFF, 0xFF, 0xFF, 0xFF, 0xFF, 0xFF, 0xFF, 0x09, 0xA6, 0x96, 0x40,
    0x00, 0x00, 0x00, 0x00, 0x00, 0x00, 0x00, 0x00, 0x00, 0x0C, 0xF3, 0xFF, 0xFF, 0xFF, 0xFF, 0xFF,
    0xFF, 0xFF, 0xFF, 0xFF, 0xFF, 0xFF, 0x00, 0x00, 0x00, 0x03, 0xFF, 0xFF, 0xFF, 0xFF, 0xFF, 0xFF,
    0xFF, 0xFF, 0xFF, 0xFF, 0xFF, 0xFF, 0xFF, 0xFF, 0xFF, 0xFF, 0xFF, 0xFF, 0xFF, 0xFF, 0xFF, 0xFF,
    0xFF, 0xFF, 0xFF, 0xFF, 0xFF, 0xFF, 0xFF, 0xFF, 0xFF, 0xFF, 0xFF, 0xFF, 0xFF, 0xFF, 0xFF, 0xFF,
    0xFF, 0xFF, 0xFF, 0xFF, 0xFF, 0xFF, 0xFF, 0xFF, 0xFF, 0xFF, 0xFF, 0xFF, 0xFF, 0xFF, 0xFF, 0xFF,
    0xFF, 0xFF, 0xFF, 0xFF, 0xFF, 0xFF, 0xFF, 0xFF, 0xFF, 0xFF, 0xFF, 0xFF, 0xFF, 0xFF, 0xFF, 0xFF,
    0x01, 0x65, 0x6A, 0x03, 0xFF, 0xFF, 0xFF, 0xFF, 0xFF, 0xFF, 0xFF, 0xFF, 0xFF, 0xFF, 0xFF, 0xFF,
    0xFF, 0xFF, 0xFF, 0xFF, 0xFF, 0xFF, 0xFF, 0xFF, 0xFF, 0xFF, 0xC0, 0x00, 0x00, 0x3F, 0xFF, 0xFF,
    0xFF, 0xFF, 0xFF, 0xFF, 0xFF, 0xFF, 0xFF, 0xFF, 0xFF, 0xFF, 0xFF, 0xFF, 0xFF, 0xFF, 0xFF, 0xFF,
    0xFF, 0xFF, 0xFF, 0xFF, 0xFF, 0xFF, 0xFF, 0xFF, 0xFF, 0xFF, 0xFF, 0xFF, 0xFF, 0xFF, 0xFF, 0xFF,
    0xFF, 0xFF, 0xFF, 0xFF, 0xFF, 0xFF, 0xFF, 0xFF, 0xFF, 0xFF, 0xFF, 0xFF, 0xFF, 0xFF, 0xFF, 0xFF,
    0xFF, 0xFF, 0xFF, 0xFF, 0xFF, 0xFF, 0xFF, 0xFF, 0xFF, 0xFF, 0xFF, 0xFF, 0xFF, 0xFF, 0xFF, 0xFF,
    0xFF, 0xFF, 0xFF, 0xFF, 0x00, 0x0F, 0x00, 0x03, 0xFF, 0xFF, 0xFF, 0xFF, 0xFF, 0xFF, 0xFF, 0xFF,
    0xFF, 0xFF, 0xFF, 0xFF, 0xFF, 0xFF, 0xFF, 0xFF, 0xFF, 0xFF, 0xFF, 0xFF, 0xFF, 0xFF, 0xFC, 0x00,
    0x0F, 0xFF, 0xFF, 0xFF, 0xFF, 0xFF, 0xFF, 0xFF, 0xFF, 0xFF, 0xFF, 0xFF, 0xFF, 0xFF, 0xFF, 0xFF,
    0xFF, 0xFF, 0xFF, 0xFF, 0xFF, 0xFF, 0xFF, 0xFF, 0xFF, 0xFF, 0xFF, 0xFF, 0xFF, 0xFF, 0xFF, 0xFF,
    0xFF, 0xFF, 0xFF, 0xFF, 0xFF, 0xFF, 0xFF, 0xFF, 0xFF, 0xFF, 0xFF, 0xFF, 0xFF, 0xFF, 0xFF, 0xFF,
    0xFF, 0xFF, 0xFF, 0xFF, 0xFF, 0xFF, 0xFF, 0xFF, 0xFF, 0xFF, 0xFF, 0xFF, 0xFF, 0xFF, 0xFF, 0xFF,
    0xFF, 0xFF, 0xFF, 0xFF, 0xFF, 0xFF, 0xFF, 0xFF, 0xC0, 0x00, 0x00, 0x0F, 0xFF, 0xFF, 0xFF, 0xFF,
    0xFF, 0xFF, 0xFF, 0xFF, 0xFF, 0xFF, 0xFF, 0xFF, 0xFF, 0xFF, 0xFF, 0xFF, 0xFF, 0xFF, 0xFF, 0xFF,
    0xFF, 0xFF, 0xFF, 0xFF, 0xFF, 0xFF, 0xFF, 0xFF, 0xFF, 0xFF, 0xFF, 0xFF, 0xFF, 0xFF, 0xFF, 0xFF,
    0xFF, 0xFF, 0xFF, 0xFF, 0xFF, 0xFF, 0xFF, 0xFF, 0xFF, 0xFF, 0xFF, 0xFF, 0xFF, 0xFF, 0xFF, 0xFF,
    0xFF, 0xFF, 0xFF, 0xFF, 0xFF, 0xFF, 0xFF, 0xFF, 0xFF, 0xFF, 0xFF, 0xFF, 0xFF, 0xFF, 0xFF, 0xFF,
    0xFF, 0xFF, 0xFF, 0xFF, 0xFF, 0xFF, 0xFF, 0xFF, 0xFF, 0xFF, 0xFF, 0xFF, 0xFF, 0xFF, 0xFF, 0xFF,
    0xFF, 0xFF, 0xFF, 0xFF, 0xFF, 0xFF, 0xFF, 0xFF, 0xFF, 0xFF, 0xFF, 0xFF, 0xFC, 0x00, 0x03, 0xFF,
    0xFF, 0xFF, 0xFF, 0xFF, 0xFF, 0xFF, 0xFF, 0xFF, 0xFF, 0xFF, 0xFF, 0xFF, 0xFF, 0xFF, 0xFF, 0xFF,
    0xFF, 0xFF, 0xFF, 0xFF, 0xFF, 0xFF, 0xFF, 0xFF, 0xFF, 0xFF, 0xFF, 0xFF, 0xFF, 0xFF, 0xFF, 0xFF,
    0xFF, 0xFF, 0xFF, 0xFF, 0xFF, 0xFF, 0xFF, 0xFF, 0xFF, 0xFF, 0xFF, 0xFF, 0xFF, 0xFF, 0xFF, 0xFF,
    0xFF, 0xFF, 0xFF, 0xFF, 0xFF, 0xFF, 0xFF, 0xFF, 0xFF, 0xFF, 0xFF, 0xFF, 0xFF, 0xFF, 0xFF, 0xFF,
    0xFF, 0xFF, 0xFF, 0xFF, 0xFF, 0xFF, 0xFF, 0xFF, 0xFF, 0xFF, 0xFF, 0xFF, 0xFF, 0xFF, 0xFF, 0xFF,
    0xFF, 0xFF, 0xFF, 0xFF, 0xFF, 0xFF, 0xFF, 0xFF, 0xFF, 0xFF, 0xFF, 0xFF, 0xFF, 0xFF, 0xFF, 0xFF,
    0xFF, 0xFF, 0xFF, 0xFF, 0xFF, 0xFF, 0xFF, 0xFF, 0xFF, 0xFF, 0xFF, 0xFF, 0xFF, 0xFF, 0xFF, 0xFF,
    0xFF, 0xFF, 0xFF, 0xFF, 0xFF, 0xFF, 0xFF, 0xFF, 0xFF, 0xFF, 0xFF, 0xFF, 0xFF, 0xFF, 0xFF, 0xFF,
    0xFF, 0xFF, 0xFF, 0xFF, 0xFF, 0xFF, 0xFF, 0xFF, 0xFF, 0xFF, 0xFF, 0xFF, 0xFF, 0xFF, 0xFF, 0xFF,
    0xFF, 0xFF, 0xFF, 0xFF, 0xFF, 0xFF, 0xFF, 0xFF, 0xFF, 0xFF, 0xFF, 0xFF, 0xFF, 0xFF, 0xFF, 0xFF,
    0xFF, 0xFF, 0xFF, 0xFF, 0xFF, 0xFF, 0xFF, 0xFF, 0xFF, 0xFF, 0xFF, 0xFF, 0xFF, 0xFF, 0xFF, 0xFF,
    0xFF, 0xFF, 0xFF, 0xFF, 0xFF, 0xFF, 0xFF, 0xFF, 0xFF, 0xFF, 0xFF, 0xFF, 0xFF, 0xFF, 0xFF, 0xFF,
    0xFF, 0xFF, 0xFF, 0xFF, 0xFF, 0xFF, 0xFF, 0xFF, 0xFF, 0xFF, 0xFF, 0xFF, 0xFF, 0xFF, 0xFF, 0xFF,
    0xFF, 0xFF, 0xFF, 0xFF, 0xFF, 0xFF, 0xFF, 0xFF, 0xFF, 0xFF, 0xFF, 0xFF, 0xFF, 0xFF, 0xFF, 0xFF,
    0xFF, 0xFF, 0xFF, 0xFF, 0xFF, 0xFF, 0xFF, 0xFF, 0xFF, 0xFF, 0xFF, 0xFF, 0xFF, 0xFF, 0xFF, 0xFF,
    0xFF, 0xFF, 0xFF, 0xFF, 0xFF, 0xFF, 0xFF, 0xFF, 0xFF, 0xFF, 0xFF, 0xFF, 0xFF, 0xFF, 0xFF, 0xFF,
    0xFF, 0xFF, 0xFF, 0xFF, 0xFF, 0xFF, 0xFF, 0xFF, 0xFF, 0xFF, 0xFF, 0xFF, 0xFF, 0xFF, 0xFF, 0xFF,
    0xFF, 0xFF, 0xFF, 0xFF, 0xFF, 0xFF, 0xFF, 0xFF, 0xFF, 0xFF, 0xFF, 0xFF, 0xFF, 0xFF, 0xFF, 0xFF,
    0xFF, 0xFF, 0xFF, 0xFF, 0xFF, 0xFF, 0xFF, 0xFF, 0xFF, 0xFF, 0xFF, 0xFF, 0xFF, 0xFF, 0xFF, 0xFF,
    0xFF, 0xFF, 0xFF, 0xFF, 0xFF, 0xFF, 0xFF, 0xFF, 0xFF, 0xFF, 0xFF, 0xFF, 0xFF, 0xFF, 0xFF, 0xFF,
    0xFF, 0xFF, 0xFF, 0xFF, 0xFF, 0xFF, 0xFF, 0xFF, 0xFF, 0xFF, 0xFF, 0xFF, 0xFF, 0xFF, 0xFF, 0xFF,
    0xFF, 0xFF, 0xFF, 0xFF, 0xFF, 0xFF, 0xFF, 0xFF, 0xFF, 0xFF, 0xFF, 0xFF, 0xFF, 0xFF, 0xFF, 0xFF,
    0xFF, 0xFF, 0xFF, 0xFF, 0xFF, 0xFF, 0xFF, 0xFF, 0xFF, 0xFF, 0xFF, 0xFF, 0xFF, 0xFF, 0xFF, 0xFF,
    0xFF, 0xFF, 0xFF, 0xFF, 0xFF, 0xFF, 0xFF, 0xFF, 0xFF, 0xFF, 0xFF, 0xFF, 0xFF, 0xFF, 0xFF, 0xFF,
    0xFF, 0xFF, 0xFF, 0xFF, 0xFF, 0xFF, 0xFF, 0xFF, 0xFF, 0xFF, 0xFF, 0xFF, 0xFF, 0xFF, 0xFF, 0xFF,
    0xFF, 0xFF, 0xFF, 0xFF, 0xFF, 0xFF, 0xFF, 0xFF, 0xFF, 0xFF, 0xFF, 0xFF, 0xFF, 0xFF, 0xFF, 0xFF,
    0xFF, 0xFF, 0xFF, 0xFF, 0xFF, 0xFF, 0xFF, 0xFF, 0xFF, 0xFF, 0xFF, 0xFF, 0xFF, 0xFF, 0xFF, 0xFF,
    0xFF, 0xFF, 0xFF, 0xFF, 0xFF, 0xFF, 0xFF, 0xFF, 0xFF, 0xFF, 0xFF, 0xFF, 0xFF, 0xFF, 0xFF, 0xFF,
    0xFF, 0xFF, 0xFF, 0xFF, 0xFF, 0xFF, 0xFF, 0xFF, 0xFF, 0xFF, 0xFF, 0xFF, 0xFF, 0xFF, 0xFF, 0xFF,
    0xFF, 0xFF, 0xFF, 0xFF, 0xFF, 0xFF, 0xFF, 0xFF, 0xFF, 0xFF, 0xFF, 0xFF, 0xFF, 0xFF, 0xFF, 0xFF,
    0xFF, 0xFF, 0xFF, 0xFF, 0xFF, 0xFF, 0xFF, 0xFF, 0xFF, 0xFF, 0xFF, 0xFF, 0xFF, 0xFF, 0xFF, 0xFF,
    0xFF, 0xFF, 0xFF, 0xFF, 0xFF, 0xFF, 0xFF, 0xFF, 0xFF, 0xFF, 0xFF, 0xFF, 0xFF, 0xFF, 0xFF, 0xFF,
    0xFF, 0xFF, 0xFF, 0xFF, 0xFF, 0xFF, 0xFF, 0xFF, 0xFF, 0xFF, 0xFF, 0xFF, 0xFF, 0xFF, 0xFF, 0xFF,
    0xFF, 0xFF, 0xFF, 0xFF, 0xFF, 0xFF, 0xFF, 0xFF, 0xFF, 0xFF, 0xFF, 0xFF, 0xFF, 0xFF, 0xFF, 0xFF,
    0xFF, 0xFF, 0xFF, 0xFF, 0xFF, 0xFF, 0xFF, 0xFF, 0xFF, 0xFF, 0xFF, 0xFF, 0xFF, 0xFF, 0xFF, 0xFF,
    0xFF, 0xFF, 0xFF, 0xFF, 0xFF, 0xFF, 0xFF, 0xFF, 0xFF, 0xFF, 0xFF, 0xFF, 0xFF, 0xFF, 0xFF, 0xFF,
    0xFF, 0xFF, 0xFF, 0xFF, 0xFF, 0xFF, 0xFF, 0xFF, 0xFF, 0xFF, 0xFF, 0xFF, 0xFF, 0xFF, 0xFF, 0xFF,
    0xFF, 0xFF, 0xFF, 0xFF, 0xFF, 0xFF, 0xFF, 0xFF, 0xFF, 0xFF, 0xFF, 0xFF, 0xFF, 0xFF, 0xFF, 0xFF,
    0xFF, 0xFF, 0xFF, 0xFF, 0xFF, 0xFF, 0xFF, 0xFF, 0xFF, 0xFF, 0xFF, 0xFF, 0xFF, 0xFF, 0xFF, 0xFF,
    0xFF, 0xFF, 0xFF, 0xFF, 0xFF, 0xFF, 0xFF, 0xFF, 0xFF, 0xFF, 0xFF, 0xFF, 0xFF, 0xFF, 0xFF, 0xFF,
    0xFF, 0xFF, 0xFF, 0xFF, 0xFF, 0xFF, 0xFF, 0xFF, 0xFF, 0xFF, 0xFF, 0xFF, 0xFF, 0xFF, 0xFF, 0xFF,
    0xFF, 0xFF, 0xFF, 0xFF, 0xFF, 0xFF, 0xFF, 0xFF, 0xFF, 0xFF, 0xFF, 0xFF, 0xFF, 0xFF, 0xFF, 0xFF,
    0xFF, 0xFF, 0xFF, 0xFF, 0xFF, 0xFF, 0xFF, 0xFF, 0xFF, 0xFF, 0xFF, 0xFF, 0xFF, 0xFF, 0xFF, 0xFF,
    0xFF, 0xFF, 0xFF, 0xFF, 0xFF, 0xFF, 0xFF, 0xFF, 0xFF, 0xFF, 0xFF, 0xFF, 0xFF, 0xFF, 0xFF, 0xFF,
    0xFF, 0xFF, 0xFF, 0xFF, 0xFF, 0xFF, 0xFF, 0xFF, 0xFF, 0xFF, 0xFF, 0xFF, 0xFF, 0xFF, 0xFF, 0xFF,
    0xFF, 0xFF, 0xFF, 0xFF, 0xFF, 0xFF, 0xFF, 0xFF, 0xFF, 0xFF, 0xFF, 0xFF, 0xFF, 0xFF, 0xFF, 0xFF,
    0xFF, 0xFF, 0xFF, 0xFF, 0xFF, 0xFF, 0xFF, 0xFF, 0xFF, 0xFF, 0xFF, 0xFF, 0xFF, 0xFF, 0xFF, 0xFF,
    0xFF, 0xFF, 0xFF, 0xFF, 0xFF, 0xFF, 0xFF, 0xFF, 0xFF, 0xFF, 0xFF, 0xFF, 0xFF, 0xFF, 0xFF, 0xFF,
    0xFF, 0xFF, 0xFF, 0xFF, 0xFF, 0xFF, 0xFF, 0xFF, 0xFF, 0xFF, 0xFF, 0xFF, 0xFF, 0xFF, 0xFF, 0xFF,
    0xFF, 0xFF, 0xFF, 0xFF, 0xFF, 0xFF, 0xFF, 0xFF, 0xFF, 0xFF, 0xFF, 0xFF, 0xFF, 0xFF, 0xFF, 0xFF,
    0xFF, 0xFF, 0xFF, 0xFF, 0xFF, 0xFF, 0xFF, 0xFF, 0xFF, 0xFF, 0xFF, 0xFF, 0xFF, 0xFF, 0xFF, 0xFF,
    0xFF, 0xFF, 0xFF, 0xFF, 0xFF, 0xFF, 0xFF, 0xFF, 0xFF, 0xFF, 0xFF, 0xFF, 0xFF, 0xFF, 0xFF, 0xFF,
    0xFF, 0xFF, 0xFF, 0xFF, 0xFF, 0xFF, 0xFF, 0xFF, 0xFF, 0xFF, 0xFF, 0xFF, 0xFF, 0xFF, 0xFF, 0xFF,
    0xFF, 0xFF, 0xFF, 0xFF, 0xFF, 0xFF, 0xFF, 0xFF, 0xFF, 0xFF, 0xFF, 0xFF, 0xFF, 0xFF, 0xFF, 0xFF,
    0xFF, 0xFF, 0xFF, 0xFF, 0xFF, 0xFF, 0xFF, 0xFF, 0xFF, 0xFF, 0xFF, 0xFF, 0xFF, 0xFF, 0xFF, 0xFF,
    0xFF, 0xFF, 0xFF, 0xFF, 0xFF, 0xFF, 0xFF, 0xFF, 0xFF, 0xFF, 0xFF, 0xFF, 0xFF, 0xFF, 0xFF, 0xFF,
    0xFF, 0xFF, 0xFF, 0xFF, 0xFF, 0xFF, 0xFF, 0xFF, 0xFF, 0xFF, 0xFF, 0xFF, 0xFF, 0xFF, 0xFF, 0xFF,
    0xFF, 0xFF, 0xFF, 0xFF, 0xFF, 0xFF, 0xFF, 0xFF, 0xFF, 0xFF, 0xFF, 0xFF, 0xFF, 0xFF, 0xFF, 0xFF,
    0xFF, 0xFF, 0xFF, 0xFF, 0xFF, 0xFF, 0xFF, 0xFF, 0xFF, 0xFF, 0xFF, 0xFF, 0xFF, 0xFF, 0xFF, 0xFF,
    0xFF, 0xFF, 0xFF, 0xFF, 0xFF, 0xFF, 0xFF, 0xFF, 0xFF, 0xFF, 0xFF, 0xFF, 0xFF, 0xFF, 0xFF, 0xFF,
    0xFF, 0xFF, 0xFF, 0xFF, 0xFF, 0xFF, 0xFF, 0xFF, 0xFF, 0xFF, 0xFF, 0xFF, 0xFF, 0xFF, 0xFF, 0xFF,
    0xFF, 0xFF, 0xFF, 0xFF, 0xFF, 0xFF, 0xFF, 0xFF, 0xFF, 0xFF, 0xFF, 0xFF, 0xFF, 0xFF, 0xFF, 0xFF,
    0xFF, 0xFF, 0xFF, 0xFF, 0xFF, 0xFF, 0xFF, 0xFF, 0xFF, 0xFF, 0xFF, 0xFF, 0xFF, 0xFF, 0xFF, 0xFF,
    0xFF, 0xFF, 0xFF, 0xFF, 0xFF, 0xFF, 0xFF, 0xFF, 0xFF, 0xFF, 0xFF, 0xFF, 0xFF, 0xFF, 0xFF, 0xFF,
    0xFF, 0xFF, 0xFF, 0xFF, 0xFF, 0xFF, 0xFF, 0xFF, 0xFF, 0xFF, 0xFF, 0xFF, 0xFF, 0xFF, 0xFF, 0xFF,
    0xFF, 0xFF, 0xFF, 0xFF, 0xFF, 0xFF, 0xFF, 0xFF, 0xFF, 0xFF, 0xFF, 0xFF, 0xFF, 0xFF, 0xFF, 0xFF,
    0xFF, 0xFF, 0xFF, 0xFF, 0xFF, 0xFF, 0xFF, 0xFF, 0xFF, 0xFF, 0xFF, 0xFF, 0xFF, 0xFF, 0xFF, 0xFF,
    0xFF, 0xFF, 0xFF, 0xFF, 0xFF, 0xFF, 0xFF, 0xFF, 0xFF, 0xFF, 0xFF, 0xFF, 0xFF, 0xFF, 0xFF, 0xFF,
    0xFF, 0xFF, 0xFF, 0xFF, 0xFF, 0xFF, 0xFF, 0xFF, 0xFF, 0xFF, 0xFF, 0xFF, 0xFF, 0xFF, 0xFF, 0xFF,
    0xFF, 0xFF, 0xFF, 0xFF, 0xFF, 0xFF, 0xFF, 0xFF, 0xFF, 0xFF, 0xFF, 0xFF, 0xFF, 0xFF, 0xFF, 0xFF,
    0xFF, 0xFF, 0xFF, 0xFF, 0xFF, 0xFF, 0xFF, 0xFF, 0xFF, 0xFF, 0xFF, 0xFF, 0xFF, 0xFF, 0xFF, 0xFF,
    0xFF, 0xFF, 0xFF, 0xFF, 0xFF, 0xFF, 0xFF, 0xFF, 0xFF, 0xFF, 0xFF, 0xFF, 0xFF, 0xFF, 0xFF, 0xFF,
    0xFF, 0xFF, 0xFF, 0xFF, 0xFF, 0xFF, 0xFF, 0xFF, 0xFF, 0xFF, 0xFF, 0xFF, 0xFF, 0xFF, 0xFF, 0xFF,
    0xFF, 0xFF, 0xFF, 0xFF, 0xFF, 0xFF, 0xFF, 0xFF, 0xFF, 0xFF, 0xFF, 0xFF, 0xFF, 0xFF, 0xFF, 0xFF,
    0xFF, 0xFF, 0xFF, 0xFF, 0xFF, 0xFF, 0xFF, 0xFF, 0xFF, 0xFF, 0xFF, 0xFF, 0xFF, 0xFF, 0xFF, 0xFF,
    0xFF, 0xFF, 0xFF, 0xFF, 0xFF, 0xFF, 0xFF, 0xFF, 0xFF, 0xFF, 0xFF, 0xFF, 0xFF, 0xFF, 0xFF, 0xFF,
    0xFF, 0xFF, 0xFF, 0xFF, 0xFF, 0xFF, 0xFF, 0xFF, 0xFF, 0xFF, 0xFF, 0xFF, 0xFF, 0xFF, 0xFF, 0xFF,
    0xFF, 0xFF, 0xFF, 0xFF, 0xFF, 0xFF, 0xFF, 0xFF, 0xFF, 0xFF, 0xFF, 0xFF, 0xFF, 0xFF, 0xFF, 0xFF,
    0xFF, 0xFF, 0xFF, 0xFF, 0xFF, 0xFF, 0xFF, 0xFF, 0xFF, 0xFF, 0xFF, 0xFF, 0xFF, 0xFF, 0xFF, 0xFF,
    0xFF, 0xFF, 0xFF, 0xFF, 0xFF, 0xFF, 0xFF, 0xFF, 0xFF, 0xFF, 0xFF, 0xFF, 0xFF, 0xFF, 0xFF, 0xFF,
    0xFF, 0xFF, 0xFF, 0xFF, 0xFF, 0xFF, 0xFF, 0xFF, 0xFF, 0xFF, 0xFF, 0xFF, 0xFF, 0xFF, 0xFF, 0xFF,
    0xFF, 0xFF, 0xFF, 0xFF, 0xFF, 0xFF, 0xFF, 0xFF, 0xFF, 0xFF, 0xFF, 0xFF, 0xFF, 0xFF, 0xFF, 0xFF,
    0xFF, 0xFF, 0xFF, 0xFF, 0xFF, 0xFF, 0xFF, 0xFF, 0xFF, 0xFF, 0xFF, 0xFF, 0xFF, 0xFF, 0xFF, 0xFF,
    0xFF, 0xFF, 0xFF, 0xFF, 0xFF, 0xFF, 0xFF, 0xFF, 0xFF, 0xFF, 0xFF, 0xFF, 0xFF, 0xFF, 0xFF, 0xFF,
    0xFF, 0xFF, 0xFF, 0xFF, 0xFF, 0xFF, 0xFF, 0xFF, 0xFF, 0xFF, 0xFF, 0xFF, 0xFF, 0xFF, 0xFF, 0xFF,
    0xFF, 0xFF, 0xFF, 0xFF, 0xFF, 0xFF, 0xFF, 0xFF, 0xFF, 0xFF, 0xFF, 0xFF, 0xFF, 0xFF, 0xFF, 0xFF,
    0xFF, 0xFF, 0xFF, 0xFF, 0xFF, 0xFF, 0xFF, 0xFF, 0xFF, 0xFF, 0xFF, 0xFF, 0xFF, 0xFF, 0xFF, 0xFF,
    0xFF, 0xFF, 0xFF, 0xFF, 0xFF, 0xFF, 0xFF, 0xFF, 0xFF, 0xFF, 0xFF, 0xFF, 0xFF, 0xFF, 0xFF, 0xFF,
    0xFF, 0xFF, 0xFF, 0xFF, 0xFF, 0xFF, 0xFF, 0xFF, 0xFF, 0xFF, 0xFF, 0xFF, 0xFF, 0xFF, 0xFF, 0xFF,
    0xFF, 0xFF, 0xFF, 0xFF, 0xFF, 0xFF, 0xFF, 0xFF, 0xFF, 0xFF, 0xFF, 0xFF, 0xFF, 0xFF, 0xFF, 0xFF,
    0xFF, 0xFF, 0xFF, 0xFF, 0xFF, 0xFF, 0xFF, 0xFF, 0xFF, 0xFF, 0xFF, 0xFF, 0xFF, 0xFF, 0xFF, 0xFF,
    0xFF, 0xFF, 0xFF, 0xFF, 0xFF, 0xFF, 0xFF, 0xFF, 0xFF, 0xFF, 0xFF, 0xFF, 0xFF, 0xFF, 0xFF, 0xFF,
    0xFF, 0xFF, 0xFF, 0xFF, 0xFF, 0xFF, 0xFF, 0xFF, 0xFF, 0xFF, 0xFF, 0xFF, 0xFF, 0xFF, 0xFF, 0xFF,
    0xFF, 0xFF, 0xFF, 0xFF, 0xFF, 0xFF, 0xFF, 0xFF, 0xFF, 0xFF, 0xFF, 0xFF, 0xFF, 0xFF, 0xFF, 0xFF,
    0xFF, 0xFF, 0xFF, 0xFF, 0xFF, 0xFF, 0xFF, 0xFF, 0xFF, 0xFF, 0xFF, 0xFF, 0xFF, 0xFF, 0xFF, 0xFF,
    0xFF, 0xFF, 0xFF, 0xFF, 0xFF, 0xFF, 0xFF, 0xFF, 0xFF, 0xFF, 0xFF, 0xFF, 0xFF, 0xFF, 0xFF, 0xFF,
    0xFF, 0xFF, 0xFF, 0xFF, 0xFF, 0xFF, 0xFF, 0xFF, 0xFF, 0xFF, 0xFF, 0xFF, 0xFF, 0xFF, 0xFF, 0xFF,
    0xFF, 0xFF, 0xFF, 0xFF, 0xFF, 0xFF, 0xFF, 0xFF, 0xFF, 0xFF, 0xFF, 0xFF, 0xFF, 0xFF, 0xFF, 0xFF,
    0xFF, 0xFF, 0xFF, 0xFF, 0xFF, 0xFF, 0xFF, 0xFF, 0xFF, 0xFF, 0xFF, 0xFF, 0xFF, 0xFF, 0xFF, 0xFF,
    0xFF, 0xFF, 0xFF, 0xFF, 0xFF, 0xFF, 0xFF, 0xFF, 0xFF, 0xFF, 0xFF, 0xFF, 0xFF, 0xFF, 0xFF, 0xFF,
    0xFF, 0xFF, 0xFF, 0xFF, 0xFF, 0xFF, 0xFF, 0xFF, 0xFF, 0xFF, 0xFF, 0xFF, 0xFF, 0xFF, 0xFF, 0xFF,
    0xFF, 0xFF, 0xFF, 0xFF, 0xFF, 0xFF, 0xFF, 0xFF, 0xFF, 0xFF, 0xFF, 0xFF, 0xFF, 0xFF, 0xFF, 0xFF,
    0xFF, 0xFF, 0xFF, 0xFF, 0xFF, 0xFF, 0xFF, 0xFF, 0xFF, 0xFF, 0xFF, 0xFF, 0xFF, 0xFF, 0xFF, 0xFF,
    0xFF, 0xFF, 0xFF, 0xFF, 0xFF, 0xFF, 0xFF, 0xFF, 0xFF, 0xFF, 0xFF, 0xFF, 0xFF, 0xFF, 0xFF, 0xFF,
    0xFF, 0xFF, 0xFF, 0xFF, 0xFF, 0xFF, 0xFF, 0xFF, 0xFF, 0xFF, 0xFF, 0xFF, 0xFF, 0xFF, 0xFF, 0xFF,
    0xFF, 0xFF, 0xFF, 0xFF, 0xFF, 0xFF, 0xFF, 0xFF, 0xFF, 0xFF, 0xFF, 0xFF, 0xFF, 0xFF, 0xFF, 0xFF,
    0xFF, 0xFF, 0xFF, 0xFF, 0xFF, 0xFF, 0xFF, 0xFF, 0xFF, 0xFF, 0xFF, 0xFF, 0xFF, 0xFF, 0xFF, 0xFF,
    0xFF, 0xFF, 0xFF, 0xFF, 0xFF, 0xFF, 0xFF, 0xFF, 0xFF, 0xFF, 0xFF, 0xFF, 0xFF, 0xFF, 0xFF, 0xFF,
    0xFF, 0xFF, 0xFF, 0xFF, 0xFF, 0xFF, 0xFF, 0xFF, 0xFF, 0xFF, 0xFF, 0xFF, 0xFF, 0xFF, 0xFF, 0xFF,
    0xFF, 0xFF, 0xFF, 0xFF, 0xFF, 0xFF, 0xFF, 0xFF, 0xFF, 0xFF, 0xFF, 0xFF, 0xFF, 0xFF, 0xFF, 0xFF,
    0xFF, 0xFF, 0xFF, 0xFF, 0xFF, 0xFF, 0xFF, 0xFF, 0xFF, 0xFF, 0xFF, 0xFF, 0xFF, 0xFF, 0xFF, 0xFF,
    0xFF, 0xFF, 0xFF, 0xFF, 0xFF, 0xFF, 0xFF, 0xFF, 0xFF, 0xFF, 0xFF, 0xFF, 0xFF, 0xFF, 0xFF, 0xFF,
    0xFF, 0xFF, 0xFF, 0xFF, 0xFF, 0xFF, 0xFF, 0xFF, 0xFF, 0xFF, 0xFF, 0xFF, 0xFF, 0xFF, 0xFF, 0xFF,
    0xFF, 0xFF, 0xFF, 0xFF, 0xFF, 0xFF, 0xFF, 0xFF, 0xFF, 0xFF, 0xFF, 0xFF, 0xFF, 0xFF, 0xFF, 0xFF,
    0xFF, 0xFF, 0xFF, 0xFF, 0xFF, 0xFF, 0xFF, 0xFF, 0xFF, 0xFF, 0xFF, 0xFF, 0xFF, 0xFF, 0xFF, 0xFF,
    0xFF, 0xFF, 0xFF, 0xFF, 0xFF, 0xFF, 0xFF, 0xFF, 0xFF, 0xFF, 0xFF, 0xFF, 0xFF, 0xFF, 0xFF, 0xFF,
    0xFF, 0xFF, 0xFF, 0xFF, 0xFF, 0xFF, 0xFF, 0xFF, 0xFF, 0xFF, 0xFF, 0xFF, 0xFF, 0xFF, 0xFF, 0xFF,
    0xFF, 0xFF, 0xFF, 0xFF, 0xFF, 0xFF, 0xFF, 0xFF, 0xFF, 0xFF, 0xFF, 0xFF, 0xFF, 0xFF, 0xFF, 0xFF,
    0xFF, 0xFF, 0xFF, 0xFF, 0xFF, 0xFF, 0xFF, 0xFF, 0xFF, 0xFF, 0xFF, 0xFF, 0xFF, 0xFF, 0xFF, 0xFF,
    0xFF, 0xFF, 0xFF, 0xFF, 0xFF, 0xFF, 0xFF, 0xFF, 0xFF, 0xFF, 0xFF, 0xFF, 0xFF, 0xFF, 0xFF, 0xFF,
    0xFF, 0xFF, 0xFF, 0xFF, 0xFF, 0xFF, 0xFF, 0xFF, 0xFF, 0xFF, 0xFF, 0xFF, 0xFF, 0xFF, 0xFF, 0xFF,
    0xFF, 0xFF, 0xFF, 0xFF, 0xFF, 0xFF, 0xFF, 0xFF, 0xFF, 0xFF, 0xFF, 0xFF, 0xFF, 0xFF, 0xFF, 0xFF,
    0xFF, 0xFF, 0xFF, 0xFF, 0xFF, 0xFF, 0xFF, 0xFF, 0xFF, 0xFF, 0xFF, 0xFF, 0xFF, 0xFF, 0xFF, 0xFF,
    0xFF, 0xFF, 0xFF, 0xFF, 0xFF, 0xFF, 0xFF, 0xFF, 0xFF, 0xFF, 0xFF, 0xFF, 0xFF, 0xFF, 0xFF, 0xFF,
    0xFF, 0xFF, 0xFF, 0xFF, 0xFF, 0xFF, 0xFF, 0xFF, 0xFF, 0xFF, 0xFF, 0xFF, 0xFF, 0xFF, 0xFF, 0xFF,
    0xFF, 0xFF, 0xFF, 0xFF, 0xFF, 0xFF, 0xFF, 0xFF, 0xFF, 0xFF, 0xFF, 0xFF, 0xFF, 0xFF, 0xFF, 0xFF,
    0xFF, 0xFF, 0xFF, 0xFF, 0xFF, 0xFF, 0xFF, 0xFF, 0xFF, 0xFF, 0xFF, 0xFF, 0xFF, 0xFF, 0xFF, 0xFF,
    0xFF, 0xFF, 0xFF, 0xFF, 0xFF, 0xFF, 0xFF, 0xFF, 0xFF, 0xFF, 0xFF, 0xFF, 0xFF, 0xFF, 0xFF, 0xFF,
    0xFF, 0xFF, 0xFF, 0xFF, 0xFF, 0xFF, 0xFF, 0xFF, 0xFF, 0xFF, 0xFF, 0xFF, 0xFF, 0xFF, 0xFF, 0xFF,
    0xFF, 0xFF, 0xFF, 0xFF, 0xFF, 0xFF, 0xFF, 0xFF, 0xFF, 0xFF, 0xFF, 0xFF, 0xFF, 0xFF, 0xFF, 0xFF,
    0xFF, 0xFF, 0xFF, 0xFF, 0xFF, 0xFF, 0xFF, 0xFF, 0xFF, 0xFF, 0xFF, 0xFF, 0xFF, 0xFF, 0xFF, 0xFF,
    0xFF, 0xFF, 0xFF, 0xFF, 0xFF, 0xFF, 0xFF, 0xFF, 0xFF, 0xFF, 0xFF, 0xFF, 0xFF, 0xFF, 0xFF, 0xFF,
    0xFF, 0xFF, 0xFF, 0xFF, 0xFF, 0xFF, 0xFF, 0xFF, 0xFF, 0xFF, 0xFF, 0xFF, 0xFF, 0xFF, 0xFF, 0xFF,
    0xFF, 0xFF, 0xFF, 0xFF, 0xFF, 0xFF, 0xFF, 0xFF, 0xFF, 0xFF, 0xFF, 0xFF, 0xFF, 0xFF, 0xFF, 0xFF,
    0xFF, 0xFF, 0xFF, 0xFF, 0xFF, 0xFF, 0xFF, 0xFF, 0xFF, 0xFF, 0xFF, 0xFF, 0xFF, 0xFF, 0xFF, 0xFF,
    0xFF, 0xFF, 0xFF, 0xFF, 0xFF, 0xFF, 0xFF, 0xFF, 0xFF, 0xFF, 0xFF, 0xFF, 0xFF, 0xFF, 0xFF, 0xFF,
    0xFF, 0xFF, 0xFF, 0xFF, 0xFF, 0xFF, 0xFF, 0xFF, 0xFF, 0xFF, 0xFF, 0xFF, 0xFF, 0xFF, 0xFF, 0xFF,
    0xFF, 0xFF, 0xFF, 0xFF, 0xFF, 0xFF, 0xFF, 0xFF, 0xFF, 0xFF, 0xFF, 0xFF, 0xFF, 0xFF, 0xFF, 0xFF,
    0xFF, 0xFF, 0xFF, 0xFF, 0xFF, 0xFF, 0xFF, 0xFF, 0xFF, 0xFF, 0xFF, 0xFF, 0xFF, 0xFF, 0xFF, 0xFF,
    0xFF, 0xFF, 0xFF, 0xFF, 0xFF, 0xFF, 0xFF, 0xFF, 0xFF, 0xFF, 0xFF, 0xFF, 0xFF, 0xFF, 0xFF, 0xFF,
    0xFF, 0xFF, 0xFF, 0xFF, 0xFF, 0xFF, 0xFF, 0xFF, 0xFF, 0xFF, 0xFF, 0xFF, 0xFF, 0xFF, 0xFF, 0xFF,
    0xFF, 0xFF, 0xFF, 0xFF, 0xFF, 0xFF, 0xFF, 0xFF, 0xFF, 0xFF, 0xFF, 0xFF, 0xFF, 0xFF, 0xFF, 0xFF,
    0xFF, 0xFF, 0xFF, 0xFF, 0xFF, 0xFF, 0xFF, 0xFF, 0xFF, 0xFF, 0xFF, 0xFF, 0xFF, 0xFF, 0xFF, 0xFF,
    0xFF, 0xFF, 0xFF, 0xFF, 0xFF, 0xFF, 0xFF, 0xFF, 0xFF, 0xFF, 0xFF, 0xFF, 0xFF, 0xFF, 0xFF, 0xFF,
    0xFF, 0xFF, 0xFF, 0xFF, 0xFF, 0xFF, 0xFF, 0xFF, 0xFF, 0xFF, 0xFF, 0xFF, 0xFF, 0xFF, 0xFF, 0xFF,
    0xFF, 0xFF, 0xFF, 0xFF, 0xFF, 0xFF, 0xFF, 0xFF, 0xFF, 0xFF, 0xFF, 0xFF, 0xFF, 0xFF, 0xFF, 0xFF,
    0xFF, 0xFF, 0xFF, 0xFF, 0xFF, 0xFF, 0xFF, 0xFF, 0xFF, 0xFF, 0xFF, 0xFF, 0xFF, 0xFF, 0xFF, 0xFF,
    0xFF, 0xFF, 0xFF, 0xFF, 0xFF, 0xFF, 0xFF, 0xFF, 0xFF, 0xFF, 0xFF, 0xFF, 0xFF, 0xFF, 0xFF, 0xFF,
    0xFF, 0xFF, 0xFF, 0xFF, 0xFF, 0xFF, 0xFF, 0xFF, 0xFF, 0xFF, 0xFF, 0xFF, 0xFF, 0xFF, 0xFF, 0xFF,
    0xFF, 0xFF, 0xFF, 0xFF, 0xFF, 0xFF, 0xFF, 0xFF, 0xFF, 0xFF, 0xFF, 0xFF, 0xFF, 0xFF, 0xFF, 0xFF,
    0xFF, 0xFF, 0xFF, 0xFF, 0xFF, 0xFF, 0xFF, 0xFF, 0xFF, 0xFF, 0xFF, 0xFF, 0xFF, 0xFF, 0xFF, 0xFF,
    0xFF, 0xFF, 0xFF, 0xFF, 0xFF, 0xFF, 0xFF, 0xFF, 0xFF, 0xFF, 0xFF, 0xFF, 0xFF, 0xFF, 0xFF, 0xFF,
    0xFF, 0xFF, 0xFF, 0xFF, 0xFF, 0xFF, 0xFF, 0xFF, 0xFF, 0xFF, 0xFF, 0xFF, 0xFF, 0xFF, 0xFF, 0xFF,
    0xFF, 0xFF, 0xFF, 0xFF, 0xFF, 0xFF, 0xFF, 0xFF, 0xFF, 0xFF, 0xFF, 0xFF, 0xFF, 0xFF, 0xFF, 0xFF,
    0xFF, 0xFF, 0xFF, 0xFF, 0xFF, 0xFF, 0xFF, 0xFF, 0xFF, 0xFF, 0xFF, 0xFF, 0xFF, 0xFF, 0xFF, 0xFF,
    0xFF, 0xFF, 0xFF, 0xFF, 0xFF, 0xFF, 0xFF, 0xFF, 0xFF, 0xFF, 0xFF, 0xFF, 0xFF, 0xFF, 0xFF, 0xFF,
    0xFF, 0xFF, 0xFF, 0xFF, 0xFF, 0xFF, 0xFF, 0xFF, 0xFF, 0xFF, 0xFF, 0xFF, 0xFF, 0xFF, 0xFF, 0xFF,
    0xFF, 0xFF, 0xFF, 0xFF, 0xFF, 0xFF, 0xFF, 0xFF, 0xFF, 0xFF, 0xFF, 0xFF, 0xFF, 0xFF, 0xFF, 0xFF,
    0xFF, 0xFF, 0xFF, 0xFF, 0xFF, 0xFF, 0xFF, 0xFF, 0xFF, 0xFF, 0xFF, 0xFF, 0xFF, 0xFF, 0xFF, 0xFF,
    0xFF, 0xFF, 0xFF, 0xFF, 0xFF, 0xFF, 0xFF, 0xFF, 0xFF, 0xFF, 0xFF, 0xFF, 0xFF, 0xFF, 0xFF, 0xFF,
    0xFF, 0xFF, 0xFF, 0xFF, 0xFF, 0xFF, 0xFF, 0xFF, 0xFF, 0xFF, 0xFF, 0xFF, 0xFF, 0xFF, 0xFF, 0xFF,
    0xFF, 0xFF, 0xFF, 0xFF, 0xFF, 0xFF, 0xFF, 0xFF, 0xFF, 0xFF, 0xFF, 0xFF, 0xFF, 0xFF, 0xFF, 0xFF,
    0xFF, 0xFF, 0xFF, 0xFF, 0xFF, 0xFF, 0xFF, 0xFF, 0xFF, 0xFF, 0xFF, 0xFF, 0xFF, 0xFF, 0xFF, 0xFF,
    0xFF, 0xFF, 0xFF, 0xFF, 0xFF, 0xFF, 0xFF, 0xFF, 0xFF, 0xFF, 0xFF, 0xFF, 0xFF, 0xFF, 0xFF, 0xFF,
    0xFF, 0xFF, 0xFF, 0xFF, 0xFF, 0xFF, 0xFF, 0xFF, 0xFF, 0xFF, 0xFF, 0xFF, 0xFF, 0xFF, 0xFF, 0xFF,
    0xFF, 0xFF, 0xFF, 0xFF, 0xFF, 0xFF, 0xFF, 0xFF, 0xFF, 0xFF, 0xFF, 0xFF, 0xFF, 0xFF, 0xFF, 0xFF,
    0xFF, 0xFF, 0xFF, 0xFF, 0xFF, 0xFF, 0xFF, 0xFF, 0xFF, 0xFF, 0xFF, 0xFF, 0xFF, 0xFF, 0xFF, 0xFF,
    0xFF, 0xFF, 0xFF, 0xFF, 0xFF, 0xFF, 0xFF, 0xFF, 0xFF, 0xFF, 0xFF, 0xFF, 0xFF, 0xFF, 0xFF, 0xFF,
    0xFF, 0xFF, 0xFF, 0xFF, 0xFF, 0xFF, 0xFF, 0xFF, 0xFF, 0xFF, 0xFF, 0xFF, 0xFF, 0xFF, 0xFF, 0xFF,
    0xFF, 0xFF, 0xFF, 0xFF, 0xFF, 0xFF, 0xFF, 0xFF, 0xFF, 0xFF, 0xFF, 0xFF, 0xFF, 0xFF, 0xFF, 0xFF,
    0xFF, 0xFF, 0xFF, 0xFF, 0xFF, 0xFF, 0xFF, 0xFF, 0xFF, 0xFF, 0xFF, 0xFF, 0xFF, 0xFF, 0xFF, 0xFF,
    0xFF, 0xFF, 0xFF, 0xFF, 0xFF, 0xFF, 0xFF, 0xFF, 0xFF, 0xFF, 0xFF, 0xFF, 0xFF, 0xFF, 0xFF, 0xFF,
    0xFF, 0xFF, 0xFF, 0xFF, 0xFF, 0xFF, 0xFF, 0xFF, 0xFF, 0xFF, 0xFF, 0xFF, 0xFF, 0xFF, 0xFF, 0xFF,
    0xFF, 0xFF, 0xFF, 0xFF, 0xFF, 0xFF, 0xFF, 0xFF, 0xFF, 0xFF, 0xFF, 0xFF, 0xFF, 0xFF, 0xFF, 0xFF,
    0xFF, 0xFF, 0xFF, 0xFF, 0xFF, 0xFF, 0xFF, 0xFF, 0xFF, 0xFF, 0xFF, 0xFF, 0xFF, 0xFF, 0xFF, 0xFF,
    0xFF, 0xFF, 0xFF, 0xFF, 0xFF, 0xFF, 0xFF, 0xFF, 0xFF, 0xFF, 0xFF, 0xFF, 0xFF, 0xFF, 0xFF, 0xFF,
    0xFF, 0xFF, 0xFF, 0xFF, 0xFF, 0xFF, 0xFF, 0xFF, 0xFF, 0xFF, 0xFF, 0xFF, 0xFF, 0xFF, 0xFF, 0xFF,
    0xFF, 0xFF, 0xFF, 0xFF, 0xFF, 0xFF, 0xFF, 0xFF, 0xFF, 0xFF, 0xFF, 0xFF, 0xFF, 0xFF, 0xFF, 0xFF,
    0xFF, 0xFF, 0xFF, 0xFF, 0xFF, 0xFF, 0xFF, 0xFF, 0xFF, 0xFF, 0xFF, 0xFF, 0xFF, 0xFF, 0xFF, 0xFF,
    0xFF, 0xFF, 0xFF, 0xFF, 0xFF, 0xFF, 0xFF, 0xFF, 0xFF, 0xFF, 0xFF, 0xFF, 0xFF, 0xFF, 0xFF, 0xFF,
    0xFF, 0xFF, 0xFF, 0xFF, 0xFF, 0xFF, 0xFF, 0xFF, 0xFF, 0xFF, 0xFF, 0xFF, 0xFF, 0xFF, 0xFF, 0xFF,
    0xFF, 0xFF, 0xFF, 0xFF, 0xFF, 0xFF, 0xFF, 0xFF, 0xFF, 0xFF, 0xFF, 0xFF, 0xFF, 0xFF, 0xFF, 0xFF,
    0xFF, 0xFF, 0xFF, 0xFF, 0xFF, 0xFF, 0xFF, 0xFF, 0xFF, 0xFF, 0xFF, 0xFF, 0xFF, 0xFF, 0xFF, 0xFF,
    0xFF, 0xFF, 0xFF, 0xFF, 0xFF, 0xFF, 0xFF, 0xFF, 0xFF, 0xFF, 0xFF, 0xFF, 0xFF, 0xFF, 0xFF, 0xFF
};

