:10000000010000000D900D90848B010001000000A4
:1000100000102000237DCC810000000000000000C3
:1000200000000000000000000000000000000000D0
:100030000000000000000000000000000D900D9086
:10004000A55A0000002020080000008000000000E9
:1000500000000000000000000000000000000000A0
:100060000000000000000000000000000000000090
:100070000000000000000000000000000000000080
:100080000000000000000000000000000000000070
:100090000000000000000000000000000000000060
:1000A0000000000000000000000000000000000050
:1000B0000000000000000000000000000000000040
:1000C0000000000000000000000000000000000030
:1000D0000000000000000000000000000000000020
:1000E0000000000000000000000000000000000010
:1000F0000000000000000000000000000000000000
:1001000000000000000000000000000000000000EF
:1001100000000000000000000000000000000000DF
:1001200000000000000000000000000000000000CF
:1001300000000000000000000000000000000000BF
:1001400000000000000000000000000000000000AF
:10015000000000000000000000000000000000009F
:10016000000000000000000000000000000000008F
:10017000000000000000000000000000000000007F
:10018000000000000000000000000000000000006F
:10019000000000000000000000000000000000005F
:1001A000000000000000000000000000000000004F
:1001B000000000000000000000000000000000003F
:1001C000000000000000000000000000000000002F
:1001D000000000000000000000000000000000001F
:1001E000000000000000000000000000000000000F
:1001F00000000000000000000000000000000000FF
:1002000000000000000000000000000000000000EE
:1002100000000000000000000000000000000000DE
:1002200000000000000000000000000000000000CE
:1002300000000000000000000000000000000000BE
:1002400000000000000000000000000000000000AE
:10025000000000000000000000000000000000009E
:10026000000000000000000000000000000000008E
:10027000000000000000000000000000000000007E
:10028000000000000000000000000000000000006E
:10029000000000000000000000000000000000005E
:1002A000000000000000000000000000000000004E
:1002B000000000000000000000000000000000003E
:1002C000000000000000000000000000000000002E
:1002D000000000000000000000000000000000001E
:1002E000000000000000000000000000000000000E
:1002F00000000000000000000000000000000000FE
:1003000000000000000000000000000000000000ED
:1003100000000000000000000000000000000000DD
:1003200000000000000000000000000000000000CD
:1003300000000000000000000000000000000000BD
:1003400000000000000000000000000000000000AD
:10035000000000000000000000000000000000009D
:10036000000000000000000000000000000000008D
:10037000000000000000000000000000000000007D
:10038000000000000000000000000000000000006D
:10039000000000000000000000000000000000005D
:1003A000000000000000000000000000000000004D
:1003B000000000000000000000000000000000003D
:1003C000000000000000000000000000000000002D
:1003D000000000000000000000000000000000001D
:1003E000000000000000000000000000000000000D
:1003F00000000000000000000000000000000000FD
:1004000000000000000000000000000000000000EC
:1004100000000000000000000000000000000000DC
:1004200000000000000000000000000000000000CC
:1004300000000000000000000000000000000000BC
:1004400000000000000000000000000000000000AC
:10045000000000000000000000000000000000009C
:10046000000000000000000000000000000000008C
:10047000000000000000000000000000000000007C
:10048000000000000000000000000000000000006C
:10049000000000000000000000000000000000005C
:1004A000000000000000000000000000000000004C
:1004B000000000000000000000000000000000003C
:1004C000000000000000000000000000000000002C
:1004D000000000000000000000000000000000001C
:1004E000000000000000000000000000000000000C
:1004F00000000000000000000000000000000000FC
:1005000000000000000000000000000000000000EB
:1005100000000000000000000000000000000000DB
:1005200000000000000000000000000000000000CB
:1005300000000000000000000000000000000000BB
:1005400000000000000000000000000000000000AB
:10055000000000000000000000000000000000009B
:10056000000000000000000000000000000000008B
:10057000000000000000000000000000000000007B
:10058000000000000000000000000000000000006B
:10059000000000000000000000000000000000005B
:1005A000000000000000000000000000000000004B
:1005B000000000000000000000000000000000003B
:1005C000000000000000000000000000000000002B
:1005D000000000000000000000000000000000001B
:1005E000000000000000000000000000000000000B
:1005F00000000000000000000000000000000000FB
:1006000000000000000000000000000000000000EA
:1006100000000000000000000000000000000000DA
:1006200000000000000000000000000000000000CA
:1006300000000000000000000000000000000000BA
:1006400000000000000000000000000000000000AA
:10065000000000000000000000000000000000009A
:10066000000000000000000000000000000000008A
:10067000000000000000000000000000000000007A
:10068000000000000000000000000000000000006A
:10069000000000000000000000000000000000005A
:1006A000000000000000000000000000000000004A
:1006B000000000000000000000000000000000003A
:1006C000000000000000000000000000000000002A
:1006D000000000000000000000000000000000001A
:1006E000000000000000000000000000000000000A
:1006F00000000000000000000000000000000000FA
:1007000000000000000000000000000000000000E9
:1007100000000000000000000000000000000000D9
:1007200000000000000000000000000000000000C9
:1007300000000000000000000000000000000000B9
:1007400000000000000000000000000000000000A9
:100750000000000000000000000000000000000099
:100760000000000000000000000000000000000089
:100770000000000000000000000000000000000079
:100780000000000000000000000000000000000069
:100790000000000000000000000000000000000059
:1007A0000000000000000000000000000000000049
:1007B0000000000000000000000000000000000039
:1007C0000000000000000000000000000000000029
:1007D0000000000000000000000000000000000019
:1007E0000000000000000000000000000000000009
:1007F00000000000000000000000000000000000F9
:1008000000000000000000000000000000000000E8
:1008100000000000000000000000000000000000D8
:1008200000000000000000000000000000000000C8
:1008300000000000000000000000000000000000B8
:1008400000000000000000000000000000000000A8
:100850000000000000000000000000000000000098
:100860000000000000000000000000000000000088
:100870000000000000000000000000000000000078
:100880000000000000000000000000000000000068
:100890000000000000000000000000000000000058
:1008A0000000000000000000000000000000000048
:1008B0000000000000000000000000000000000038
:1008C0000000000000000000000000000000000028
:1008D0000000000000000000000000000000000018
:1008E0000000000000000000000000000000000008
:1008F00000000000000000000000000000000000F8
:1009000000000000000000000000000000000000E7
:1009100000000000000000000000000000000000D7
:1009200000000000000000000000000000000000C7
:1009300000000000000000000000000000000000B7
:1009400000000000000000000000000000000000A7
:100950000000000000000000000000000000000097
:100960000000000000000000000000000000000087
:100970000000000000000000000000000000000077
:100980000000000000000000000000000000000067
:100990000000000000000000000000000000000057
:1009A0000000000000000000000000000000000047
:1009B0000000000000000000000000000000000037
:1009C0000000000000000000000000000000000027
:1009D0000000000000000000000000000000000017
:1009E0000000000000000000000000000000000007
:1009F00000000000000000000000000000000000F7
:100A000000000000000000000000000000000000E6
:100A100000000000000000000000000000000000D6
:100A200000000000000000000000000000000000C6
:100A300000000000000000000000000000000000B6
:100A400000000000000000000000000000000000A6
:100A50000000000000000000000000000000000096
:100A60000000000000000000000000000000000086
:100A70000000000000000000000000000000000076
:100A80000000000000000000000000000000000066
:100A90000000000000000000000000000000000056
:100AA0000000000000000000000000000000000046
:100AB0000000000000000000000000000000000036
:100AC0000000000000000000000000000000000026
:100AD0000000000000000000000000000000000016
:100AE0000000000000000000000000000000000006
:100AF00000000000000000000000000000000000F6
:100B000000000000000000000000000000000000E5
:100B100000000000000000000000000000000000D5
:100B200000000000000000000000000000000000C5
:100B300000000000000000000000000000000000B5
:100B400000000000000000000000000000000000A5
:100B50000000000000000000000000000000000095
:100B60000000000000000000000000000000000085
:100B70000000000000000000000000000000000075
:100B80000000000000000000000000000000000065
:100B90000000000000000000000000000000000055
:100BA0000000000000000000000000000000000045
:100BB0000000000000000000000000000000000035
:100BC0000000000000000000000000000000000025
:100BD0000000000000000000000000000000000015
:100BE0000000000000000000000000000000000005
:100BF00000000000000000000000000000000000F5
:100C000000000000000000000000000000000000E4
:100C100000000000000000000000000000000000D4
:100C200000000000000000000000000000000000C4
:100C300000000000000000000000000000000000B4
:100C400000000000000000000000000000000000A4
:100C50000000000000000000000000000000000094
:100C60000000000000000000000000000000000084
:100C70000000000000000000000000000000000074
:100C80000000000000000000000000000000000064
:100C90000000000000000000000000000000000054
:100CA0000000000000000000000000000000000044
:100CB0000000000000000000000000000000000034
:100CC0000000000000000000000000000000000024
:100CD0000000000000000000000000000000000014
:100CE0000000000000000000000000000000000004
:100CF00000000000000000000000000000000000F4
:100D000000000000000000000000000000000000E3
:100D100000000000000000000000000000000000D3
:100D200000000000000000000000000000000000C3
:100D300000000000000000000000000000000000B3
:100D400000000000000000000000000000000000A3
:100D50000000000000000000000000000000000093
:100D60000000000000000000000000000000000083
:100D70000000000000000000000000000000000073
:100D80000000000000000000000000000000000063
:100D90000000000000000000000000000000000053
:100DA0000000000000000000000000000000000043
:100DB0000000000000000000000000000000000033
:100DC0000000000000000000000000000000000023
:100DD0000000000000000000000000000000000013
:100DE0000000000000000000000000000000000003
:100DF00000000000000000000000000000000000F3
:100E000000000000000000000000000000000000E2
:100E100000000000000000000000000000000000D2
:100E200000000000000000000000000000000000C2
:100E300000000000000000000000000000000000B2
:100E400000000000000000000000000000000000A2
:100E50000000000000000000000000000000000092
:100E60000000000000000000000000000000000082
:100E70000000000000000000000000000000000072
:100E80000000000000000000000000000000000062
:100E90000000000000000000000000000000000052
:100EA0000000000000000000000000000000000042
:100EB0000000000000000000000000000000000032
:100EC0000000000000000000000000000000000022
:100ED0000000000000000000000000000000000012
:100EE0000000000000000000000000000000000002
:100EF00000000000000000000000000000000000F2
:100F000000000000000000000000000000000000E1
:100F100000000000000000000000000000000000D1
:100F200000000000000000000000000000000000C1
:100F300000000000000000000000000000000000B1
:100F400000000000000000000000000000000000A1
:100F50000000000000000000000000000000000091
:100F60000000000000000000000000000000000081
:100F70000000000000000000000000000000000071
:100F80000000000000000000000000000000000061
:100F90000000000000000000000000000000000051
:100FA0000000000000000000000000000000000041
:100FB0000000000000000000000000000000000031
:100FC0000000000000000000000000000000000021
:100FD0000000000000000000000000000000000011
:100FE0000000000000000000000000000000000001
:100FF00000000000000000000000000000000000F1
:1010000008960200FD412008B1412008B1412008A6
:10101000B1412008B1412008B14120080000000082
:10102000000000000000000000000000A1382008BF
:10103000B141200800000000F138200807242008F2
:10104000B1412008B1412008B1412008B141200838
:10105000B1412008B1412008B1412008B141200828
:10106000B1412008B1412008BD050000C56B200832
:101070003D4D200839B62008B1412008B141200873
:10108000B1412008B1412008ADAB200851AC200887
:10109000B141200845AB2008B1412008B1412008EA
:1010A000B1412008B1412008B1412008B1412008D8
:1010B000B1412008B141200808960200B141200842
:1010C000FD4120081505000089A22008B141200833
:1010D000B1412008B1412008254D2008314D20089C
:1010E0002D412008B141200821B620085B4FAB6993
:1010F000B1412008B1412008794A2008B1412008B7
:10110000B1412008B141200815AB20082DAB2008C3
:1011100055AA20086DAA200885AA20089DAA2008A3
:10112000B5AA2008CDAA2008E5AA2008FDAA200813
:10113000B14120082DB62008B1412008B141200856
:10114000B1412008B1412008B1412008B141200837
:10115000B1412008B1412008B1412008B141200827
:10116000B1412008B1412008B14120080000000031
:10117000000000000000000000000000000000006F
:101180000348044B834202D0034B03B11847704716
:10119000701A0000701A0000000000000548064B9D
:1011A0001B1AD90F01EBA301491002D0034B03B165
:1011B00018477047701A0000701A00000000000005
:1011C00010B5064C237843B9FFF7DAFF044B13B18F
:1011D0000448AFF300800123237010BD701A000093
:1011E00000000000C879210808B5054B1BB105496E
:1011F0000548AFF30080BDE80840FFF7CFBF00BF50
:1012000000000000741A0000C8792108F8B5194FD1
:10121000194E1A4D0AF04EFA09F04AFE0AF04CFA3D
:1012200009F0D4FF0AF07CFA09F0E8FD0AF07AF838
:1012300009F0C0FF09F082FD09F0D4FC39461048DE
:101240000AF0B0FA0446014630460BF0C3FC2A46C9
:10125000214638460AF0DEFA014630460BF0BAFC69
:1012600028460AF0C1F807480BF01CFDBDE8F8401D
:1012700000F016B8BC8F0000560021088C1A000040
:101280002801210830FE2008704708B5FFF7BEFF8F
:1012900000F0A2F800B908BDFFF7F6FFF8E700007C
:1012A00008B50A4A0A48002100F008F960B1094A65
:1012B0000948002100F002F930B1BDE80840074AB2
:1012C0000748002100F0FAB808BD00BF98FE2008CA
:1012D00065BE200874FE200855BD200850FE200879
:1012E00015BD2008704770477047704708B502F079
:1012F0000DFB06F081FEBDE8084002F0DDB8704746
:1013000000F0B4B800F004B87047704770470000B0
:10131000014809F0F3B800BF1000000008B500F064
:1013200012F800F057F8FEE77047704708B5FFF76E
:10133000DDFFFFF7E7FFFFF7E7FFFFF7E6FFBDE899
:101340000840FFF7E3BF08B5FFF7EEFF01F062FFCB
:10135000FFF7EBFF00F064F800F009F8FFF7CFFFAC
:1013600000F01EF8BDE80840FFF7E0BF704708B581
:10137000FFF7B8FFFFF7B7FFFFF7B6FFFFF7B5FFBF
:10138000FFF7F4FF08BD000008B5FFF77EFF034B31
:101390001868BDE8084000F0E6B800BFEC040100A2
:1013A00030B5094D0FCD8BB001AC0FC40FCD0FC4BC
:1013B0002B680648236001AA002100F07FF8044B47
:1013C00018600BB030BD00BFBCFE20088923200888
:1013D000EC040100FFF794BF0020704710B5EFF355
:1013E000058414B10124204610BD0DF015FD01281F
:1013F000F9D0EFF31083002BF4D1EFF31184003C0C
:1014000018BF0124EFE708B54FF0E0231B690DF08A
:1014100003FD012803D0BDE8084001F00FBB08BD63
:1014200008B5FFF7DBFF48B90DF0F6FC01280346CD
:1014300007D1054A106820B9136008BD6FF0050098
:10144000FBE74FF0FF30F8E7E011010008B50DF0C1
:10145000E3FC38B1022804D0034B1868431E5842FD
:10146000584108BD0320FCE7E011010010B5FFF76B
:10147000B5FF044668B90DF0CFFC01280CD1084B2C
:101480001A68012A08D102221A600DF071FC204668
:1014900010BD6FF00500FBE74FF0FF30F8E700BF2D
:1014A000E011010008B5FFF799FF18B1BDE8084049
:1014B0000DF07ABCBDE808400DF062BC2DE9F041AA
:1014C00086B0002305460E4690460593FFF786FF3B
:1014D00000BBFDB1B8F1000F3ED0D8F818402CB1D8
:1014E000631E372B03D906B0BDE8F0811824D8F865
:1014F0000430DB0735D4D8F814306BB19A08D8E93A
:101500000270D8F8001057B1772803D9D8F8100026
:1015100000B1BBB90598E6E74FF48072EFE7002809
:10152000F8D1D8F81030002BF4D105AB013C019371
:101530000094334628460DF03BFC01281CBF0023D5
:101540000593E7E7013CCDE90107009433462846BF
:101550000DF042FC0590DDE7414618244FF48072FF
:10156000E3E70020BFE738B50546FFF737FF04463D
:1015700050B965B128460DF0FFFB04280AD0284673
:101580000DF0F2FB204638BD6FF00500FBE76FF071
:101590000300F8E76FF00200F5E710B50446FFF727
:1015A0001DFF28B914B120460DF02EFC002010BDFF
:1015B0006FF00500FBE738B50546FFF70FFF10B1E8
:1015C0000024204638BD25B9BDE83840012000F090
:1015D00092BC6B681A07F3D4D5E9021203F0010339
:1015E00079B14F2AECD99BB1042000F050FC04469D
:1015F0000028E5D0296809B100F02CFF44F001046F
:10160000DFE7002ADCD17BB1042000F074FCEEE7B8
:10161000012000F03CFC04460028D1D029680029B4
:10162000CFD000F017FFCCE7012000F064FCF2E718
:10163000F8B505460C4620F0010600F00107FFF75B
:10164000CDFEA0B9012D15D92146304667B100F075
:1016500083FE012801D10020F8BD002C14BF6FF0DB
:1016600001006FF00200F7E700F0C2FDF1E76FF054
:101670000500F1E76FF00300EEE770B5044620F0D7
:10168000010500F00106FFF7A9FE90B9012C13D95E
:1016900046B1284600F010FC01280CBF00206FF076
:1016A000020070BD334632463146284600F033FB17
:1016B000F2E76FF00500F4E76FF00300F1E773B5B0
:1016C00004460E461546FFF789FE70BB6CB3B44264
:1016D0002BD35DB9012C3BD120460322002100F021
:1016E000BCFA044608B396B905B32AE0D5E902323C
:1016F000CBB14F2A19D9012C1BD1032200920146EC
:101700000246204600F068FA044670B1CEB10023CC
:101710001A461946204600F0FEFA0128E4D0204679
:1017200000F0E2FE01E0002AD4D00024204602B0FE
:1017300070BD20461A46314600F0BFFA0446002824
:10174000F3D029680029F1D0204600F083FEEDE7B0
:101750002046314600F0CAFA04460028C4D1E4E726
:1017600037B50C46054618B96FF0030003B030BD1D
:10177000FFF734FED8B1002CF6D101AA2146284645
:10178000019400F00AFE012802D06FF00200EDE79C
:10179000019B0BB90020E9E74FF0E0234FF08052A6
:1017A000C3F8042DBFF34F8FBFF36F8FF2E72146CD
:1017B000284600F01DFD0128ECD0002CE5D06FF08C
:1017C0000100D3E713B5044628B3FFF707FE03462D
:1017D000C8B1002301A92046019300F00AFC0128AA
:1017E00003D06FF0020002B010BD019B4BB14FF06F
:1017F000E0234FF08052C3F8042DBFF34F8FBFF3A7
:101800006F8F0020EFE702460146204600F083FA82
:101810000128F6D0E5E76FF00300E4E7F7B50546E9
:101820000E461446FFF7DAFD18B10025284603B02E
:10183000F0BD002DF9D0002EF7D03CB3D4E9023230
:10184000BBB14F2AF1D92269002AEED0676906FBA5
:1018500005F18F42E9D300903146284600F0BCF9EB
:1018600005460028E1D021680029DFD000F0F2FD14
:10187000DCE7002AD9D12369002BD6D16269002A7E
:10188000D3D13146284600F0E8F9E9E7224631464F
:10189000284603B0BDE8F04000F0DFB973B51C4640
:1018A00005460E46FFF79AFD0346F0B15DB356B309
:1018B0004CBB234601AA31462846019400F02DFB7B
:1018C000012803D06FF0020002B070BD019B0BB97C
:1018D0000020F9E74FF0E0234FF08052C3F8042DC9
:1018E000BFF34F8FBFF36F8FF2E765B15EB1224652
:1018F0003146284600F00FFA0128E9D0002CE1D04B
:101900006FF00100E0E76FF00300DDE773B5054617
:101910000E461C46FFF762FDE8B155B34EB344BB1B
:1019200001AA31462846019400F037FD012803D072
:101930006FF0020002B070BD019B0BB90020F9E707
:101940004FF0E0234FF08052C3F8042DBFF34F8FC8
:10195000BFF36F8FF2E765B15EB12246314628468C
:1019600000F0A7FB0128E9D0002CE1D06FF00100C6
:10197000E0E76FF00300DDE7034B0360034B0B6010
:101980004FF480731360704768110100680D010007
:10199000034B0360034B0B604FF4007313607047FD
:1019A000F00C0100F004010000F108034FF0FF32D9
:1019B000C0E90223436003610023036070470023F2
:1019C0000361704743684B609A688A605160996010
:1019D0000368086101330360704730B50C68631C0D
:1019E0000AD103695A684A6091608B605960036844
:1019F00008610133036030BD00F1080213465268EC
:101A00001568A542FAD9EDE7D0E9011203698A60A9
:101A100051605968814208BF5A600022026118680B
:101A200001381860704710B5044600F0D3FFA46B6E
:101A300000F0F0FFB4FA84F0400910BD70B516460E
:101A4000026C856B044642B906689EB980680DF049
:101A5000CBF9A6600135A56370BD6EB940680BF087
:101A6000AFFA6368226C1344A2686360934224BF98
:101A7000236863600020EDE7C0680BF0A1FA226CD8
:101A8000E36851429B1A2268E36093423EBFA36819
:101A90005B18E360022EEDD10DB1013DEAE7284667
:101AA000D8E7034610B41A6C08466AB1DC68996836
:101AB00014448C4228BF1968DC6028BFD960D968FB
:101AC0005DF8044B0BF07CBA5DF8044B704770B5C1
:101AD000044600F07FFF94F8455004F124066DB2EF
:101AE000002D14DCFF2384F8453000F093FF00F054
:101AF00071FF94F8445004F110066DB2002D12DC11
:101B0000FF2384F84430BDE8704000F083BF636A6F
:101B1000002BE7D030460DF06FF908B10DF038F921
:101B2000013D6DB2DCE72369002BE9D030460DF0B2
:101B300063F908B10DF02CF9013D6DB2DEE770B527
:101B40000E46044640B94FF0140383F31188BFF3E7
:101B50006F8FBFF34F8FFEE7C56BA5B3036CA3FB7D
:101B6000053585BB00F036FFD4E90F31226862608D
:101B70004B43D0185B1A1A44FF23A563A06084F876
:101B80004430E26084F84530A6B9236973B104F1AA
:101B900010000DF031F948B14FF0E0234FF08052C2
:101BA000C3F8042DBFF34F8FBFF36F8F00F032FFE8
:101BB000012070BD04F11000FFF7F6FE04F12400CF
:101BC000FFF7F2FEF2E74FF0140383F31188BFF33F
:101BD0006F8FBFF34F8FFEE737B50D461C4643B9F5
:101BE0004FF0140383F31188BFF36F8FBFF34F8F50
:101BF000FEE748B3B2B139B350230193019B502B98
:101C000019D1019B22600121C4E90F0584F8461017
:101C10002046FFF794FF9DF8183084F84C3020469A
:101C200003B030BD81B950230193019B502B02D1E9
:101C3000019B2246E6E74FF0140383F31188BFF3BC
:101C40006F8FBFF34F8FFEE74FF0140383F31188BC
:101C5000BFF36F8FBFF34F8FFEE72DE9F0410D46C5
:101C60001746064600B3A1FB0038B8F1000F1BD1A0
:101C7000484310F1510F17D8503000F0F1FF0446DF
:101C800068B180F846806DB100F15003C4E90F657A
:101C9000236001212046FFF752FF84F84C70204654
:101CA000BDE8F0810346F1E74FF0140383F3118898
:101CB000BFF36F8FBFF34F8FFEE713B513460C468C
:101CC00058B1884209D30222009200221146FFF740
:101CD00083FF00B1846302B010BD4FF0140383F39F
:101CE0001188BFF36F8FBFF34F8FFEE710B50C461F
:101CF00040B1884206D302220021FFF7AEFF00B1B7
:101D0000846310BD4FF0140383F31188BFF36F8F0A
:101D1000BFF34F8FFEE7F0B585B00E4601921D462A
:101D2000044640B94FF0140383F31188BFF36F8F5B
:101D3000BFF34F8FFEE751B9036C43B14FF014036B
:101D400083F31188BFF36F8FBFF34F8FFEE7022D30
:101D50000BD1E36B012B08D04FF0140383F31188F0
:101D6000BFF36F8FBFF34F8FFEE70DF055F808B943
:101D7000019B03BB00F02EFEA26BE36B9A4223D2C1
:101D80002A4631462046FFF759FE636A1BB104F12B
:101D900024000DF031F848B14FF0E0234FF08052AD
:101DA000C3F8042DBFF34F8FBFF36F8F00F032FEE7
:101DB000012005B0F0BD4FF0140383F31188BFF389
:101DC0006F8FBFF34F8FFEE7022DD9D000231F4640
:101DD00037E013B902A80CF0DFFF00F01BFE0DF096
:101DE00007F800F0F7FD94F84430FF2B08BF84F8A3
:101DF000447094F84530FF2B08BF84F8457000F01C
:101E000009FE01A902A80CF0DBFF002839D100F07F
:101E1000E1FDA26BE36B9A421AD100F0FBFD019940
:101E200004F110000CF0D4FF2046FFF750FE0CF038
:101E3000F7FFD8B100F0CEFDA36BE26B9A429FD8BA
:101E40000123019A002AC4D100F0E4FD0020B0E78C
:101E500000F0E0FD2046FFF73AFE0CF0E1FF00F055
:101E6000B9FDA26BE36B9A42EAD289E74FF0E02317
:101E70004FF08052C3F8042DBFF34F8FBFF36F8F25
:101E8000EDE72046FFF723FE0CF0CAFFDEE713B5AF
:101E900000220B46009011460120FFF79DFE0446EC
:101EA00038B1002383600360C3601A461946FFF708
:101EB00032FF204602B010BD38B5044640B94FF09D
:101EC000140383F31188BFF36F8FBFF34F8FFEE7C7
:101ED00085680CF095FF85420BD1E368013BE36018
:101EE0000BB1012038BD1A4619462046FFF713FFF3
:101EF000F7E70020F6E710B5024600210120FFF7C2
:101F0000ACFE044638B1002383600360C3601A4608
:101F10001946FFF700FF204610BD2DE9F84389461A
:101F200017461E46044640B94FF0140383F3118848
:101F3000BFF36F8FBFF34F8FFEE751B9036C43B10F
:101F40004FF0140383F31188BFF36F8FBFF34F8FEC
:101F5000FEE7022E0BD1E36B012B08D04FF01403E8
:101F600083F31188BFF36F8FBFF34F8FFEE700F04D
:101F700049FEEFF311884FF0140383F31188BFF388
:101F80006F8FBFF34F8FA26BE36B9A4201D3022E88
:101F90002DD194F84550A36B6DB232464946204688
:101FA000FFF74CFD6B1C0ED1636A3BB104F12400BA
:101FB0000CF022FF10B10FB101233B60012088F328
:101FC0001188BDE8F8830CF023FF8542F6D27F2DFF
:101FD00008D14FF0140383F31188BFF36F8FBFF361
:101FE0004F8FFEE701356DB284F84550E6E70020DB
:101FF000E5E7F8B50E46044640B94FF0140383F305
:102000001188BFF36F8FBFF34F8FFEE7036C43B1AF
:102010004FF0140383F31188BFF36F8FBFF34F8F1B
:10202000FEE7036853B9836843B14FF0140383F3A9
:102030001188BFF36F8FBFF34F8FFEE700F0E2FD13
:10204000EFF311874FF0140383F31188BFF36F8F01
:10205000BFF34F8FA36BE26B9A4228D994F84520C7
:102060000133FF2A55B2A3630DD1636A3BB104F17A
:1020700024000CF0C1FE10B10EB101233360012029
:1020800087F31188F8BD0CF0C3FE8542F7D27F2D8F
:1020900008D14FF0140383F31188BFF36F8FBFF3A0
:1020A0004F8FFEE701356DB284F84550E7E7002019
:1020B000E6E7F0B585B00E460192044640B94FF010
:1020C000140383F31188BFF36F8FBFF34F8FFEE7C5
:1020D00051B9036C43B14FF0140383F31188BFF37C
:1020E0006F8FBFF34F8FFEE70CF096FE50B9019B48
:1020F00043B14FF0140383F31188BFF36F8FBFF325
:102100004F8FFEE700F066FCA56BDDB1314620463F
:10211000FFF7C7FC2369013DA56373B104F110000B
:102120000CF06AFE48B14FF0E0234FF08052C3F844
:10213000042DBFF34F8FBFF36F8F00F06BFC0120B6
:1021400005B0F0BD019B1BB900F064FC0020F7E76F
:1021500002A80CF021FE2F4600F05CFC0CF048FEBB
:1021600000F038FC94F84430FF2B08BF84F844702A
:1021700094F84530FF2B08BF84F8457000F04AFC06
:1021800001A902A80CF01CFE38BB2046FFF74BFC4F
:10219000E8B1019904F124000CF01AFE2046FFF783
:1021A00096FC0CF03DFE48B94FF0E0234FF0805212
:1021B000C3F8042DBFF34F8FBFF36F8F00F00AFCFD
:1021C000A56B002DA2D1019B002BC5D1BCE72046F9
:1021D000FFF77DFC0CF024FEF0E72046FFF777FCCC
:1021E0000CF01EFE2046FFF71EFC0028E6D0ADE7EF
:1021F000F0B585B00446019140B94FF0140383F364
:102200001188BFF36F8FBFF34F8FFEE7056C45B1A9
:102210004FF0140383F31188BFF36F8FBFF34F8F19
:10222000FEE70CF0F9FD064620B32E46002700F02D
:10223000D1FBA36B53B3013BA363236813B90CF029
:10224000F3FDA060236973B104F110000CF0D4FD1C
:1022500048B14FF0E0234FF08052C3F8042DBFF394
:102260004F8FBFF36F8F00F0D5FB012005B0F0BD9D
:102270003546DBE7019B002BFAD04FF0140383F3C4
:102280001188BFF36F8FBFF34F8FFEE7019B1BB920
:1022900000F0C0FB0020E9E716B902A80CF07CFDB5
:1022A00000F0B8FB0CF0A4FD00F094FB94F844306F
:1022B000FF2B08BF84F8447094F84530FF2B08BF0B
:1022C00084F8457000F0A6FB01A902A80CF078FD87
:1022D00050BB2046FFF7A7FB00B323683BB900F0D3
:1022E00079FBA0680CF068FD054600F093FB0199AE
:1022F00004F124000CF06CFD2046FFF7E8FB0CF025
:102300008FFD48B94FF0E0234FF08052C3F8042D01
:10231000BFF34F8FBFF36F8F012688E72046FFF78B
:10232000D6FB0CF07DFDF7E72046FFF7D0FB0CF065
:1023300077FD2046FFF777FB0028EDD0002DA9D0D0
:1023400000F048FB616A19B1236B1968C1F13801CB
:10235000A0680CF039FD9BE770B50D46044640B906
:102360004FF0140383F31188BFF36F8FBFF34F8FC8
:10237000FEE786680CF044FD864204D1E368013331
:10238000E360012070BD29462046FFF731FF002899
:10239000F8D0E3680133E360F4E72DE9F8438946B8
:1023A0009046044640B94FF0140383F31188BFF3FD
:1023B0006F8FBFF34F8FFEE751B9036C43B14FF0FE
:1023C000140383F31188BFF36F8FBFF34F8FFEE7C2
:1023D00000F018FCEFF311874FF0140383F311881A
:1023E000BFF36F8FBFF34F8FA66B86B394F8445043
:1023F00049466DB22046FFF754FB013E6B1CA663B5
:1024000011D1236953B104F110000CF0F5FC28B18F
:10241000B8F1000F02D00123C8F80030012087F383
:102420001188BDE8F8830CF0F3FC8542F6D27F2DCD
:1024300008D14FF0140383F31188BFF36F8FBFF3FC
:102440004F8FFEE701356DB284F84450E6E7304621
:10245000E5E7000070B540B94FF0140383F311882D
:10246000BFF36F8FBFF34F8FFEE7B9B10C4A002364
:102470001C4615465668864204D105EBC403C3E9E1
:1024800000100BE01BB91668002E08BF134601347C
:10249000082C02F10802EDD1002BF0D170BD00BF75
:1024A000E411010010B540B94FF0140383F3118813
:1024B000BFF36F8FBFF34F8FFEE7094A002352F837
:1024C000331081424FEAC30406D1064A002142F884
:1024D00033102244516010BD0133082BEFD1FAE7CD
:1024E000E8110100E411010010B540B94FF01403E8
:1024F00083F31188BFF36F8FBFF34F8FFEE7FFF7B2
:10250000D1FF90F846301BB9BDE8104000F07EBC0A
:1025100010BD70B504460D46164600F05BFA94F8FF
:102520004430FF2B04BF002384F8443094F8453036
:10253000FF2B04BF002384F8453000F06BFAA36B37
:102540002BB93246294604F124000CF01DFC20462C
:10255000BDE87040FFF7BBBA914208B54160006129
:102560000AD8D21A83699A420DD2084B011D186805
:10257000FFF733FA002008BD9A4201D2994202D2F5
:10258000034B011DF3E70120F5E700BFD41701005D
:10259000D817010070B504460D461646A1692B46B2
:1025A000324629442046FFF7D7FF00B970BDA36922
:1025B00020461D44236A9847F0E700000E4B1B6835
:1025C000DB6870B5DC680546201D0E46FFF71CFA77
:1025D00094F828305A0709D5324629462046FFF795
:1025E000D9FF236A2046BDE87040184723F0010355
:1025F00084F82830F5E700BFD8170100F8B50F4E72
:1026000005460CF0BDFB33688342044609D90C4FE4
:102610003B681A6852B90B4A11683960136001238C
:1026200000E000232B6034602046F8BDDB684FF0EB
:10263000FF311868FFF7C2FFEAE700BFC8170100C3
:10264000D8170100D41701002DE9F0415B4F5C4E13
:1026500086B03B68D3F80080B8F1000F38D0DB6853
:10266000D3F8008000240CF0C3FB02A8FFF7C6FFDC
:10267000029B0546002B48D164BB404530D30CF08B
:10268000CFFB29464046FFF799FF1022002102A800
:102690000AF0E8FB3068002202A9FFF70AFD0028D3
:1026A000D7D0029B0498002B32DB049C6369002B7B
:1026B00035D101A8FFF7A2FF029B013B0546082B7D
:1026C000E8D8DFE803F03030535A733030535A0003
:1026D0000124C8E73B4B1B681C68B4FA84F4640906
:1026E00030682246A8EB0501FFF713FF0CF098FBBA
:1026F0000028CAD14FF0E0234FF08052C3F8042DD8
:10270000BFF34F8FBFF36F8FBFE70CF089FBBCE7C0
:10271000039B05999847029B002BBBDBC5E7201D57
:10272000FFF772F9C5E794F82830A16943F0010377
:1027300084F82830039B024619442046FFF70CFF1B
:102740000028A7D094F8283059070AD5A36903991F
:102750002A4619442046FFF71DFF236A2046984762
:1027600098E723F0010384F82830F6E794F828303E
:1027700023F0010384F828308CE794F8283043F0E4
:10278000010384F828300399A16141B94FF0140383
:1027900083F31188BFF36F8FBFF34F8FFEE70346BC
:1027A000024601442046FFF7D7FE73E794F828302D
:1027B0009A07DDD4204600F029FB6BE7D81701000B
:1027C000D0170100D4170100F7B5114C00F002F941
:1027D0002568BDB90F4F104E3846FFF7E5F8304673
:1027E000FFF7E2F80D4B0E4A1F600E4B10211E60E2
:1027F00005200D4B0095FFF7EFF9206010B10B4954
:10280000FFF728FE03B0BDE8F04000F003B900BFB9
:10281000D0170100F0170100DC170100D8170100E4
:1028200078170100D417010028170100E5FE2008E1
:1028300010B588B0FFF7C8FF124B1B68B3B1002476
:1028400007AA06A905A8CDE90544FFF7A1F8059B4D
:102850000293069B019337230093079A0A490B487A
:1028600023460CF0B9FA0A4B186040B94FF0140334
:1028700083F31188BFF36F8FBFF34F8FFEE7012003
:1028800008B010BDD0170100EAFE20084936200824
:10289000CC17010000000000000000000000000054
:1028A000074B19680868B0E8F04F80F30988BFF358
:1028B0006F8F4FF0000080F311887047AFF30080F6
:1028C0002417010008480068006880F308884FF06A
:1028D000000080F3148862B661B6BFF34F8FBFF378
:1028E0006F8F00DF00BF000008ED00E00000000077
:1028F000EFF30980BFF36F8F154B1A681EF0100FAE
:1029000008BF20ED108A20E9F04F10602DE9090082
:102910004FF0140080F31188BFF34F8FBFF36F8F18
:102920000CF03EFA4FF0000080F3118809BC1968E2
:102930000868B0E8F04F1EF0100F08BFB0EC108A26
:1029400080F30988BFF36F8F704700BFAFF300803B
:1029500024170100DFF80C00016841F470010160E8
:102960007047000088ED00E082B0002301930D4B1A
:102970001B68013308D04FF0140383F31188BFF3B1
:102980006F8FBFF34F8FFEE74FF0140383F311886F
:10299000BFF36F8FBFF34F8F019B002BFCD002B0B2
:1029A000704700BF280000004FF0807340F8043CDF
:1029B000074B40F80C3C21F001016FF0020340F896
:1029C000081C40F8202C40F8243C4438704700BFD5
:1029D000693920084FF0140383F31188BFF36F8F18
:1029E000BFF34F8F0A4A13680133012B13600ED1D6
:1029F0004FF0E023D3F8043DDBB243B14FF01403B2
:102A000083F31188BFF36F8FBFF34F8FFEE77047DB
:102A100028000000084A136843B94FF0140383F3F9
:102A20001188BFF36F8FBFF34F8FFEE7013B136039
:102A30000BB983F3118870472800000008B54FF0E8
:102A4000140383F31188BFF36F8FBFF34F8F0CF024
:102A5000C7F928B14FF0E0234FF08052C3F8042D9E
:102A6000002383F3118808BD4FF0E0220023136197
:102A70009361054B4FF47A711B68B3FBF1F3013B93
:102A8000536107231361704788E001004FF0E02392
:102A900037B5D3F8001D534A914208D14FF01403C3
:102AA00083F31188BFF36F8FBFF34F8FFEE7D3F827
:102AB000001D4D4A914208D14FF0140383F3118851
:102AC000BFF36F8FBFF34F8FFEE7D3F8083D474A40
:102AD000D96A914208D04FF0140383F31188BFF3F1
:102AE0006F8FBFF34F8FFEE79A6B414B9A4208D02E
:102AF0004FF0140383F31188BFF36F8FBFF34F8F31
:102B0000FEE7002301933B4B1A78D2B28DF80220E6
:102B1000FF221A701B78384ADBB28DF803309DF81B
:102B2000033003F01403137043B94FF0140383F31D
:102B30001188BFF36F8FBFF34F8FFEE79DF803300F
:102B4000DB4313F0140F10D04FF0140383F31188FC
:102B5000BFF36F8FBFF34F8FFEE7013301939DF8F3
:102B600003305B00DBB28DF803309DF8033013F0C7
:102B7000800F019BF1D1082B18BF019B1F4A14BF86
:102B8000C3F1070300231B0203F4E06313609DF805
:102B90000230184A4FF0E024DBB21370D4F8203D25
:102BA00043F47F03C4F8203DD4F8203D002543F0D2
:102BB0007F43C4F8203DC4F81C5DFFF755FF104B60
:102BC0001D60FFF7C7FED4F8343F43F04043C4F81C
:102BD000343FFFF777FE0CF0E3F8FFF7C5FE284619
:102BE00003B030BD71C20F4170C20F41A13820083F
:102BF000F138200800E400E0081801000418010082
:102C000028000000EFF305830F2B0ED9114A9B5CBF
:102C1000114A12789A4208D94FF0140383F31188AD
:102C2000BFF36F8FBFF34F8FFEE74FF0E0230B4AE8
:102C3000D3F80C3D126803F4E063934208D94FF0D7
:102C4000140383F31188BFF36F8FBFF34F8FFEE739
:102C5000704700BFF0E300E008180100041801000D
:102C6000F8B5431E0A33624D24D90CF0C1F82B6825
:102C700063BB00245F4A604853071FBFD11D21F08A
:102C8000070102F54842531A0CBF4FF448430A4665
:102C90001344083B23F00703002141600260C3E9AD
:102CA0000011991AC2E900312B60544B1960544B42
:102CB00019601BE010F0070300F108040BD10CF0C1
:102CC00097F82B68002BD5D0002C11DA0CF0A8F85F
:102CD00000252846F8BDA3F10902A242C5D3103051
:102CE000C41A0CF085F82B68002BC3D0002CEDDD46
:102CF000DFF80CC1DCF80010A142E7D33E4ADFF850
:102D0000F4E01368734502D33E4FBB4217D94FF02E
:102D1000140383F31188BFF36F8FBFF34F8FFEE768
:102D2000764502D3BE421A4608D94FF0140383F306
:102D30001188BFF36F8FBFF34F8FFEE7334658689C
:102D4000A04202D21E68002EEAD12D689D42BDD05D
:102D500015680835754501D3BD4208D94FF01403F5
:102D600083F31188BFF36F8FBFF34F8FFEE71F68A8
:102D70001760A0420FD3001B102819D91E1916F096
:102D8000070F11D04FF0140383F31188BFF36F8F37
:102D9000BFF34F8FFEE74FF0140383F31188BFF3A7
:102DA0006F8FBFF34F8FFEE770605C601F5116603E
:102DB00058680A1A1149CCF800200C68A24238BFA2
:102DC0000A6000221A60104A40F000405860136800
:102DD000013313600CF024F86B073FF47AAF4FF027
:102DE000140383F31188BFF36F8FBFF34F8FFEE798
:102DF0001C180100281801002018010014180100F7
:102E00001818010027E0010010180100F8B5054668
:102E100000286FD0384FA0F10804BC4212D3374EBF
:102E2000B4420FD850F8043C002B14DA50F8082CA8
:102E3000D2B14FF0140383F31188BFF36F8FBFF348
:102E40004F8FFEE74FF0140383F31188BFF36F8FAA
:102E5000BFF34F8FFEE74FF0140383F31188BFF3E6
:102E60006F8FBFF34F8FFEE723F0004340F8043C21
:102E70000BF0BEFF224A55F8041C13680B44136084
:102E8000204B18461A461B689C42FBD882420CD045
:102E9000BA4201D3B24208D94FF0140383F3118828
:102EA000BFF36F8FBFF34F8FFEE750681618B44221
:102EB00006D1014450188342516010D1144602E0FB
:102EC0006018834213D11048006883421FBF5868BE
:102ED0004018606018682060A24218BF14600B4A56
:102EE000136801331360BDE8F8400BF099BF45F853
:102EF000083CF1E7F8BD00BF2818010027E00100F9
:102F000018180100201801001C1801000C180100FD
:102F100030B5114B93F85830013BDBB2FD2B8FB02D
:102F200018D80E4D0FCD6C460FC40FCD0FC40FCD6A
:102F30000FC495E8030084E80300094C6846D4F800
:102F4000443713F041FD05F00DF9D4F84437002063
:102F50000FB030BD0120FBE700021F0858021F0818
:102F600000800524134B0168D3F84437F0B50127DE
:102F7000013900D2F0BDD0F808C04668CCF38455C2
:102F8000C5EBDC62346801320023013A0CD203FA4B
:102F900005F203EA0C03C3F3150324EA0202AB4073
:102FA000134333600830E3E707FA02FE43EA0E03F7
:102FB000EBE700BF0080052408B51848FFF7D2FFF3
:102FC0001748FFF7CFFF05F045FB05F057FB05F06D
:102FD00061FB05F073FB05F07DFB1248FFF7C2FFB4
:102FE0001148FFF7BFFF1148FFF7BCFF1048FFF77C
:102FF000B9FF1048FFF7B6FF0F48FFF7B3FF0F48C0
:10300000FFF7B0FF0E48FFF7ADFF0E48FFF7AAFF2E
:10301000BDE808400C48FFF7A5BF00BF1C1A000020
:1030200080190000BC150000881600007C16000006
:103030009C1600005C1500005015000044150000AF
:1030400098150000E0150000D415000010B5254CBF
:10305000FFF7B2FF94F8040600F00100FFF758FFF5
:103060004FF4C023C4F86C34D4F840311E4843F404
:103070000023C4F84031D4F8403143F00103C4F8D0
:103080004031D4F8403143F00203C4F84031FFF737
:1030900069FF16491648D1F8103543F00203C1F80C
:1030A0001035636923F400336361636943F480334B
:1030B0006361D0F84027D0F87837C2F34342023A30
:1030C00023F4F07343EA4213C0F87837D1F894340C
:1030D00043F40023C1F89434236943F4601323615B
:1030E00010BD00BF00800424A817000000A0052424
:1030F0000080052408B550B10748FFF733FF0748A3
:10310000FFF730FF0648BDE80840FFF72BBF054832
:10311000FFF728FF0448F6E7F017000098180000B2
:103120008C18000064180000101800000B48D0F83C
:1031300000D05DF804EB5DF804CB5DF804BB5DF8EE
:1031400004AB5DF8049B5DF8048B80BC40BC20BCE4
:1031500010BC08BC04BC02BC01BC704734E00100D8
:10316000114AD2F8103623F48073C2F810360F4B90
:10317000596B41F001015963596B41F002015963E8
:103180000423C2F8383482B000238DF807309DF84C
:103190000730092B01D902B0704700BF9DF80730F6
:1031A0000133DBB2F1E700BF008004240084042473
:1031B000FEE7FEE7054B064A06498B4200D37047FF
:1031C00052F8040B43F8040BF7E700BF10000000AF
:1031D000E47B2108701A0000064B0748DA1C121A1B
:1031E000C11E22F00302994288BF0022002109F08B
:1031F00039BE00BF08660200701A000008B5FFF76C
:10320000D9FFFFF7E9FF00F0BBF8BDE80840FEF783
:1032100085B8000038B562B63A4B3B4A1A603B4B62
:103220003B4A93F806363B4C3B4D03F00F030F2B04
:1032300015BF3A4B4FF00063D3F89312D3F837140D
:103240000CBF11601160364A0CBFD3F83634D3F886
:103250009232136005F0C8FC05F004F92A4BE363D1
:10326000032005F0BDFB05F0FFF82E4BDB694FF0A6
:103270008061D3F880304FF08C409847EB69022092
:1032800060F30E33EB61284BDA696FF30202DA6107
:1032900005F064F91D4B1A6A042161F302021A62F7
:1032A0001A6A1207FCD5AB69022262F38403AB6190
:1032B000AB691B04FCD51D4B1D4D5A6E6FF34102CB
:1032C0005A665A6E6FF300025A66FFF749FF1949B2
:1032D0000D4B21614FF4FA40E16117496062002211
:1032E00020624FF40040C4E90033C4E90B15C4E97F
:1032F0000F33A2606261E360A06263636164A261F4
:1033000038BD00BF88E00100005A6202008004243A
:1033100030E0010038E001000081042400001F08B3
:103320002CE0010000013000008604240084042405
:10333000002D310100B4C4040048E8014FF0E0233F
:1033400084B0D3F8402F0192D3F8442F0292019910
:10335000094A91420DD10299084A914209D1D3F804
:10336000882D0392039A42F470020392039AC3F8E1
:10337000882D04B0704700BF21001110110000110A
:1033800013B50023009301932F4BD3F8102500921F
:10339000009A00922D4A116821F00F011160116806
:1033A0001160D3F89C1421F46071C3F89C14D3F815
:1033B000041701910199C3F80415D3F8001701917E
:1033C0000199C3F80015D3F8101541F01C01C3F89A
:1033D0001015D2F8024014F48074FAD11C484369E5
:1033E00043F480334361436964F351434361FFF71E
:1033F000A5FF184B4FF080725A60174BC0F8403150
:10340000164B5A6864F3C3025A60036A0E4A43F4C7
:1034100080330362036A43F400330362D2F89434C6
:1034200043F40023C2F89434036943F46013036146
:103430000B4B1A6842F400221A601A6842F4802288
:103440001A6002B010BD00BF00A0052400000524D2
:10345000008004240000304103000800008104249F
:103460000084042410B520F04044012C02D0022C2A
:1034700005D010BD0A4A136801331360F9E7094B00
:1034800009489B6947F23051984708480849006845
:103490000C7000231A46FEF701FA064AEBE700BF5C
:1034A00094E0010070FF200876EF010070EF01004A
:1034B0008CE0010090E0010037B5114CE3689847BB
:1034C000A36810489847236902209847A56A0121FC
:1034D0001520A84701211620A8474FF4E13101200B
:1034E000A847094D286810B9FEF765F82860A36958
:1034F0000648019347F2305103B0BDE83040184709
:1035000070FF20086544200898E0010076EF010074
:1035100013B5094C00238DF804302360074B0121BB
:103520009B6901A8984723681BB19DF8040002B06D
:1035300010BD00F009FCF6E790E0010070FF2008E4
:1035400013B5094C8DF8070000232360074B0121B8
:103550005B690DF10700984723680BB102B010BDFD
:1035600000F0F2FBF8E700BF94E0010070FF2008D4
:1035700003681B780022202B04D0093B042B01D9BF
:10358000D0B270470368591C01605B780132F2E7E2
:103590000120704708B509F0B7FC162303604FF00F
:1035A000FF3008BD08B509F0AFFC16230360FEE745
:1035B00070B50D461446FDF749FF022805D10C4BA6
:1035C0004FF0FF311868FEF733F82E46731BA34205
:1035D00009DBFDF73BFF022803D1054B1868FEF716
:1035E0004CF8204670BD16F8010BFFF7A9FFEDE778
:1035F00098E001004FF0FF3070474FF400534B60EC
:103600000020704701207047002070470FB42DE95B
:10361000F0438BB012AB002453F8046B019304AD5C
:103620008DF81040A846FFF773FF0D2805F8010B31
:1036300004D00A2802D00134142CF4D19E4B019FEF
:10364000E34004F1280213F001030DEB02041ABF5A
:10365000002304F8183C04F8173C9DF81030CDE91D
:103660000268002B00F04E810025029B1B78002B86
:103670004DD0DDF80C9099F80060002E47D002A8DC
:10368000FFF776FF044618B103A8FFF771FFECE7D8
:10369000029A1346517813F8010B0293252801D1A1
:1036A000252907D18E4232D109F101030232039359
:1036B0000292DAE726462046A0461A7806F07C01F8
:1036C000002A7CD100B1029309B3002C08BF632407
:1036D000082900F08780202900F0AA80042916D14B
:1036E00057F8042B4946144400200E780B4601314C
:1036F000002E6AD100286FD1B7E7692A50D01ED8B2
:10370000632A52D011D8392A07D82F2A34D8E8B2E0
:103710000BB0BDE8F04304B07047582AF7D146F02B
:10372000200601334FF0100832E0642AEFD146F44E
:10373000005646F0200601334FF00A0828E06F3AA1
:10374000D1B20929E3D8092AE1D801A151F822F020
:10375000954720080F4720080F4720080F472008EB
:10376000B94720080F472008334720080F47200893
:103770000F4720081F472008002CC8D10A211A78BB
:10378000303A01FB042413F8012F303A092AF6D904
:10379000012092E746F0200601334FF00808F7E7D2
:1037A00046F0200601338846F2E7012C46F0040675
:1037B00038BF01240133EBE746F00806FAE7002999
:1037C0009BD0002881D002937FE702F8016BA242D0
:1037D0004FF0010089D10B46994503933FF445AF63
:1037E000013542E703A8FFF7C3FE039E57F8043BE9
:1037F000314603EB040C00200C4611F8012B12B9E2
:1038000060B103940AE00D2A0FD8082AF8D803F80B
:10381000012B63454FF00100EED10391039A9642CC
:103820003FF423AF00221A70DAE7202AEFD1E7E74E
:1038300003A8FFF79DFE039BB8F1000F10D0B8F16D
:10384000100F17D11A78302A14D15A7802F0DF02FB
:10385000582A0FD102330393023C4FF0100809E0BD
:103860001A78302A16D15A7802F0DF02582AF1D09D
:103870004FF00808039B1A782B2A0ED02D2A0FD15F
:1038800001330393013C4FF0FF31039A00201444AD
:10389000844616E04FF00A08ECE701330393013C3D
:1038A0000121F2E7A9F14103052B02D920B30392CC
:1038B00022E0A9F1370317E0010010000CFB083CDF
:1038C000012092F800909646B9F1000FEED0A24286
:1038D000ECD0A9F13003DBB2092B06D9A9F16103C1
:1038E000052BDFD8A9F15703DBB2984502F101029D
:1038F000E4D808B1CDF80CE057F8043B0CFB01F11B
:1039000019606DE74FF0FF3501E700BF044802235F
:103910001421C21801334B2B82F80013F9D17047E0
:1039200000E100E0064B1868002382B262F30F0347
:10393000000C60F31F4382B0184602B0704700BF0E
:103940006CFF200809207047014803F071B900BFDF
:1039500020FF200837B5044606200D4600F026FB60
:10396000E2B2132A0346084A02D11178A52908D0E9
:10397000127800922946054A204602F043FC03B023
:1039800030BD6FF00600FAE72C00000020FF200891
:10399000014803F07BB800BF20FF20081FB5064B8D
:1039A0001B680293054B0193054B0093054B02F0F6
:1039B0005BFF05B05DF804FB2CE50100B8E10100F8
:1039C0003C00000020FF200807B5064B064A1B6894
:1039D0000193064B0093064B02F046FE03B05DF8E0
:1039E00004FB00BF2CE5010020FF2008B8E1010026
:1039F0003C00000007B5064B064A1B680193064BC6
:103A00000093064B02F078FD03B05DF804FB00BFA5
:103A10002CE5010020FF2008B8E101003C00000077
:103A2000014902F0D5BA00BF20FF20080149024831
:103A300002F0A6BA3C00000020FF200807B5064BA4
:103A40000193064B0093064A064B074902F04EF9D4
:103A500003B05DF804FB00BFB0E401002CE50100F9
:103A60003C00000000FC020020FF2008014B187001
:103A7000704700BF2C000000014803F041B800BFB0
:103A800020FF20080F4BDA79920714D51B79ABB9C8
:103A90000D4B5A6948B142F010025A615A6939B166
:103AA00042F001025A610020704760F30412F4E70B
:103AB00061F30002F6E74FF0FF3070476FF001004E
:103AC000704700BFB8E0010000000345024BD87901
:103AD00000F00100704700BFB8E001000B2801466C
:103AE00003D1054A012002F0DABF0A2803D1024AB5
:103AF000012002F0EFBF704720FF20080B2801468D
:103B000003D1054A022002F0CABF0A2803D1024AA3
:103B1000022002F0DFBF704720FF2008014802F0BA
:103B2000BDBA00BF20FF2008064B1868002382B2F0
:103B300062F30F03000C60F31F4382B0184602B01B
:103B4000704700BFE4FF2008014B1868704700BFB2
:103B500048000000014804F003B900BF480000001D
:103B6000014904F0BDB800BF48000000014804F05E
:103B700095B800BF4800000037B504460B200D463D
:103B800000F014FA064B1B680193064B00930246A3
:103B9000054B2946204603F037FE03B030BD00BF79
:103BA00028E501003000000048000000014803F053
:103BB00027BE00BF48000000014803F01EBE00BF42
:103BC000480000007FB5104BD3E90354B2F5806F75
:103BD0002E883ABF02F1FF33C3F3090340F2FF33EB
:103BE00063F30D162E80258863F30D15074B258092
:103BF0001B680293064B0193064B0093024B03F0A4
:103C0000C3FD04B070BD00BF4800000028E50100FE
:103C1000C8E00100300000000D4B1A69B1F5806F5B
:103C200013B538BF01F1FF33148834BFC3F3090360
:103C300040F2FF3363F30D14064B14801B680193AD
:103C4000054B0093024A054B03F018FD02B010BD6E
:103C50004800000028E50100C8E001003000000035
:103C60000D4BDA68B1F5806F13B538BF01F1FF3342
:103C7000148834BFC3F3090340F2FF3363F30D1418
:103C8000064B14801B680193054B0093024A054BB9
:103C900003F05EFC02B010BD4800000028E5010002
:103CA000C8E0010030000000024B034A1B680349D2
:103CB00003F09ABB28E50100300000004800000036
:103CC000034B044904484FF400129A6403F02CBBE0
:103CD00000840424300000004800000007B5064BB3
:103CE0000193064B0093064A064B074903F090FAEE
:103CF00003B05DF804FB00BF38E4010028E50100D3
:103D000030000000001C062448000000014AC9B22F
:103D100003F0ECB948000000014AC9B203F012BA3E
:103D200048000000014803F0E1B800BFE8000000CF
:103D3000014803F0DBB800BFA4000000014803F015
:103D4000D5B800BF48000000FFF7F8BF01280146C2
:103D500002D1044A03F0CAB918B9024A012003F09B
:103D6000F1B97047480000000128014603D1054A17
:103D7000022003F0BBB918B9024A022003F0E2B9ED
:103D8000704700BF48000000354BDFED366AD3F8BE
:103D9000102242F04002C3F8102207EE900AD3F836
:103DA0001022F4EEE67A42F01002F1EE10FA07EE7D
:103DB000101A82B0C3F8102206DCF0EE086AB4EEE6
:103DC000E67AF1EE10FA08D5D3F8102242F020027C
:103DD000C3F81022002002B070479FED237AF4EE62
:103DE000C77AF1EE10FA10D5D3F810226FF3030260
:103DF000C3F81022D3F810226FF38612C3F81022F2
:103E0000D3F810226FF30412E2E777EEC77ADFED02
:103E1000176A134A87EEA67AF7EE007A77EE277ACA
:103E2000FCEEE77ACDED017A9DF80430F6EE007AEB
:103E300077EE277A07EE103AB8EE477AB4EEE77AD3
:103E4000F1EE10FAC2BFFCEEE77ACDED017A9DF8F3
:103E50000430D2F8101263F30301C2F81012B9E76C
:103E60000038042433333340CDCCCC3F0AD7A33DB4
:103E70000A4B9A6C013A052A0ED8DFE802F00305D6
:103E80000705090B586C7047D86A7047D86B7047A4
:103E9000186B7047586B70470020704738E001007E
:103EA00006281DD8DFE800F0040A0D1013161900CB
:103EB0000C4B586809B1B0FBF1F07047094B186A18
:103EC000F8E7084B586AF5E7064B986AF2E7054BA6
:103ED000D86AEFE7034B186BECE7024BD868E9E7C9
:103EE0000020E7E738E0010010B5032814D8DFE828
:103EF00000F0020A0D100F48C06A7AB1A3B981B16F
:103F0000B0FBF1F00DE00B48C069F6E709484069E5
:103F1000F3E708488068F0E70020EEE723B909B925
:103F2000400810BD4900EBE7CB07FAD50229F8D9C4
:103F3000E6E700BF38E00100F8B50C461546042856
:103F400028D8DFE800F003211B1E2400FFF790FFB4
:103F500015B394B107F0D6FD064620460F4607F08C
:103F6000D1FD104B002207F091FC02460B46304673
:103F7000394607F06BFF08F0D9F8F8BD0A4BD8694D
:103F8000E6E7094B5869E3E7074B9868E0E7064B1B
:103F9000D868DDE70020DBE7002CEED0B0FBF4F0C2
:103FA000EBE700BF0000E03F38E0010010B50E284D
:103FB00000F28F81DFE810F00F001E002D0053008B
:103FC000720084009600B300CA00DD00E70009011A
:103FD0003201600182014FF08C43BDE81040D86986
:103FE000D969DA69C1F3C301C2F3407200F0070076
:103FF000FFF7A2BF4FF08C43BDE81040D869D969E4
:10400000DA69C1F38321C2F38072C0F3C210FFF7F3
:1040100093BF4FF08C4293699469C3F3C233C4F3E6
:10402000C324052B19D8DFE803F003090C0F121580
:10403000FFF71EFF0CB1B0FBF4F010BD8C4B98687D
:10404000F8E78B4B1869F5E7894B5869F2E7884B1D
:10405000D869EFE7864BD868ECE70020EAE74FF035
:104060008C42936A946AC3F34243C4F30554032B0E
:1040700012D8DFE803F002080B0EFFF7F9FE002C60
:10408000DBD06400D7E77A4B5869F8E7784B98683B
:10409000F5E7774BD868F2E70020F0E74FF08C4364
:1040A000BDE81040986999699A69DB69C2F34022BA
:1040B000C3F30073C1F3C50100F00700FFF714BF9D
:1040C0004FF08C43BDE81040D86F99699A69DB695D
:1040D000C2F34022C3F30073C1F3C501C0F3422011
:1040E000FFF702BF4FF08C439B69C3F30263042BBD
:1040F00000F2EF80DFE803F003060A0D10005C4BCE
:10410000D8689AE7BDE81040FFF7B2BE584B9868F0
:1041100093E7574BD86990E7554B58698DE74FF0B7
:104120008C4291699369926911F4802F5049C2F3CE
:10413000C0520CBF48698868C3F3C3431AB1002B4F
:104140003FF47BAF12E083B9400876E74FF08C4331
:104150009A6A9B6A12F4806F454A0CBF9069D068D6
:10416000C3F3C523002B3FF468AF5B00B0FBF3F053
:1041700063E7404B98699969BDE81040C1F3464137
:10418000000FFFF78DBE3B4BDA69DB69C2F34302D8
:10419000C3F34713052A16D8DFE802F00306090C1B
:1041A0000F12334A5068DDE7314A106ADAE7304AC5
:1041B000506AD7E72E4A906AD4E72D4AD06AD1E7F1
:1041C0002B4A106BCEE70020CCE72A4B1A6A1B6AF9
:1041D000C2F34302C3F34213072A1DD8DFE802F0FB
:1041E00004070A0D10131619214A5068A7E7204A40
:1041F000106AA4E71E4A506AA1E71D4A906A9EE72A
:104200001B4AD06A9BE71A4A106B98E7184AD06895
:1042100095E7174A506B92E7002090E7154B1B6B10
:10422000C3F34303062B54D801A252F823F000BF76
:104230004D52200853522008595220085F5220083E
:10424000655220086B522008FF502008084B586820
:10425000F3E6074B186AF0E6054B586AEDE6044BA7
:10426000986AEAE6024BD86AE7E6014B186BE4E687
:1042700038E0010000140424174B5B6BC3F34303C5
:10428000082B26D801A252F823F000BF4D52200877
:1042900053522008595220085F52200865522008C6
:1042A0006B522008FF502008B1522008B752200856
:1042B0000A4B586BC1E6094B9869BEE6064BD86AB3
:1042C000D96ABDE81040C1F34711C0F34300FFF7BE
:1042D000E7BD0020B1E600BF0014042438E001006F
:1042E000024B1B68D3F8BC30184700BF00013000F8
:1042F000024B1B68D3F8CC30184700BF00013000D8
:10430000024B1B68D3F8EC30184700BF00013000A7
:1043100007EE100AFDEEC77AF8EEE76AF4EEC76A18
:10432000F1EE10FA41BF17EE903A013307EE903AE2
:10433000F8EEE76A16EE900A70470000024B012182
:104340009B69C0B2184700BFE0E50100FFF7F6BF68
:104350001346054A126810B4546C0A46A44600215C
:104360005DF8044B604700BF0001300010B54FF40A
:10437000006004F0B3F8094C094B4FF000725A6426
:1043800022782AB9074B08481B6A01219B6A984783
:10439000237843F00103237010BD00BF30E9010012
:1043A00000840424000130000014042482B0ADF81D
:1043B00004000A4B4FF400621A609DF80420084B79
:1043C0002AB9D3F8082242F40062C3F808225A68D6
:1043D000002042F001025A6002B0704700E100E0A4
:1043E000003804242DE9F04F224B234893F81CE0B9
:1043F000224B1A7800231C4602F59875D9B28E45D7
:104400000CD8DFF880800023A8F5107902F5907CA5
:10441000DAB2964509D80020BDE8F08F30F81510C3
:104420008C4238BF0C460133E8E743B929F81C3009
:104430000133EDE7B5F820B0594489B20AE000270E
:104440001FFA83FABEB2B442F2D900220C4D1046D4
:1044500035F8021F8C4203D9B142EBD1013080B252
:10446000013292B25245F3D301370028EAD128F83D
:104470001360DDE7E0E5010000E60100DCE5010096
:104480003EE8010040E80100012800D17047C30761
:1044900001D44008F8E7002070470346012083421A
:1044A00008DC00EBD072A3EB6203B3EBA00FB8BF44
:1044B000400870474000F2E784B02DE9F7430AACAA
:1044C00084E80F000023ADF806309DF8BC515F4B27
:1044D0009DF8BD715A885B68B3FBF2F30DB9012FEB
:1044E00040D15B4901250A885A4C07EE903A92B2B6
:1044F0000AAB03EB820393ED057AF8EE677AB8EE28
:10450000477AC7EE877A17EE900AFFF701FF07EEAA
:10451000900A0B88FCEEE77A9BB203F5987317EECE
:10452000902A24F813200B889BB203F5987334F873
:104530001330012B06D80B889BB203F59873022227
:1045400024F81320444E0DF138094FF00008B7EE5F
:10455000006A5FFA88F39F4207D803B0BDE8F043D2
:1045600004B070470DF10601BDE7B8F1000F17D098
:10457000D9ED007A3288B8EE677AD9ED017AF8EE93
:10458000677AC7EE277A17EE900AFFF7C1FE07EEAB
:10459000900AFCEEE77A17EE903A13FB02F3738071
:1045A000012F08D072881046FFF76EFF18B9104629
:1045B000FFF773FF70808DB10B880AAA9BB202EBE4
:1045C0004303B3F8F430012B08D10B889BB203F5F9
:1045D000987334F81320920824F81320DFED1F7A23
:1045E00000231FFA88F09842ADF806300AD2F4EEA4
:1045F000C67AF1EE10FA27DC08F10108023609F15B
:104600000409A6E70A8892B202F59872013334F8D9
:10461000122007EE102AB8EE477A9BB2C6EE076A60
:1046200077EEA67ADFE70A8892B202F59872013334
:1046300034F812C04FEA4C0C24F812C09BB29842D6
:10464000ADF80630EFD2D7E70023F8E7E0E5010048
:10465000DCE5010000E601005EE80100000000006A
:1046600007EE100ADFED087A084837EE277AF7EEF2
:10467000006AC6EE877AFCEEE77A17EE903A83423C
:1046800028BF03461846704795BFD633404B4C00B1
:1046900084B0F0B506AC84E80E00DFED957A002119
:1046A00023AC0DF16B050A460B46CEB2B04200F2C8
:1046B000B080002B00F0A480B0EE007AF4EEC77A50
:1046C000F1EE10FAB0EE047A05DBF4EEC77AF1EE03
:1046D00010FA00F1DD80F4EEC77AF1EE10FAB0EED8
:1046E000087A05DBF4EEC77AF1EE10FA00F1D68015
:1046F000F4EEC77AF1EE10FAB1EE007A05DBF4EED3
:10470000C77AF1EE10FA00F1CC80F4EEC77AF1EE40
:1047100010FAB1EE047A05DBF4EEC77AF1EE10FA86
:1047200000F1C280F4EEC77AF1EE10FA07DBB1EEC9
:10473000087AF4EEC77AF1EE10FA00F1B880B1EE23
:104740000C7AF4EEC77AF1EE10FAB2EE007A05DBDD
:10475000F4EEC77AF1EE10FA00F1AC80F4EEC77A0D
:10476000F1EE10FAB2EE027A05DBF4EEC77AF1EE62
:1047700010FA00F1A280F4EEC77AF1EE10FA07DB2E
:10478000B2EE047AF4EEC77AF1EE10FA00F19880F6
:10479000B2EE087AF4EEC77AF1EE10FA06DBB2EE6A
:1047A0000C7AF4EEC77AF1EE10FA61D4B3EE017A26
:1047B000F4EEC77AF1EE10FA06DBB3EE027AF4EE0D
:1047C000C77AF1EE10FA60D4B3EE097AF4EEC77A44
:1047D000F1EE10FA06DBB3EE0A7AF4EEC77AF1EEE8
:1047E00010FA70D9B3EE0B7AF4EEC77AF1EE10FA44
:1047F00006DB9FED407AF4EEC77AF1EE10FA74D939
:10480000DFED3D7A9FED3D7A002A18BFF0EE477A42
:1048100065E015F8016FA6F1140CBCF1020F2F7CB6
:104820000FD894ED007AF4EEC77AF1EE10FA03D5C2
:104830000133DBB2F0EE477A0D2F16D0013104348C
:1048400033E7A7F10A0CBCF1020F0CD894ED007A03
:10485000B4EEE77AF1EE10FA03DD0133DBB2F0EEED
:10486000477A182EE9E7182EE6D10132D2B2E5E7F1
:10487000DFED237A9AB39FED217AF4EEC77AF1EE59
:1048800010FA23D5F0EE477A29E0DFED1E7AF1E742
:10489000DFED1D7AD2B1DFED197A20E0DFED1B7A72
:1048A000F8E7DFED1B7AF5E7DFED1A7AF2E7DFEDE7
:1048B0001A7AEFE7DFED197AECE7DFED197AE9E72D
:1048C000DFED187AE6E7DFED187A42B19FED0A7A5C
:1048D000F4EE477AF1EE10FA48BFF0EE477ABDE801
:1048E000F04017EE900A04B07047DFED107AECE765
:1048F0000000000000004C4295BFD6338BE16A36C1
:10490000EFE608369F9D42362E5A823301A90C34B9
:1049100037F859342439EC3434580F35AD18633531
:10492000883E8A35ACC5A735B1B49D36F2DD1C375B
:1049300070B50D4616460446D0B9FFF7E1FCAA480B
:1049400007222146FFF704FD002D40F0AA81012E29
:1049500000F09F810B2C1DD00C2C40F0F580052021
:10496000FFF7CEFCA04807220521FFF7F1FC98E0F5
:10497000012818D10220FFF7C3FC9B48072202211F
:10498000FFF7E6FC002D76D1012E00F082810B2C82
:1049900040F0DA800320FFF7B3FC0722032192489E
:1049A000FFF7D6FC96E002280ED10420FFF7A8FC02
:1049B000072204218C48FFF7CBFC002D00F0668114
:1049C000012D40F0778155E1032805D10620FFF73E
:1049D00097FC07220621EDE7042805D10820FFF700
:1049E0008FFC07220821E5E7052805D10A20FFF7FB
:1049F00087FC07220A21DDE706280CD17B4B202209
:104A00005A601920FFF774FC1920FFF769FC7848F9
:104A10000E221921B4E707281ED1744B20225A60B8
:104A20001B20FFF765FC1B20FFF75AFC0E221B2101
:104A30006F48FFF78DFC002D00F02881012D40F01C
:104A4000D980012E00F019810C2C21D10520FFF70F
:104A500057FC07220521A2E7082840F0FD80634BA0
:104A600020225A601D20FFF743FC1D20FFF738FC71
:104A70000E221D21DCE70B2C1ED0012D40F01A81E7
:104A8000012E00F0FA800C2CE0D00D2C00F0C1803B
:104A90000E2C50D00F2C6FD0102C75D12EE0022D83
:104AA00040D0032D52D1012E59D00E2C70D00F2C96
:104AB00062D0102C30D121E00320FFF721FC4A48BE
:104AC00007220321FFF744FC022D2BD0032D03D135
:104AD000012E44D0002070BD042D00F0A480052DCF
:104AE000DAD1012E40F0A3800720FFF709FC07224E
:104AF0003D481146FFF72CFC102C5ED13B4B202289
:104B00005A601A20FFF7F4FB1A20FFF7E9FB384838
:104B10000E221A21FFF71CFC112C50D0072D5CD15E
:104B2000012E88E0012ED5D169E0012E67D00D2C31
:104B30000FD00E2CBBD10920FFF7E2FB2A48072239
:104B40000921FFF705FCCAE70D2C62D00E2C68D1B5
:104B5000F1E70B20FFF7D4FB07220B211FE70B2007
:104B6000FFF7CEFB204807220B21FFF7F1FB8FE771
:104B70000E2CE0D00F2CB2D10720FFF7C1FB07228B
:104B800019481146FFF7E4FB062DC5D1012E4FE071
:104B90000920FFF7B5FB0722092100E70920FFF7ED
:104BA000AFFB114807220921FFF7D2FB7FE707205F
:104BB000FFF7A6FB07221146F1E6112C0DD10B4B96
:104BC00020225A601C20FFF793FB1C20FFF788FB74
:104BD00007480E221C21FFF7BBFB122C2FD0082DFB
:104BE0007FF478AF012E28E000C00424000030419B
:104BF00000001346022D7FF454AF012E99D10520F9
:104C0000FFF77EFB2E4807220521FFF7A1FB0D2CA5
:104C1000AED10B20FFF774FB294807220B21FFF7C9
:104C200097FB042DA6D1012EB8D00F2CBFD0102C8D
:104C30003FF464AF112CC2D0122C7FF44BAF214B48
:104C400020225A601E20FFF753FB1E20FFF748FB6F
:104C50001D480E221E21A3E60A287FF475AE01200E
:104C6000FFF74EFB164807220121FFF771FB012DCC
:104C70007FF415AF012E7FF42DAF0320FFF740FB2B
:104C80000F4807220321FFF763FB65E6012E7FF43F
:104C900021AF0120FFF734FB094807220121FFF76C
:104CA00057FB0B2C3FF408AF012D3FF4E9AE0C2C61
:104CB0003FF455AE022D3FF438AF0D2CA9D0F0E6ED
:104CC00000C00424000030410000134682B02DE9EA
:104CD000F0410F2906AC84E80C005FD8BDF82040F5
:104CE000BDF8225044EA0503B3F5806F56D22E4B2F
:104CF000079E9DF824809DF825E043F8212001F1CE
:104D0000100701F1400C43F8276001F15007B2424F
:104D100023F81C4023F8175042D0B8F1000F17D0E9
:104D200001F1300802EB4402C0F8D42143F82820F6
:104D300044EAC12242F40048C0F8D881D0F8D881B2
:104D4000C0F8D821D0F8D82143F82C8043F8272088
:104D5000BEF1000F1DD001F1600204EB45043444A4
:104D600043F82240CA0202F580622A43C0F8D441C7
:104D700042F40044C0F8D84101F17004D0F8D85191
:104D800043F824508031C0F8D821D0F8D82143F816
:104D900021200020BDE8F04102B070470120F9E772
:104DA00042F20210F6E700BF00E601000F2910B53D
:104DB00028D892B1144A01F1300452F82440C0F8C6
:104DC000D44101F1400452F82440C0F8D84101F127
:104DD000500452F82420C0F8D8218BB10A4B01F1BD
:104DE000600253F82220C0F8D42101F17002803112
:104DF00053F8222053F82130C0F8D821C0F8D83118
:104E0000002010BD0120FCE700E6010010B5274B93
:104E100027485A685A6842F001025A60D3F80822BB
:104E200042F48062C3F8082203F5B4331A680268BA
:104E300052BBD3F8402442F46752C3F840241D4AC1
:104E4000D2F80230DC05FBD41B4BD3F80427D10782
:104E5000FBD5D3F80427D207FBD4D3F84824174C4A
:104E6000174B21681A60930803F4F8530B43910021
:104E700001F07C0112020B4302F47832134343F039
:104E800081032360012303600C4B1A680A4BC3F8AB
:104E90004424084AD2F8023013F48073FAD1034A4A
:104EA000516863F30001516010BD00BF0038042455
:104EB000D0E501000000052400A00524D8E501008C
:104EC000D4E5010084B070B52DED028B82B008AC42
:104ED00084E80F00444C6E9AA2610D9A43499DF8F4
:104EE000B531BDF814012377013A8A4278D20DA971
:104EF0000122934209D8012B6FD19DF8B43173B1CF
:104F000001280FD942F2061060E00E4651F8045F06
:104F10003668B54264D8002D62D00132E9E7B0F5B9
:104F2000806FEFD2FFF722FA314B32485A689FED7B
:104F3000328A6FF38A225A60DA686FF31842DA60B5
:104F4000DA68042161F30902DA605A682B4942F4F5
:104F500080625A60FEF718FF294B5B686360FFF7B9
:104F600055FF03F0D5FB208103F0C6FB208203F040
:104F7000D5FBC0F30D0307EE103AB8EEC77A830BEA
:104F8000C7EE086A07EE903AF8EEE77A77EEA67A6F
:104F9000C4ED037A03F0B6FBC0F30D0307EE103A3D
:104FA000B8EEC77A830BC7EE086A01A807EE903AFD
:104FB000F8EEE77A002377EEA67A0193C4ED057A3E
:104FC00004F0D4F9003818BF0120404202B0BDEC13
:104FD000028BBDE8704004B07047013B0F2B90E797
:104FE00042F20410F2E700BFE0E50100A025260030
:104FF000003804243333334000007A44CDCC4C4095
:1050000038E0010084B010B52DED028B82B006AC03
:1050100084E80F009DF818300F2B7FD84249434C8D
:105020000B706C99A16106A901EB830140484969A5
:105030009DF8AD2122770139814271D2012A6AD1CE
:1050400006AA02EB43039DF8AC21B3F8F43022B179
:10505000012B05D942F2061056E0B3F5806FF9D264
:10506000FFF784F9334B34485A689FED348A6FF365
:105070008A225A60DA686FF31842DA60DA6804212B
:1050800061F30902DA605A682D4942F480625A607D
:10509000FEF77AFEFFF7BAFE2A4B5B68636003F007
:1050A00037FB208103F028FB208203F037FBC0F39D
:1050B0000D0307EE103AB8EEC77A830BC7EE086A05
:1050C00007EE903AF8EEE77A77EEA67AC4ED037A27
:1050D00003F018FBC0F30D0307EE103AB8EEC77AE1
:1050E000830BC7EE086A01A807EE903AF8EEE77A5C
:1050F000002377EEA67A0193C4ED057A04F036F921
:10510000003818BF0120404202B0BDEC028BBDE860
:10511000104004B07047013A0F2A9AE70120F3E7E4
:1051200042F20410F0E700BFDCE50100E0E5010019
:10513000A0252600003804243333334000007A448D
:10514000CDCC4C4038E001000F29024610B54FF09D
:1051500001000CD8D2F8CC4100FA01F32343D2F875
:10516000CC119BB263F30F01C2F8CC11002010BD2B
:105170000F29024610B54FF001000DD8D2F8CC41EE
:1051800000FA01F343EA1443D2F8CC119BB263F363
:105190001F41C2F8CC11002010BD30B50F299DF879
:1051A0000C402CD81F2A2AD80F2B28D8012C26D8FF
:1051B00045686D060FD5090134B14518AC6B44EA5A
:1051C000835343F08063AB6301448B6B43EA4243F8
:1051D0008B63002030BD5CB1D0F8081241F400713F
:1051E000C0F80812D0F8081263F34811C0F808128A
:1051F000D0F8083262F30403C0F80832E9E701206E
:10520000E8E7000029B9D0F8083261F3CB23C0F8F1
:105210000832064B5B68DB0741BF43686FF300034E
:105220004360002058BF4FF0FF307047003804241F
:10523000C1B2024882B002B0FFF7E4BF00380424D4
:105240000F2915D80D4B5A68520603D4D3F8DC3118
:10525000002B0FDAD0F8DC2101238B401343D0F868
:10526000DC219BB263F30F02C0F8DC210020704701
:10527000012070474FF40450704700BF00380424E9
:10528000B1F5007F14D2B2F5806F11D243686FF38D
:105290008A234360C36861F31843C360C36862F341
:1052A0000903C360436843F4806343600020704790
:1052B000012070470F2925D8012A05D1436A6FF3D1
:1052C000D753436200207047022A0BD1436A6FF321
:1052D00000034362436A6FF304134362436A6FF34C
:1052E000C303EEE7084BD3F8DC31002BEADA436A5C
:1052F0000122C3F3CF138A4023EA0201436A61F318
:10530000D613DEE701207047003804240F29034636
:105310004FF0010014D81A6A00FA01F189B2186A34
:10532000C2F30F220A4362F3172018621A6AC2F30B
:105330000F2222EA0102196A62F317211962002082
:105340007047000010B510B1012804D010BDBDE8B1
:105350001040FFF70BB84FF4006003F0D9F80A4A89
:1053600013786FF300031370DBB2002BEED1074B01
:1053700007484FF000729A64064B1B6ABDE8104064
:10538000DB6B0221184700BF30E9010000840424D0
:10539000001404240001300013B50D4BADF80400D7
:1053A0004FF40062C3F88020BFF34F8FBFF36F8FBD
:1053B00003220121002004F0ADF8044628B90120A1
:1053C000FFF7C0FF204602B010BD4FF0FF30FAE7F4
:1053D00000E100E04368064A61F349234360D2F8E4
:1053E000403443EA4143C2F840340020704700BFD4
:1053F00000A0052484B02DE9F04F2DED028BF1B013
:105400007CAC84E80F009DF8853365934FF4C4723B
:1054100001237FA9684669939DED818A9DF8845395
:1054200007F0CEFD94E80E006598BA4CFFF730F90E
:1054300005EE900AFFF714F994ED017A07EE900A51
:10544000B8EE476AF8EE677AB7EE007A87EE065A4A
:10545000C7EE276AC6EE857A17EE900AFEF758FF68
:1054600007EE900AFCEEE77A17EE903AC5EE857AE1
:105470009EB217EE900AFEF74BFF07EE900AFCEE85
:10548000E77A17EE903A9FB2BE4204BF0136B6B239
:10549000002D5ED1BDF8843327804FF4C27280A9FD
:1054A000684666809C4CADF8843107F089FD7CAB82
:1054B0000FCBFFF701F8FEF795FF3246394620463D
:1054C000FFF7DEFE01212046FFF784FF6368934E5D
:1054D000DFF8409243F000636360636843F0400389
:1054E0006360636865F3410363603323C4F8E431A8
:1054F000636843F004036360D4F8DC3143F0004395
:10550000C4F8DC310DF2E223669306F18103A8AF03
:1055100006F13E0B67930DF5F878659AEBB29A4267
:1055200000F28D807E4B6A9300227E4B6B9369A9BB
:10553000104603F053FF10B1452840F0E780699909
:105540006AAA002003F0B8FF003818BF01204042CB
:105550006EE0B8EE488A3946C6EE087A17EE900A31
:10556000FEF7D6FE07EE106A07EE900AB8EEC77A8D
:105570006948B4EEE77AF1EE10FA49BFFCEEE77A3B
:10558000324617EE903A9AB24DBF6280278066800D
:105590002780FFF775FE01215F48FFF71BFF5E4B79
:1055A0005A6842F000625A605A686FF386125A6075
:1055B0006A1E012A5A684FF0000194BF42F00202AD
:1055C00065F341025A60C3F8E4115A6842F00402DC
:1055D0005A60D3F8DC2161F3DF72C3F8DC219DF857
:1055E000F1219DF844029DF854125AB1D3F8086293
:1055F00062F34926C3F80862D3F8086261F34816DB
:10560000C3F80862444ED6F8083260F30403C6F8C3
:105610000832FFF78DF92A4600213046FFF74AFE8F
:1056200062886368B3FBF2F33F4A0020C2F880321D
:1056300071B0BDEC028BBDE8F04F04B0704798F834
:1056400054A098F86430649318F8013F6393009372
:1056500052462946649B2046FFF79FFD36F8021FFD
:10566000328C012A08D0AB0003F1105303F58723D5
:10567000A3F83811C3F8782129462046FFF7E0FD4A
:10568000DDE963215046FFF753F929462046FFF72D
:105690006FFD7B6E6C93D7F8A4306D93669B33F8E7
:1056A00002AF669340F20113ADF8BC31ADF8B8A17A
:1056B000ADF8BAA170AB13E90300DDE96C238DE806
:1056C000030029462046FFF701FB29462046FFF745
:1056D0003BFD002229462046FFF7ECFDB9F80220E9
:1056E000D9F80430B3FBF2F3328CB3FBF2F34BF88E
:1056F000043F57F8043FA6F8D0A0CBF85030679B82
:10570000639A03F8012F0135679306E74FF0FF30E6
:105710008EE700BFE0E50100003804243EE8010008
:105720003D5320084D53200800E6010084B02DE9C8
:10573000F04FEDB076AC84E80F009DF8D8419DF8AD
:105740006C639DF86DA301200F2C659000F212810F
:10575000DFF840828A4D88F800404FF4C47279A97E
:10576000684607F02DFC76AB0ECB5046FEF790FF57
:1057700005EE900AFEF774FF95ED017A07EE900AA8
:10578000B8EE476AF8EE677AB7EE007AC7EE276A96
:10579000C7EE067AC6EEA77A17EE900AFEF7B8FDB6
:1057A00007EE900AFCEEE77A17EE903A66EE257A5D
:1057B0009FB217EE900AFEF7ABFD07EE900AFCEEE3
:1057C000E77A17EE903A1FFA83F94F4504BF013785
:1057D000BFB2002E51D1BDF86C336A4C6F804FF4CC
:1057E000C2727AA96846A5F80090ADF8843107F036
:1057F000E7FB76AB0FCBFEF75FFEFEF7F3FD3A4615
:1058000049462046FFF73CFD01212046FFF7E2FD17
:1058100063685D4F43F000636360636843F0400377
:105820006360636866F3410363603323C4F8E43163
:10583000636843F004036360D4F8DC3143F0004351
:10584000C4F8DC31F3B29A4500F2A6804F4B669360
:1058500000224F4B679365A9104603F0BFFD10B1BE
:10586000452840F02A81659966AA002003F024FEAD
:10587000003818BF012040427CE076AB03EB840483
:10588000D4ED057AF8EE677A4946C6EE277A17EE28
:10589000900AFEF73DFD07EE107A07EE900AB8EE8B
:1058A000C77A3848B4EEE77AF1EE10FA49BFFCEE59
:1058B000E77A3A4617EE903A9AB24DBF6A80A5F859
:1058C00000906F80A5F80090FFF7DAFC01212D48C9
:1058D000FFF780FD2B4B5A6842F000625A605A680D
:1058E0006FF386125A60721E012A5A684FF0000147
:1058F00094BF42F0020266F341025A60C3F8E41119
:105900005A6842F004025A60D3F8DC2161F3DF7276
:10591000C3F8DC2198F8002002F5EC726A4492F892
:10592000540092F8641052785AB1D3F8084262F3E6
:105930004924C3F80842D3F8084261F34814C3F875
:105940000842104FD7F8083260F30403C7F8083252
:10595000FEF7EEFF98F80040324621463846FFF742
:10596000A9FCA0346A886B68B3FBF2F3064A42F8DC
:10597000243000206DB0BDE8F04F04B0704700BF88
:10598000E0E501000038042400E601003D53200852
:105990004D532008DCE5010098F80010639101F5F3
:1059A000EC736B44204693F8642093F8549093F87A
:1059B00001B062921346CDF800B04A46FFF7EDFB06
:1059C000639901F5907337F8130001F5987337F870
:1059D0001320012A08D08B0003F1105303F587230D
:1059E000A3F83801C3F878212046FFF729FC5A466E
:1059F00062994846FEF79CFF98F800902046494679
:105A0000FFF7B6FB76AB03EB89030136D3F814310D
:105A1000689376AB03EB8903D3F85431699376AB83
:105A200003EB4903B3F8F430ADF8A831ADF8AA316F
:105A300040F20113ADF8AC316CAB13E90300DDE9C2
:105A400068238DE8030049462046FFF73FF998F8A0
:105A5000009020464946FFF777FB49460022204642
:105A6000FFF728FC09F1A00269886B68B3FBF1F32A
:105A700009F5987137F81110B3FBF1F347F82230AC
:105A800076AA02EB490209F5C473B2F8F42027F8AC
:105A9000132076AA02EB890209F1B403D2F8B420EC
:105AA00047F8232009F5EC7207EB09030DEB020917
:105AB00099F8012083F8C022C4E64FF0FF3059E77F
:105AC000D0F8E03143F00103C0F8E0310020704726
:105AD0002DE9F341374B9A6A0192019A16020DD5CE
:105AE000426A1502C2F3C05008D45A6A42F4000256
:105AF0005A62314B9B690421984718E0019BDC07EF
:105B000009D52C4A136A43F0010313622A4B05217D
:105B10009B690020F0E7019C14F080740BD02548AD
:105B2000012100F095F8254B02201B6898470020C2
:105B300002B0BDE8F0811F4B5A68500603D4D3F879
:105B4000DC21002A25DA1E4D1A4FDFF86C80019BFC
:105B5000E21DD340D90716D521463846FFF7D6FBBC
:105B60002B78E6B2B3FA83F2520931463846FFF792
:105B70001DF9D8F818300021304698472B78B3FA31
:105B800083F35B092B700134102C05F10105DED184
:105B9000CDE75A689207CAD4D3F8DC11C90FC6D131
:105BA0005A6842F004025A600198034BC0B29B69E4
:105BB000A2E700BF00380424E0E5010034E9010059
:105BC000C0E501000148FFF783BF00BF003804248F
:105BD000030548BF20F40060174B58BF40F4006035
:105BE000D1B11A8A93ED057A821A07EE902AF8EE5F
:105BF000E77A67EE877AFDEEE77A17EE903A18B209
:105C0000B0F5805F11DA002812DDB0F5006F10DB0F
:105C1000A0F5006000B270471A8993ED037A821AEA
:105C200007EE902AF8EEE77AE3E740F6FF70EFE739
:105C3000002000F50060EDE7E0E50100406921B1DA
:105C40001146C0F30B00FFF7C3BFC0F30B00704752
:105C5000436A01291DBF43F002034362436A43F0D4
:105C6000807318BF43F004034362002070470000B4
:105C700010B4034C24686468A4465DF8044B604784
:105C80000001300010B4034C2468646CA4465DF835
:105C9000044B604700013000024B1B68D3F8B8305A
:105CA000184700BF00013000024B1B68D3F8C0301A
:105CB000184700BF00013000024B1B68D3F8C83002
:105CC000184700BF00013000024B1B68D3F8E830D2
:105CD000184700BF000130000828034B8CBF022288
:105CE00001221A70704700BF38E9010073B59B4B61
:105CF00010229A600B69DD7915F001050C4640F021
:105D00003C819D809D7118601C2229466069944EDB
:105D100007F0A8F823690122DA71F3694FF0806176
:105D2000D3F880304FF08C409847F36994F83010E6
:105D3000D3F8D4304FF08C4098472268894B9A4270
:105D400040F0F980A36958783F280CD94038C0B298
:105D5000FFF7BAFFA36984485A78403A0623D2B2C3
:105D60002946FFF78FFFA369D87808B1FFF79CFF9A
:105D7000A3695878A0F11903052B01D8FFF78CFF10
:105D8000A3695878FFF798FFA16978488B784A781B
:105D90000978FFF777FFE3693BB358783F280CD9C0
:105DA0004038C0B2FFF790FFE3696F485A78403A35
:105DB0000623D2B20021FFF765FFE369D87808B166
:105DC000FFF772FFE3695878A0F11903052B01D89A
:105DD000FFF762FFE3695878FFF76EFFE1696348F8
:105DE0008B784A780978FFF74DFF236A3BB35878E0
:105DF0003F280CD94038C0B2FFF766FF236A5A48E3
:105E00005A78403A0623D2B20021FFF73BFF236ABB
:105E1000D87808B1FFF748FF236A5878A0F1190332
:105E2000052B01D8FFF738FF236A5878FFF744FFA6
:105E3000216A4E488B784A780978FFF723FF636A16
:105E40003BB358783F280CD94038C0B2FFF73CFF2D
:105E5000636A45485A78403A0623D2B20021FFF7D8
:105E600011FF636AD87808B1FFF71EFF636A58789C
:105E7000A0F11903052B01D8FFF70EFF636A5878CC
:105E8000FFF71AFF616A39488B784A780978FFF77B
:105E9000F9FEA36A58783F280CD94038C0B2FFF702
:105EA00013FFA36A30485A78403A0623D2B2002141
:105EB000FFF7E8FEA36AD87808B1FFF7F5FEA36AFA
:105EC0005878A0F11903052B01D8FFF7E5FEA36A66
:105ED0005878FFF7F1FEA16A24488B784A78097850
:105EE000FFF7D0FEE36A58783F280CD94038C0B29B
:105EF000FFF7EAFEE36A1C485A78403A0623D2B21A
:105F00000021FFF7BFFEE36AD87808B1FFF7CCFEA7
:105F1000E36A5878A0F11903052B01D8FFF7BCFEFE
:105F2000E36A5878FFF7C8FEE16A10488B784A7830
:105F30000978FFF7A7FEE3680BB9A368D3B122681D
:105F4000084B9A4216D1002301A8019303F00EFAE0
:105F500070B14FF0FF3002B070BD00BF0084042468
:105F6000000130000000034500C004240000134677
:105F700003F08AFC23690122DA710020EBE700BFFD
:105F80000369002210B5DA71836804460BB9C06852
:105F9000A8B122680D4B9A4212D1E368197F0322FF
:105FA0000131002003F0B6FA60B9A368197F03221B
:105FB000013103F0AFFA003818BF0120404210BD94
:105FC0000020FCE74FF0FF30F9E700BF0000034579
:105FD00038B50C4620B1022835D06FF0030038BD2B
:105FE00091F90430002B0DDB5A09012103F01F0346
:105FF000994002F12003274A42F82310BFF34F8F44
:10600000BFF36F8F236900229A809A7194F904304C
:10601000934209DB5A09012103F01F03994002F161
:1060200060031C4A42F823101C226069002106F01C
:1060300019FF2269D37923F00203D371164B102282
:10604000DA600020CBE70A69D379D9071ED513F0AF
:106050000200F6D12568696843F0020341F400614B
:10606000696090809071D37194F90430002BE8DB63
:1060700003F01F015B099B0003F1604303F56143DB
:1060800001228A40C3F880211A60DAE74FF0FF301E
:10609000A5E700BF00E100E0008404242DE9F84FEB
:1060A00003681A69C2F340091A69DF69DE69C2F33D
:1060B000C038504A11696FF30001044607F00F071A
:1060C000C6F303161161156A15F48065FBD193427E
:1060D0003BD1E169002938D0DFF824A14A78DAF809
:1060E00000300978D3F800B043482B46D847E1691F
:1060F00041484A7809780123FFF7BAFDE1693E4833
:106100004A7809782B46FFF7BDFDE1694A783F2AB6
:106110001BD9403A097839482B46D2B2FFF7B2FD75
:10612000E169DAF800304A78D3F800A009783348FA
:10613000403A2B46D2B2D047E16930484A780978D4
:10614000403A0123D2B2FFF793FD23681A6942F067
:1061500002021A611A6942F400421A61DA690121E5
:1061600061F30302DA61DA690C2161F30712DA6183
:106170009A6A42F001029A6245F6A522C3F880208D
:1061800023681A6AD007FCD4D3F880205A6A42F0F8
:1061900001025A62174A116941F001011161116A45
:1061A0004905FCD5934212D1E16981B14A788B78D7
:1061B00011480978FFF766FDE1694A783F2A06D958
:1061C000403A8B780D480978D2B2FFF75BFD23681F
:1061D0001A6969F341021A611A6968F3CF321A61C8
:1061E000DA6967F30302DA61DA6966F30712DA61E2
:1061F000BDE8F88F000003450000134600C00424EA
:1062000000013000F8B515699DF8186095F807C0D1
:106210001CF0020F0746144600F05B811268DFF89D
:10622000D4E27245C0B202D1022800F0498114289C
:1062300009D11C226069002106F014FE23690022A6
:106240001A7100206BE095F804E0BEF1000F40F0F9
:106250003A81132843D8DFE810F014001D003901FB
:10626000390139014200420042004200420042002E
:1062700042004200420042004200270060006300EA
:106280006600AB682CF0040C23F0FF03AB6085F8CC
:1062900007C0D6E7A86820F0FF0040F001004CF0EE
:1062A000040CA86085F807C08D48814233D8B3FB41
:1062B000F1F35B0807D1106840F00200106010682D
:1062C00040F0010010608748814203D9516841F0D5
:1062D00001015160916BDBB263F307019163AA681E
:1062E000D3B2012B0CD107F4C013B3F5801F00F01B
:1062F000BD8072D8002B79D0B3F5002F00F08180DB
:1063000017F4E06100F0C380B1F5407F00F0D28067
:106310006FF0070003E00123D8E7906BC0B2F8BD2F
:10632000636919838DE7AB68D8B2012840F0D1804A
:1063300003F4C01359BBB3F5801F0BD1136966F387
:106340004E331361136943F001031361136A590556
:10635000FCD576E7012E07D0022E07D00EB9E369EF
:1063600033B96FF00400DAE7236AF9E7636AF7E705
:106370005A785D4801230021FFF77AFC23681A69E7
:106380006FF300021A611A6A5205FCD459E7B3F59B
:10639000801F0BD1136966F34E33136113696FF3DA
:1063A00000031361136A5B05FCD44AE7012E0DD08C
:1063B000022E0DD0002ED4D1E369002BD1D05A7813
:1063C000494800231946FFF753FC3AE7236AF4E7EC
:1063D000236A002BC5D0636AF1E7B3F5C01F8FD1E4
:1063E00022F4C012AA606FF00A0098E71A46194614
:1063F0003D48FFF747FC2269936823F4C01393607C
:106400007EE7012E2ED0022E2ED0002EA9D1E369D8
:10641000002BA6D0D8785D7808B1FFF745FC3F2D5A
:1064200007D9A5F1400231480623D2B20021FFF777
:1064300029FC002319462C482A46FFF723FC2C4B45
:1064400029481B681E68002319462A46B0470123C5
:106450002A4625480021FFF70BFC2269936843F484
:106460000023CCE7236AD3E7636AD1E7E36922F428
:10647000C012AA605B7833B9236A5B781BB9636A80
:106480005B78002BAFD042F48012AA6038E7236813
:106490005A6861F341025A6023685A69C7F30537A5
:1064A00022F01002102F5A6116D89A6967F303027E
:1064B0009A61C6E62268536843F002035360EBE733
:1064C0006FF003002BE76FF0010028E76FF0060084
:1064D00025E74FF0FF3022E76FF008001FE700BF0D
:1064E00080778E06005A62020000134600C0042422
:1064F0000001300000000345F0B584468BB014461F
:10650000002800F0A480002900F0A1801369DA7946
:10651000520740F199801879002840F09B800127AC
:106520009F8098716369C3E903005860C3F808C08D
:1065300023689D691A6942F002021A619A6942F061
:1065400080029A611A6960F3CF321A61E66815F029
:106550000F0508BF1025002E45D0626BDF6992F849
:1065600003E06EF30307DF619778DA6967F30712D8
:10657000DA61327F394F8DF82700082D02F10102D0
:1065800003F1800394BF0025012500923268049333
:106590000323CDE9063540F201130197ADF824300D
:1065A0002F4F736908916946CDE9027C05958DF8F6
:1065B000263002F013FF08B1452845D1009901AA01
:1065C000002002F079FF00283ED1009903AA02F0D2
:1065D000E5FF002838D1E368197F013103F036F96F
:1065E00000200BB0F0BD2846FFF776FB1D4B62691B
:1065F0001878236841431160D96967F30301D961B1
:10660000D9690C2565F30711D961996A012841F010
:10661000010199620BD1116990684D1C1561425CB2
:10662000C3F880202268136ADB07FCD4D8E702286D
:10663000F8D1116996684D1C1561705C02311161C9
:10664000725D40EA0222EBE74FF0FF30C9E76FF0DE
:106650000400C6E76FF00100C3E700BFDD4A200871
:10666000FD4A200838E901002DE9F0418CB045F6DB
:10667000A5270E4614460197002800F0E88000295F
:1066800000F0E5801269D379590740F1BB80137996
:10669000002B40F0DF804FF00108A2F804809371D6
:1066A0006269C2E90103C2E9033323689D691A697B
:1066B00042F002021A619A6942F080029A611A69F4
:1066C00042F400421A61D4E9022115F00F0508BF17
:1066D0001025002A40F08880002900F09680626B27
:1066E000D869D77867F30300D8619078DA6960F3E6
:1066F0000712DA6100208DF82F000A7FDFF864812D
:10670000564F0132082D029203F180030A68069366
:1067100094BF002501250323CDE9083540F201137C
:10672000ADF82C304B69CDF80C800DF1040C02A9AA
:106730000497CDF814C007950A968DF82E3002F014
:106740004DFE08B145285DD1029903AA002002F050
:10675000B3FE002856D1029905AA02F01FFF0028B7
:1067600050D1A368002B4DD08DF82F001A7F2168DF
:106770000132029280311A68059161694968069177
:106780000321CDE907154FF48171ADF82C105B6939
:106790008DF82E3002A9CDE90387CDE9095602F024
:1067A0001DFE08B145282DD1029903AA002002F050
:1067B00083FE38BB029905AA02F0F0FE054608BB2D
:1067C0002268136943F004031361E368197F013100
:1067D00003F03CF8A368197F2846013103F036F82E
:1067E00000200CB0BDE8F081626BD869D77867F300
:1067F0000300D8619078DA6960F30712DA61002942
:106800007FF478AF4FF0FF30EBE72846FFF764FAEC
:10681000134B1A78636956431E602368D96968F37D
:106820000301D961D9690C2060F30711D961996A14
:10683000012A41F00101996202D1C3F8807001E0A0
:10684000022AFAD02268136ADB07FCD4C8E76FF08B
:106850000400C6E76FF00100C3E700BFFD4A20084F
:1068600038E90100DD4A20082DE9F04116468AB0DA
:106870001C460746002800F0FD80002900F0FA8041
:10688000002A00F0F7801B69DA79520764D51A797B
:10689000002A40F0F2804FF001089A71A3F80480BA
:1068A0006369C3E90322C3E9011023689D691A697A
:1068B00042F002021A619A6942F080029A611A69F2
:1068C00042F400421A61D4E9022115F00F0508BF15
:1068D0001025002A43D1002900F09B80626BD86903
:1068E00092F803C06CF30300D8619078DA6960F322
:1068F0000712DA6100208DF827000A7FDFF880C1D7
:10690000013200920A68CDF804C0DFF878C1089619
:106910008033082D0493CDE902C794BF00230123DF
:106920000327CDE90673059340F20113ADF8243037
:106930004B698DF82630694602F050FD08B14528B4
:106940000AD1009901AA002002F0B6FD20B90099F1
:1069500003AA02F023FE80B14FF0FF3056E0626BD5
:10696000D86992F803C06CF30300D8619078DA69B3
:1069700060F30712DA610029BCD1A368002B44D070
:1069800000208DF827001A7F3D49013200921A68D5
:1069900001913C4902912168803103916169496804
:1069A0000491032105914FF48171082DADF8241055
:1069B00094BF002501255B6908966946CDE9065517
:1069C0008DF8263002F00AFD08B14528C4D100999F
:1069D00001AA002002F070FD0028BDD1009903AA91
:1069E00002F0DCFD05460028B6D12268136943F0A9
:1069F00004031361A368197F013102F027FFE368E4
:106A0000197F2846013102F021FF00200AB0BDE8BD
:106A1000F0812846FFF760F91B4B61691A782368FB
:106A200056430E60D86968F30300D861D8690C2515
:106A300065F30710D861986A012A40F00100986256
:106A40000BD10A698868551C0D61825CC3F88020EF
:106A50002268136ADB07FCD4D7E7022AF8D10A6957
:106A60008E68551C0D61B05C02320A61725D40EAAD
:106A70000222EBE76FF00400C8E76FF00100C5E702
:106A8000DD4A2008FD4A200838E901000369DB7966
:106A9000024613F004001CBF5369D86870470128F0
:106AA00070B50546144614D1126900231371636949
:106AB00058681968196160B9136853B1E368197FA0
:106AC000013102F0DFFE236928461B68BDE87040F3
:106AD000184770BD1369012810B5144604BF002281
:106AE0001A711B685BB1A368197F0020013102F0A5
:106AF000C9FE23690120BDE810401B68184710BD7E
:106B0000F0B40268116A136B11F0800F43F00103B7
:106B1000136301F0040169D143695F680C46002FDB
:106B200046D0DD681E68B54244D2404E3678012E0C
:106B30001BD105F1010CD2F88020C3F80CC07A55A6
:106B40004369DD681A68954222D30468626A42F09C
:106B50000102626202690024147100294AD00369AB
:106B60001B681BB3F0BC01201847022EE8D1D2F8F5
:106B7000802005F1010CC3F80CC07A554369DD682B
:106B80005F6805F1010CC3F80CC0C2F30722D6E719
:106B90009A68A2B9012E07D1036845F6A522C3F869
:106BA000802019B9436907E0022EF5D0F0BC704788
:106BB000D2F88020002CF9D19A6812B9F6E70029A2
:106BC000F4D119691D68A94224D2184D06682D78A0
:106BD000012D14D14D1C1D61535CC6F88030026834
:106BE000136ADB07FCD4002CB9D1DFE70C4600297F
:106BF000DCD1D7E79A68002AB1D00124E1E7022D61
:106C0000EDD14F1C1F61555C02311961D35D45EA1E
:106C10000323E2E75A68002AE5D101684B6A43F092
:106C200001034B6203691A7199E700BF38E901005B
:106C300002695379117990795B0001F0010103F049
:106C4000020380000B4300F00400184370472DE955
:106C5000F04F92F806C092F802A05378D5781679D2
:106C6000577992F807E092F8088092F8099092F824
:106C70000AB0D47A127802B35B0643EA4B7343EA54
:106C80008A5343EA495343EA085343EA4E4343EAEB
:106C90000C4343EA47330901026843EAC62301F182
:106CA000105143EA852301F5872142F0004243EA6F
:106CB00044230260CB63BDE8F08F02686CF3C71217
:106CC000026002686AF34F320260026863F31342A3
:106CD0000260036865F341030360036866F383039E
:106CE0000360036867F30613036003686EF30A2307
:106CF0000360036868F3CB230360036869F30C3314
:106D0000036003686BF314530360036864F30003C8
:106D10000360D0E710B4034C2468646CA4465DF8AB
:106D2000044B604700013000034B1B680A469B6C14
:106D300001460248184700BF000130000014042437
:106D40008A1E70B543680D46052A04D8DFE802F0B4
:106D50001B1D4C4E50528469B3F1884F60D163784B
:106D60003F2B19D95B4B60781B684038D3F8E8306B
:106D7000C0B2984762785848403A0623D2B2002100
:106D8000FFF7C8FF08E0C469E6E7B3F1884F046A7B
:106D900032D160783F283AD8E07820B14D4B1B685B
:106DA000D3F8C03098476078A0F11903052B04D8B8
:106DB000484B1B68D3F8B8309847032D06D1454B94
:106DC00060781B680121D3F8D4309847414B607834
:106DD0001B68D3F8C8309847A378627821783F4879
:106DE000BDE87040FFF796BF446AB5E7846AB3E731
:106DF000C46AB1E7046BAFE7394A9342C9D0394A54
:106E0000934211D160783F28C6D9032DAAD1314BC6
:106E10001B684038D3F8F0300121C0B29847A1E791
:106E20002F4A9342EBD19AE72F4A934250D1002C3C
:106E30004ED062783F2A18D9032D07D1254B1B6805
:106E4000403AD3F8F0300121D0B29847214B607816
:106E50001B684038D3F8E830C0B298476278A3780E
:106E600021781D48403AD2B2BAE71C48217809235C
:106E7000FFF750FFE07820B1164B1B68D3F8C03005
:106E80009847032D06D1134B60781B680121D3F876
:106E9000D43098470F4B60781B68D3F8C8309847B8
:106EA00021780D4862780023FFF734FF6078A178DD
:106EB000A0F12E03032B02D82638C0B202E00F281F
:106EC00004D10720BDE87040FFF72EBF0638F4E775
:106ED00070BD00BF0001300000C004240000134654
:106EE000000100440000024500180424F0B5436886
:106EF00085B00024B3F1884F0194054602940394B1
:106F00000BD0774A934208D0764A934200F0D18062
:106F1000754C181B4442444164009A680192019ADE
:106F200002F00602062A4FEA84742CD15B690293B0
:106F3000029B990710D56A6913686BB101215171E1
:106F4000202098476B6993F82820032A04D193F8EE
:106F500026300BB144F01004029B5A0707D56A692A
:106F6000136823B1012111724FF400709847029BFE
:106F70001B0740F1A0806A69136823B10121D17118
:106F80004FF480709847019B9E071DD56B691E6961
:106F900010201A6A6968964209D09F690138BF5C5F
:106FA0000F6002F101021A62F3D196420CD14A68D5
:106FB00022F002024A60002283F826201B681BB1DF
:106FC00044F0010420469847019B580738D56B6967
:106FD0001A68002A34D06A685169C90725D5116832
:106FE0005A69DB69D1546B69DA69D96801328A421E
:106FF000DA611AD169684A6822F001024A6093F89E
:107000002820023A0021012A197164D893F8272018
:1070100083F82710022A5ED0032A59D0012A01D111
:1070200044F001041B68204698476B691A683AB11E
:10703000D969DB68994203D044F040042046904768
:10704000019B1A074AD16B689B6903936B78DB0637
:1070500008D5039BDF0705D56B6944F480641B6882
:10706000204698476B785E0608D5039B980705D5A0
:107070006B6944F400641B6820469847AB78D907D5
:1070800008D5039B5A0705D56B6944F400541B6867
:107090002046984795F90130002B1FDA039B1B0708
:1070A0001CD56B691B6844F4805005B0BDE8F04006
:1070B0001847012431E7029BDF067FF564AF6A6958
:1070C0001368002B3FF45FAF01219171802059E7D5
:1070D00044F00404A6E744F00204A3E705B0F0BDC1
:1070E000000100440000024500180424012810B4E7
:1070F0001FD1536919691C681962002183F8261091
:10710000BCB15368B3F1884F11D00B4A93420ED0F3
:107110000A4A934204D00A4A9A1A534253415800E9
:107120008007234640F001005DF8044B18470846ED
:10713000F6E75DF8044B704700010044000002458B
:1071400000180424012810B42AD15369D968D961E0
:1071500093F828100239002401291C7105D893F8EE
:10716000271083F82740022916D102201968B9B1E7
:107170005368B3F1884F18D00E4A934215D00E4A87
:10718000934214D00D4A9A1A534253415B005DF862
:10719000044B40EA83700847032904D00129E5D055
:1071A0005DF8044B70470420E0E70023EFE701237C
:1071B000EDE700BF00010044000002450018042470
:1071C00030B504460AB3B0F5E10F1ED853688025E8
:1071D000DD608900B1FBF0F1D3F8C0006FF305006A
:1071E000C3F8C000002018605860D860DD60C1F3AB
:1071F00087151D60C1F3873501F03F015D60C3F85D
:10720000C010D8605369DC6230BD40F20160FBE71A
:1072100037B54A6992F8293013F001030C4657D16B
:10722000C2E90003137282F8263082F824304B68DA
:10723000B3F1884F02D0354A934212D1344B102219
:107240009A60344BA26BDB69019294F8342000926F
:10725000D3F8A45094F83C20002301214FF08C4037
:10726000A84762682C4B9A4215D103F15F4303F59E
:10727000213310229A60274BA26BDB69019294F8AC
:1072800034200092D3F8A45094F83C2001231946EE
:107290004FF08C40A8476268204B9A4210D103F50A
:1072A000D8434FF400125A641A4B228F1B6A009283
:1072B000DD6994F83C2094F8353019480121A8473D
:1072C000E3683BB923692BB96369012283F829205C
:1072D00000200EE06368B3F1884F0CD00B4A934254
:1072E00009D00D4A934206D00C4A93420BD04FF07E
:1072F000FF3003B030BD00230A48036002F036F8C7
:107300000028E1D0F3E70123F6E700BF00010044C5
:107310000084042400013000000002450018042409
:10732000001404243CE9010038B54368B3F1884FE8
:10733000044602D0264A934207D1264BDB6900213E
:10734000D3F8E8304FF08C4098476268224B9A425D
:1073500007D1204BDB690121D3F8E8304FF08C4096
:10736000984762681D4B9A4205D11A4B1C481B6A0C
:107370000821DB6B9847E26832B9236923B9636956
:10738000002083F8290038BD6368B3F1884F0BD023
:107390000F498B4208D010498B4205D00F498B42D0
:1073A00002D04FF0FF30EEE711790E4D032228682E
:1073B000013102F0AFF80028F3D123692868197968
:1073C0000322013102F0A6F80028D8D0E9E700BF77
:1073D00000010044000130000000024500180424B0
:1073E000001404243CE9010010B50C4620B1022829
:1073F0007ED06FF0030010BD91F90830002B0DDB3B
:107400005A09012103F01F03994002F120034A4A5F
:1074100042F82310BFF34F8FBFF36F8FE2686169AB
:1074200063683ABBD4E904216368002A3ED16368EB
:10743000424AB3F1884F51D11023D36094F90830F8
:10744000002B09DB5A09012103F01F03994002F1C7
:107450006003394A42F82310636900225A601A72A5
:1074600083F8262093F8292022F0020283F82920AD
:107470000020C0E791F826100029D3D0B3F1884F3F
:107480000BD02F498B4208D02E498B4205D02E4974
:107490008B4202D04FF0FF30ADE711792B4B013119
:1074A000186802F0EFF90028BCD0F3E70979002949
:1074B000BDD0B3F1884F08D021498B4205D0214976
:1074C0008B4202D020498B42E4D111791F4B01310C
:1074D000186802F0D7F90028A9D0DBE718498B42D9
:1074E000AAD018498B42A7D04FF400139364A5E7A4
:1074F0004A6992F82930D907CCD513F00203B7D1E5
:1075000061684B605360137282F826304FF4407309
:10751000138594F90830002BAADB03F01F015B09E7
:107520009B0003F1604303F5614301228A40C3F8E5
:1075300080211A609CE700BF00E100E00084042481
:107540000001004400000245001804243CE9010049
:107550002DE9F0430E468BB09046074600287BD0BD
:10756000002979D0536993F82920510704D44FF0AA
:10757000FF300BB0BDE8F08393F82620002A6ED1CF
:10758000012583F82650D8F80C90D8F8044098616B
:107590001E611A62B9F1000F4AD0B4F1884F09D0C8
:1075A000304B9C4206D0304B9C423FD02F4B9C42EC
:1075B000DDD10325142200210DEB020005F052FC61
:1075C00099F80430049401330093294B0193294B1B
:1075D000294C0896CDE902370323069320688DF8DD
:1075E000265040F2011301226946ADF8243001F023
:1075F000F5FE08B14528BAD10099206801AA01F02A
:107600005BFF0028B3D10099206803AA01F0C6FFF0
:107610000028ACD1D8F80C3020681979013102F07B
:1076200015F9206802F030F90020A2E70225C1E731
:10763000626992060ED4636843F002036360F3E765
:10764000501C1862BA5C22600139F4D01A6AB24246
:10765000F6D1F0E71021F9E76FF0040089E76FF049
:10766000010086E7000100440000024500180424E0
:107670004D4D2008694D20083CE901002DE9F043FB
:107680000F468BB01546804600286BD0002969D084
:10769000536993F82920520761D51A79012A64D0D9
:1076A000002201245C601A72D5F810906E68D960CF
:1076B0005861DA61B9F1000F4CD0B6F1884F09D0AA
:1076C0002B4B9E4206D02B4B9E4241D02A4B9E42D2
:1076D00045D103241022002106A805F0C3FB99F828
:1076E00004308DF8264001330093244B0193244B42
:1076F000244CCDF81080CDE9023603230593206891
:1077000008974FF4817301226946ADF8243001F0E7
:1077100065FE08B1452822D10099206801AA01F030
:10772000CBFEE0B90099206803AA01F037FFB0B999
:107730002B6920681979013102F088F895F84030FA
:1077400013B9206802F0A0F800200BB0BDE8F08368
:107750000224BFE7736843F001037360F4E74FF05E
:10776000FF30F2E76FF00400EFE76FF00100ECE7A5
:107770000001004400000245001804244D4D20087B
:10778000694D20083CE901002DE9F3470746DDE992
:107790000AA8DDF83090084616461D461FB311B3FF
:1077A0000AB35B6993F82920520723D595F8404026
:1077B000F4B12A7812F0060F1CD0032283F8272098
:1077C0003146CDE9008953462A46FFF757FF60B995
:1077D00053462A4631463846CDE90A8902B0BDE80B
:1077E000F047FFF7B5BE6FF0040002B0BDE8F087C8
:1077F0002046FAE74FF0FF30F7E74369186A704711
:107800004369D869704700002DE9F0471C465B6961
:10781000924693F8292080469007894603D44FF07A
:10782000FF30BDE8F0875FFA88F5A5F1150105295D
:1078300000F2E480DFE801F0031828416D98B9F107
:10784000000F0CD002212046FFF77AFA626992F805
:10785000293043F0080382F829300020E1E722F0C4
:10786000080283F82920F8E7B9F1000F09D00321B5
:107870002046FFF765FA626992F8293043F0100359
:10788000E9E722F01002ECE7B9F1000F0DD093F810
:107890002620002A40F0F6816168CA6842F0400262
:1078A000CA60012283F82620D7E76168CA6822F0FF
:1078B0004002CA6083F82690CFE76268516821F0E1
:1078C00002015160D4E90310F0B9C1B10D209060FC
:1078D00093F82630ABB1B2F1884F08D08F4B9A4263
:1078E00005D08F4B9A4202D08E4B9A4209D109792A
:1078F0008D4B0131186801F0C5FF10B18FE70523EA
:10790000936063690022CDE70D2090600029DFD1EC
:10791000F7E76268516821F001015160216949B9B6
:10792000E3682BB903239360636900221A7194E71B
:107930000B23F8E70B2090601B79002BF4D0B2F1F9
:10794000884F08D0754B9A4205D0754B9A4202D0A9
:10795000744B9A42E8D10979734B0131186801F0F0
:1079600091FF0028E0D05AE76268516821F00301D6
:107970005160E16869B9D4E90421636812BBE36826
:10798000002B39D1072362689360636900221A7162
:1079900088E793F82630002BEDD0B2F1884F08D05D
:1079A0005E4B9A4205D05E4B9A4202D05D4B9A42A2
:1079B000E1D109795C4B0131186801F063FF0028BF
:1079C000D9D02CE70979B9B1B3F1884F08D0534920
:1079D0008B4205D052498B4202D052498B420BD187
:1079E0001179514B0131186801F04CFF00287FF4E8
:1079F00016AF2369002BC2D00F23C4E76A1E132AD7
:107A000000F24381DFE812F03900140047005E0005
:107A10006F009200410141014101410141014101D9
:107A20004101410141019700170092009A00920024
:107A300094F8403013B96FF00600F2E66268374BF5
:107A40009A42F8D12378990717D501212046FFF7EC
:107A500077F963689A6D42F001029A659A6D42F077
:107A600002029A6594F841109A6D41B342F01002F7
:107A70009A659A6D42F020029A6508F4E066B6F5C0
:107A8000A06F73D05ED8002E73D0B6F5807F72D011
:107A90006FF00800C5E66268204B9A42CBD123788C
:107AA0005A07C8D501212046FFF74AF963689A6D45
:107AB00042F001029A659A6D6FF34102D1E761F3DA
:107AC0000412D5E721780B07D7D563681A6C42F00A
:107AD00001021A641A6C8F074CBF6FF3410242F027
:107AE00002021A64C9E76368B3F1884F02D00B4AF7
:107AF0009342A0D12378DE069DD506212046FFF7CC
:107B00001FF920460721FFF71BF92378D80692D5E5
:107B10006268136943F040031361AEE7000100445B
:107B200000000245001804243CE90100257815F006
:107B30002005A2D07FE783F824908EE6257815F003
:107B40004005F6E7B6F5C06F17D0B6F5E06F9FD1E8
:107B50000026022708F44053B3F5805F10D0B3F538
:107B6000005F1BD073B16FF009005AE600260027B2
:107B7000F0E70327EEE70926F9E700260127E9E702
:107B800047F0180708F44043B3F5804F09D0B3F528
:107B9000004F06D03BB16FF00A0042E647F00807FD
:107BA000F0E747F0040708F44033B3F5003F2FD067
:107BB00007D8002B3BD0B3F5803F19D06FF00B00F6
:107BC0002FE6B3F5403FF9D1637803F01803182B83
:107BD00007D104212046FFF7B3F805212046FFF71F
:107BE000AFF8238803F4C073B3F5C07F0BD0E5E78B
:107BF0006378190703D505212046FFF7A1F894F90A
:107C00000030002BDADA6268136943F022030DE0DA
:107C10006378DA0603D504212046FFF791F86378EC
:107C2000DB07CBD56268136943F020031361AB1EF9
:107C3000012B05D818F4802F2AD118F4002F2AD14F
:107C4000D4F80480D8F8103023F01003C8F81030AE
:107C5000224651464846FFF7B3FA6369012183F88B
:107C60002850C8F80810C8F80C70C8F8CC60D8F8CC
:107C7000AC2061F3C402C8F8AC2093F8292042F08C
:107C80000402EEE56FF00100CBE56FF00300C8E5FC
:107C90006FF00C00C5E56FF00D00C2E54269436866
:107CA000107A5969137981F080015B00C1F3C0112A
:107CB00003F002030B435179C90001F008010B43A3
:107CC0009179090101F010010B43D179490101F0CB
:107CD000200180010B4300F0400018437047000072
:107CE0004B6993F829305B0732D54B68002B32D0B3
:107CF000032830D8DFE800F0020B121F4A78120781
:107D000029D51A6922F002021A61002070474A78C8
:107D1000100720D51A6942F00202F5E7B3F1884F47
:107D200002D00E4A934216D14A78910613D51A69A9
:107D300022F00102E8E7B3F1884F02D0074A9342EC
:107D400009D14A78920606D51A6942F00102DBE7AA
:107D50004FF0FF3070476FF00300704700010044A0
:107D6000024630B5536800201BB3516991F82910C1
:107D700049071ED5557899699278EB064CBFC1F337
:107D80000013034615F0400418BFC1F3401412F06D
:107D9000010218BFC1F380122D060FD5C1F3C01127
:107DA00043EA440343EA810343EAC20363F307005F
:107DB00030BD0246014604460346F1E70021EFE7E5
:107DC00041F20273984221D011DC41F204539842EF
:107DD0001CD005DCF8B101280CBF21200120704720
:107DE00041F2017398420CBF11200120704742F20A
:107DF000041398420CD042F2061398420AD042F281
:107E0000031398420CBF21200120704721207047A6
:107E1000282070472B207047014BDB695B6E1847A9
:107E200000013000014BDB699B6B184700013000FB
:107E3000014BDB695B6A184700013000404B9942F7
:107E400070B50C46154679D83E4B99420AD93E4B3F
:107E50004FF400125A623D4B10229A615A6C42F064
:107E600010025A6401283FD0022855D048BB384E32
:107E7000F3690121A4220846D3F8EC309847354B2A
:107E80009C60FFF7D5FF344B9D42344B02BF5A68CC
:107E900022F440425A604FF45942A3F86020F3693B
:107EA0002A469B6821464FF08C40984750B92C4B8E
:107EB0009C420BD82B4B4FF40032DA664FF48022F1
:107EC000DA660020BDE87040FFF77ABF264B9C427F
:107ED000F7D9244BDA6E9203F3D44FF480229A66DA
:107EE0004FF400329A66ECE71A4B5C61FFF794FF9F
:107EF0001A4B4FF45942A3F8A020154BDB692A46D0
:107F00009B6D21464FF08C4098470028DAD1592CC0
:107F1000D0D95A2CDDD1D4E70E4B9C61FFF782FFFC
:107F20000E4B4FF45942A3F8E020094BDB692A4677
:107F3000DB6B21464FF08C409847C3E7212070BD92
:107F40000095BA0AFF0D2707000028200080004690
:107F50000001300038E00100005A6202008018463B
:107F60007F4A5D0500840424BF8C6C051E4B99423A
:107F700070B505460E460DD81C4A536A23F400130B
:107F800053621B4B9A6922F010029A615A6C22F0DC
:107F900010025A64002211464FF08C4000F0CEFBD4
:107FA0000446FFF70DFF0246D8B9D5B1042D13D111
:107FB000104A31460120FFF741FF04B22046FFF787
:107FC000FFFE024668B929464FF08C4000F0B6FB30
:107FD000BDE87040FFF7F4BE022DEFD1054A3146EF
:107FE000E9E7104670BD00BFFF0D270700002820FD
:107FF00000800046005A6202F7B503214FF08C4022
:1080000000F07CFC032000F0EBFC13490220FFF79A
:10801000ADFF0446E0B9114A11490120FFF70EFFF8
:108020000446A8B90F4E0125F36900950246D3F81E
:10803000A070022103464FF08C40B847F3690095C9
:10804000D3F8F4502246234602214FF08C40A84733
:10805000204603B0F0BD00BF0095BA0A005A620284
:108060000068890900013000044BDB6803604FF0B1
:108070008C43986A00F00F00704700BF38E00100A1
:10808000044B4FF48072DA63034B4FF400629A6042
:10809000704700BF008104240000081208B5284B77
:1080A0004FF400621A60274AD2F88C3743F4004339
:1080B00043F08003C2F88C37D2F88C375B06FBD5CF
:1080C000D2F88C27204BDFED216A9FED216A2149F0
:1080D00002F03F021A601A68262A84BF26221A601C
:1080E0001D4A9268EAB11D48C2F315020260D3ED41
:1080F000007A90ED007AF8EE677AB8EE477A77EE7C
:10810000A67A37EE267A67EE867AC7EE876AC1EDE1
:10811000006AFFF7B5FF0A4B4FF400625A60086827
:1081200008BDD3ED007AF8EE677A77EEA67ADFED38
:108130000C6A67EE867A87EEA67A81ED007AE8E728
:108140000000081200A0052448E9010089410B4203
:108150003333534040E90100BC15000044E90100FD
:10816000C4A08342F0B5A24CA24BA2680578A24EEF
:1081700002EA0301027802F001020A439F49A26069
:108180008A6802EA0304427802F00102920042EA9D
:10819000951222438A600A69457802EA030402784C
:1081A000C2F344022243964C0A61A26802EA030128
:1081B000827802F00302520142EAD5020A43914951
:1081C000A2608A6884781A4042EA94028E4C8A60DF
:1081D000A268C1781A4001F01F011143A160B26882
:1081E000047902EA030504F03F04C278640044EA1B
:1081F000D214C2F3411242EA84022A43B260834E8F
:108200004579B26802EA0304027905F07F05920914
:1082100042EA850222437E4DB260AA6802EA030464
:10822000C27902F00F0222437A4CAA60A268C57993
:10823000067A1A4042EA1512774DA260AA6802EA4D
:108240000304427C02F07F022243AA60734DAA68B5
:1082500002EA0304027A02F07F022243AA60704D10
:10826000AA6802EA0304427A02F01F02520042EABC
:10827000D61222436B4EAA60B268857A02EA0304E2
:10828000C27A520042EAD512057B05F0010542EAA6
:1082900045222243644DB260AA68467A02EA03048A
:1082A000827A02F07F02D20042EA56122243AA608A
:1082B0005E4D5F4EAA6802EA0304B0F80D20224327
:1082C000AA60B268457D02EA0304027D05F00F054D
:1082D00042EA05222243574DB260AA68564E02EA8E
:1082E0000304427DC2F302122243AA60B268C57D34
:1082F000477902EA0304827D05F00F0542EA052270
:108300002243B2604D4EC57DB26802EA0304027E8C
:10831000120142EA1512457E05F00F0542EA0532C8
:108320002243474DB260AA68467E02EA0304827E79
:10833000120142EA16122243AA60424DAA6802EADA
:108340000304B0F81B202243AA603F4DAA6802EA4A
:1083500003048279560802F00102520042EAD71261
:1083600042EA86022243847CAA60457C90F824601D
:1083700004F00F02520052EAD512344D1EBFA96814
:1083800019401143A960324D1A4AAB6803EA020151
:10839000437F03F00F030B43AB602E4DAB6803EA42
:1083A0000201837FC3F383030B43AB602A4DAB68A9
:1083B00003EA020190F8253003F007035B0043EA6B
:1083C000D6130B43AB60254DAB6803EA0201C37CB7
:1083D00003F003035B0043EAD4130B432049AB6073
:1083E0008B681A40837CC3F3021313438B60F0BD88
:1083F0009C1600000000C0FF241600008816000034
:1084000070160000581600004C16000008160000F8
:10841000E0150000D415000064160000C815000027
:10842000BC150000B0150000B4160000981500003F
:10843000A4150000141500008C1500008015000024
:108440007415000068150000EC15000040160000CF
:108450005C15000050150000441500002C150000AC
:1084600038150000FAF7F2BDF0B5194D194C2B88FC
:10847000E5B004F11001002600274FF4C2726846EF
:10848000ADF88431CDE9626704F09AFD94E80F00FD
:1084900000F088FD62A800F025FE2B78687843EA9A
:1084A000002000F0CFFEDDE9624532463B46204623
:1084B000294603F031FE48B1074B002220462946E9
:1084C00003F016FE10B10020FAF714FE65B0F0BDFF
:1084D000E80200005401000000004E4010B50A4AB6
:1084E0000A4BD2F80815D3F80240E405FBD440EA61
:1084F0005110C2F80805D3F80220D205FBD4024B74
:10850000D3F8083510BD00BF00A0052400000524E5
:1085100010F4405F0F4B0BD0D3F8042522F48012E7
:10852000C3F80425D3F8042522F40012C3F8042567
:10853000D3F80825084BD3F80210C905FBD4C04373
:1085400000EA5210034AC2F80805D3F80220D20507
:10855000FBD4704700A00524000005240D4A0E49F5
:10856000D2F81035013823F0030310B5C0B2C2F8B9
:108570001035D1F80230DC05FBD4D2F810450123C8
:1085800083402343C2F81035D1F80230DB05FBD419
:1085900010BD00BF00A00524000005242DE9F04F08
:1085A00088B305687DB3002100F1040C01275CF855
:1085B0003160013150F83130C3F38454C4EBD362DD
:1085C0000132162A1FD84FF00009D6F80080A646BF
:1085D000CA46224407FA0EFB0EF1010E28EA0B08E8
:1085E000724507FA09FB4AEA0B0A09F10109F1D8B9
:1085F00003EA0A03A34043EA0803A9423360D6D141
:108600000020BDE8F08F0120FBE7F0B500B307685C
:10861000F7B100254FF0010C013550F83530C3F3A8
:108620008454C4EBD3620132162A11D800210E46BD
:1086300022440CFA01FE013146EA0E0604EB010E5B
:108640007245F6D8BD42E7D103EA0600A040F0BD6E
:108650000120FCE7064B074A996C0748DA620229B9
:10866000D96C08BF1A60022908BF5A60FFF796BF8D
:1086700038E001000048E80170160000024B034A90
:1086800003485A63FFF78ABF38E001000048E80159
:1086900058160000064B074A996C07481A630529CB
:1086A000D96C08BF1A60052908BF5A60FFF776BF6A
:1086B00038E00100002D3101C8150000034B0448CB
:1086C0004FF4FA421A62FFF769BF00BF38E00100B9
:1086D0004C160000034B04484FF4FA425A62FFF76D
:1086E0005DBF00BF38E00100EC1500000148FFF756
:1086F0008CBF00BFA41500000148FFF786BF00BF74
:108700008C1500000148FFF780BF00BF80150000F6
:108710000148FFF77ABF00BF741500000148FFF75A
:1087200074BF00BF681500000148FFF76EBF00BFAF
:108730009815000001B108477047000010B50028E7
:1087400052D03E2A50D82B4BDB689C0748BF5208BA
:10875000052949D8DFE801F003481B26313C836A2C
:108760006FF303038362244B1B6824490B60846D01
:10877000E405FCD5846A62F30914846212B1B3FB88
:10878000F2F30B601C4B0A68DA60002010BD836DA9
:108790009B062BD5836A022161F303038362164B88
:1087A0009B68E2E7836D5C0620D5836A032161F351
:1087B00003038362104B1B69D7E7836D190715D537
:1087C000836A042161F3030383620B4B5B69CCE78B
:1087D0000B4B5B6A5B0709D5836A052161F30303D1
:1087E0008362054B9B6BC0E70120CFE741F201702C
:1087F000CCE700BF0086042438E0010088E00100D7
:108800000014042407B50B46114606281ED8DFE8DD
:1088100000F00421333B47586400364A106A400296
:108820005EBF106A40F48000106213B90A20FFF79F
:1088300081FF314BD3F81C2122F08012C3F81C2198
:10884000D3F81C2142F00122C3F81C21002003B000
:108850005DF804FB274A106A800207D4106A40F4CE
:1088600080101062106A40F400101062002BEDD1ED
:108870000A20FFF75FFFE9E71E4A106AC002F5D43D
:10888000106A40F48010F0E71A4A106A00035EBFD5
:10889000106A40F400201062002BD7D10220E8E7D4
:1088A000144B1A6A5203D1D41A6A42F480221A6213
:1088B0004FF4FA700191FFF73DFF019940F2DC504F
:1088C000D7E70C4A106A80035EBF106A40F400309C
:1088D0001062002BBAD1FA20CBE7064A106AC00317
:1088E0005EBF106A40F480301062002BAED196203B
:1088F000BFE700BF008104240080042410B50446B3
:10890000002858D00139052955D8DFE801F00313B4
:108910001D273445294BD969012262F30201D9612F
:10892000274B9A645B6C264A1360A36D002BFCDA1C
:10893000002010BD214BD969022262F30201D961E6
:108940001F4B9A64DB6AEEE71C4BD969032262F382
:108950000201D9611A4B9A64DB6BE4E7194B4022A0
:108960009A83164BD969042262F30201D961144B30
:108970009A641B6CD7E7114B1A6AD2025EBF1A6A5F
:1089800042F480121A62D969052262F30201D961A8
:108990000B4B9A641B6BC6E7012100220846FFF7C8
:1089A00031FF064BD969062262F30201D961044BFB
:1089B0009A645B6BB7E70120BBE700BF008104242A
:1089C00038E0010000801341044B1A6822F00F02C6
:1089D0001A601A6810431860704700BF0000052431
:1089E000013808B5052850D8DFE800F003101A2434
:1089F0003140274BD969012262F31241D961254BDD
:108A0000DA645B6C234A0020536008BD204BD969AF
:108A1000022262F31241D9611E4BDA64DB6AF1E78C
:108A20001B4BD969032262F31241D961194BDA64F5
:108A3000DB6BE7E7184B40229A83154BD969042278
:108A400062F31241D961134BDA641B6CDAE700223E
:108A500001210220FFF7D6FE0D4BD969052262F3F2
:108A60001241D9610B4BDA641B6BCBE70121002269
:108A70000846FFF7C7FE064BD969062262F312418A
:108A8000D961044BDA645B6BBCE70120BDE700BF32
:108A90000081042438E00100008013412DE9F041F9
:108AA00090461F460446002800F09880FF2A00F2F6
:108AB0009580072900F292800139494D494E0629D7
:108AC00005D8DFE801F00E1D455463727C000020DC
:108AD000FFF77AFF63696FF34403636173682B6088
:108AE0001DE00020FFF770FF00213A460520FFF748
:108AF00089FE6369012262F344036361336AEEE72E
:108B00000020FFF761FF00213A460620FFF77AFEBA
:108B1000736A2B606369022262F344036361A36A90
:108B20001B07FCD562695FFA88F363F34C1262613C
:108B3000636943F001036361B8F1000F03D02B6850
:108B4000B3FBF8F32B602B68F3600020BDE8F081E5
:108B50000020FFF739FF00213A460420FFF752FEBC
:108B60006369032262F344036361B36AB7E70020D9
:108B7000FFF72AFF00213A460320FFF743FE63690F
:108B8000042262F344036361F36AA8E70020FFF75D
:108B90001BFF00213A460220FFF734FE63690522DD
:108BA00062F344036361336B99E70220FFF70CFF24
:108BB0006369062262F344036361F3688FE7002070
:108BC000FFF702FF00213A460120FFF71BFE636911
:108BD000072262F344036361736B80E70120B5E70A
:108BE00088E0010038E00100084B1B689A6A12F027
:108BF0000E0FFBD1FF22C3F804211A6A42F00202D1
:108C00001A629A6A5207FCD4704700BF2C01000018
:108C100041F20273984221D011DC41F20453984290
:108C20001CD005DCF8B101280CBF212001207047C1
:108C300041F2017398420CBF11200120704742F2AB
:108C4000041398420CD042F2061398420AD042F222
:108C5000031398420CBF2120012070472120704748
:108C6000282070472B2070470378012B06D84378C3
:108C7000013B0F2B94BF002021207047212070471B
:108C8000002370B5194600F1F2041A4634F8026F59
:108C9000DDB2013336B10132D2B2012A01D99A4292
:108CA0000BD12946102BF1D11A4B1B78934204D1DA
:108CB000012A04D10378994202D0232017E000232F
:108CC000C2185278012A22D800EB83004369D3B13D
:108CD000114A934219D8D0F81431104A934207D957
:108CE000D0F854010E4B98428CBF2120002070BD5B
:108CF000B3F53D3F0BD8D0F85431B3F53E3F34BF08
:108D000000202120F3E72D20F1E72820EFE72120A4
:108D1000EDE700BF4CE90100A0252600FFFF052478
:108D2000001B062411B1042900D07047014B1B68B9
:108D3000184700BF50E9010007B500230193FFF772
:108D4000ADF901909DED017ADFED067AB4EEE77A98
:108D5000F1EE10FA02D50448FFF720FC019803B0A9
:108D60005DF804FB9A991940FC17000084B010B517
:108D70002DED028BE4B068AC84E80F00CDA89DED2A
:108D8000CE8AFFF771FF00284CD1334B9DF8354355
:108D90001C7068A8FFF774FF002843D1012C08BF9E
:108DA0009DF8A0019DF8342368AB03EB4000012A35
:108DB000B0F8F43003D1012B3BD02B2032E0013B43
:108DC0009BB240F2FE318B42F7D892BB012C30D9D6
:108DD000224B62934FF4C272BDF83433ADF8843144
:108DE0006CA9684604F0ECF868AB0FCBFCF76AF8A6
:108DF000FFF70EFFB0B9FFF79FFFDFED197AB4EE72
:108E0000E78AF1EE10FA014624D4DFED167AB4EECB
:108E1000E78AF1EE10FA1DDC18EE100AFAF7B4FF3B
:108E2000FFF7F6FE64B0BDEC028BBDE8104004B065
:108E300070470A4B62936CA9BDF83433ADF88431A6
:108E40004FF4C272684604F0BBF868AB0FCBFCF776
:108E5000D9F8CDE72120E5E74CE90100259D200860
:108E60006666E63F6666664084B000B5E3B00DF521
:108E7000C87C8CE80F00C9A8FFF7F6FED0B964A83B
:108E8000FFF7FEFEB0B99DF82423BDF82433B2B934
:108E90009DF82523012A12D94FF4C27268A96846A9
:108EA000ADF8843104F08CF864AB0FCBFCF7A2FA78
:108EB000FFF7AEFE63B05DF804EB04B0704768A93D
:108EC0004FF4C2726846ADF8843104F079F864ABAF
:108ED0000FCBFCF72BFCEBE7034620B1044A1068EC
:108EE00018B913607047222070470420704700BFF4
:108EF00050E9010008B50348FCF7E2FDBDE8084071
:108F0000FFF786BE0038042407B5ADF8040001A8B9
:108F1000FFF7AAFE20B90198FBF748FAFFF778FEA1
:108F200003B05DF804FB07B5ADF8040001A8FFF736
:108F30009BFE20B90198FCF77BF9FFF769FE03B0AF
:108F40005DF804FB07B5ADF8040001A8FFF78CFE3F
:108F500020B90198FCF720FAFFF75AFE024B0022D5
:108F60001A6003B05DF804FB50E90100042902BF58
:108F7000014B01221A7070475CE90100437853B934
:108F80004269074B9A4208D8B0F8F430012B14BF5D
:108F90002B2000207047212070472820704700BFF9
:108FA000A025260084B000B5E5B00DF5CC7C8CE89A
:108FB0000F009DF82C33012B34D19DF82D33013B4C
:108FC0000F2B2FD86046FFF7D9FF30BB164B6293AB
:108FD0004FF4C272BDF82C33ADF884316AA96846EB
:108FE00003F0EEFF66AB0FCBFFF7C0FEA8B9BDF8EC
:108FF0002C33ADF884314FF4C2726AA9684603F08D
:10900000DFFF66AB0FCBFFF72FFF30B90748FFF745
:1090100063FF10B9CB98FFF777FF65B05DF804EBFD
:1090200004B070472120F8E73D0A27406D9F2008D3
:1090300084B000B5E3B00DF5C87C8CE80F001423B4
:109040008DF8E4316046104B8193FFF797FFA8B984
:1090500001460E4A0E48FDF7FAFD0E4B4FF4C27260
:109060001B88ADF8843168A9684603F0A9FF64AB9A
:109070000FCBFFF7F9FE003818BF012063B05DF891
:1090800004EB04B0704700BF00004C423001000008
:10909000143A0424E802000084B000B5E3B00DF5F2
:1090A000C87C8CE80F006046FFF768FF98B9FFF7AF
:1090B00021FF80B917238DF8E431094B4FF4C272B8
:1090C0001B88ADF8843168A9684603F079FF64AB6A
:1090D0000FCBFFF7C9FE63B05DF804EB04B0704737
:1090E000E80200002DE9F0432DED028B0646E3B0C7
:1090F000002800F092804A4D4FF4C27205F1100131
:10910000684603F05DFF95E80F00FFF791FF2F46DB
:109110000446002873D1434B1A7862B118706A78FC
:1091200041480121FCF78AFD07EE900A3F4BF8EE1B
:10913000E77AC3ED007A3E494FF4C272684603F005
:109140003FFF97E80F00FFF7A7FF0446002856D11E
:10915000DFF8D490374F4FF00A086A78002148466C
:10916000FCF76CFD07EE900A08F1FF38F8EEE77A9D
:1091700018F0FF08C7ED007AEFD1020545D520F4BD
:1091800000631B041B0C07EE903AF8EEE77AC7ED7C
:10919000007AFFF7BDFA08EE100AFFF7A7FA08EE0B
:1091A000900AFFF7C1FA214B97ED007AD3ED007AD0
:1091B000DFED216AB8EE488AC0F5707037EE487A64
:1091C00077EEC87A0130C7EE275A07EE900AF8EE1C
:1091D000E77AF8EE688A87EEA67A88EEA66AF0EE5D
:1091E000477A45EE867ADFED156A9FED157A17EE20
:1091F000A67A17EE100A02F0A7FCC6E90001204685
:1092000063B0BDEC028BBDE8F08340F400631BB299
:1092100007EE903AF8EE677AB9E72224EFE700BF4D
:10922000540100005CE901000038042454E9010005
:109230006401000058E9010000007A4400009B43EB
:109240000080884307B5ADF80400C0B2012816D1EC
:109250009DF80530013B0F2B11D80A4B5B68DB07EB
:1092600005D4019803B05DF804EBFFF76BBE0198DD
:10927000FFF759FE0028F4D003B05DF804FB21206D
:10928000FAE700BF003804241A4B1B499A680868A3
:10929000110703D508225A61026022E09A6812037E
:1092A00002D54FF40022F6E79A68D10701D50122D2
:1092B000F1E79A68920701D50222ECE79A68510714
:1092C00001D50422E7E79A68D20302D54FF4803231
:1092D000E1E79A68910307D54FF400325A610223FF
:1092E0000360064B1B6818479A685203F9D54FF480
:1092F0008022D0E70000064560E9010064E9010032
:10930000014BDB681B691847000130000346012B45
:10931000084602D0022B08D07047074B182202FBE8
:1093200001339B683BB100211847034B182202FB15
:109330000133DB68F6E7704788EA01000346012B3A
:10934000084602D0022B08D07047074B182202FBB8
:1093500001339B683BB100211847034B182202FBE5
:109360000133DB68F6E7704768E90100F8B5046887
:10937000012C054622D8124E56F8242042B15368DB
:1093800010498B4204D010498B4201D01120F8BD06
:109390000E4B0F49DB680F481F680F4B51F8241024
:1093A00053F8243050F82400B8472B6846F82400BE
:1093B00056F82330002BE9D00020E8E72120E6E72B
:1093C00078EE010000000344008007240001300013
:1093D000EC020000FC02000004030000F0B529B11B
:1093E000012803D80B6818B9202B0CD921202AE0BA
:1093F0000C2BFBD8012AF9D82C4C6468002C51D0D6
:1094000073BB0C2707E0012AF0D8284C2468002CF5
:1094100048D02BBB20270125254C264BAC46A8B9AC
:1094200026792EB90D60C4E90200226084F804C0D8
:109430000E6836BBBD4205F1010604F1180403F1C4
:10944000180301D14620F0BD3546E8E71E79002E0D
:10945000EED10D60C3E902661A6083F804C0E7E745
:10946000013B182578B9124C6B43E6183679DEB902
:10947000E2500B68013B05FB0343C3E902000122F4
:109480001A710020DFE70B486B43C41824795CB9DC
:10949000C2500B68013B05FB03030122C3E90244F0
:1094A0001A71EEE71120CEE74520CCE778EE0100F7
:1094B00088EA010068E90100012810B503D811B15C
:1094C00018B9202909D9212016E00C29FBD8C2B1EE
:1094D0000D4B5B688BB911200EE092B10A4B1B68F3
:1094E000002BF8D01068094B0139182404FB013314
:1094F00098605268DA60002010BD1068044B013992
:10950000F3E72220F8E700BF78EE010088EA0100C7
:1095100068E90100012830B536D8002934D0E8B90F
:10952000202931D8531E022B2ED8194B53F8203046
:1095300063B302F00203D20721D54C1E182578B977
:10954000144A05FB0422906033B1124B01391822F2
:1095500002FB01310023CB60002030BD0C29E0E785
:109560000D4A05FB042200209060002BF4D00A4B2A
:109570001822013902FB01330022DA60ECE7002BEC
:10958000EAD00028E1D0F2E72120E6E71120E4E765
:1095900078EE010088EA010068E901002DE9F04F4A
:1095A000012897B005460C46164600F21C8100299A
:1095B00000F01981002840F00481202900F2138175
:1095C000D6F814C0BCF1000F00F00D813368089389
:1095D000002B00F0068173680993002B00F00181D5
:1095E000D6F80CA0BAF1030F00F2FD80B3680A931D
:1095F000032B00F2F880777E07F0FD03012B40F08B
:10960000F280327E022A00F2EE80B07E072800F25D
:10961000EA8033690793022B00F2E580754B53F81B
:1096200025300B93002B00F0E080013C1823002D27
:1096300040F0C980DFF8C0E163430EEB030898F8FF
:109640000480B8F1000F00F0D280B7F1010818BF14
:109650004FF00108CDF840805EF8033003F1FF3E83
:10966000DEF1000343EB0E0302F1FF3E5FFA8EFED4
:10967000BEF1020F0F9300F1FF33DBB235BF4FF0A5
:10968000010E4FF0000E00210A21CDF84CE0072B0F
:109690004FF0000E28BF7046012F14BF4FF0030893
:1096A0004FF00108BCF5806F38BF0CF1FF33CDE9F6
:1096B0001404CDE911EE0D9134BFC3F3090340F258
:1096C000FF331827002D40F081804B48DFF838E148
:1096D00007FB0400C0E90428484A494F52F82520F6
:1096E0000C92002268F302026FF3C30263F30D12BF
:1096F00057F8250002F0070BBBF1020F01BFD0F8AD
:109700000880D8F808906BF30209C8F8089003F1B4
:109710000108C445DFF8F480D8F80C1038BF0CF10C
:10972000FF33D1F808900D99CDF800C038BFC3F3CE
:1097300009031B0143EA813307994FEA016B0BF0E0
:10974000407B43EA0B0B0A9B9B0603F0406309072F
:1097500001F040514BEA03030B4343EA8A7302F0E2
:109760000F021A430B9B05930C9BE4B2CDE903E374
:109770000FABCDE901232146DDE90823C847E8B94D
:10978000367EDEB9DFF86C90D8F80C3059F8252019
:10979000DB6857F825102046984759F8251057F8E8
:1097A0002500FFF7ADFD1F2C18D859F825305A6851
:1097B00001235169A3400B435361304617B0BDE804
:1097C000F08F0C29FAE6DFF83CE035E70D48DFF8CA
:1097D00040E007FB0400C0E904287DE740F20130C7
:1097E000ECE72220EAE72120E8E71120E6E748201D
:1097F000E4E700BF78EE010088EA0100F40200000F
:10980000FC02000068E901000DA3200800013000FF
:109810003DA32008012813D891B160B920290FD8A1
:10982000094B1B6873B101395A68C9B201238B40D7
:10983000D362002070470C2902D8034B5B68F1E724
:10984000212070471120704778EE0100012813D8BD
:1098500091B160B920290FD8094B1B6873B1013948
:109860005A68C9B201238B409362002070470C29CB
:1098700002D8034B5B68F1E7212070471120704745
:1098800078EE0100FFF7C6BF012808B50CD8084BD9
:1098900053F8201051B1074B53F82000FFF730FD6B
:1098A000003818BF012008BD2120FCE71120FAE78D
:1098B00078EE0100FC020000034BC0001A580AB108
:1098C00007221A50704700BF04121346392808B502
:1098D00003D800F047FF002008BD2120FCE7222824
:1098E00008B503D800F048FF002008BD2120FCE7A0
:1098F00008B5A0F11903052B03D800F053FF002091
:1099000008BD2120FCE7392808B505D8032903D86C
:1099100000F05CFF002008BD2120FCE7392808B5D5
:1099200005D8032903D800F05BFF002008BD2120E3
:10993000FCE7012808B503D800F074FF002008BD3B
:109940002120FCE70B2808B503D800F085FF002094
:1099500008BD2120FCE7052808B505D8072903D84C
:1099600000F09CFF002008BD2120FCE7052808B579
:1099700005D8012903D800F09BFF002008BD212055
:10998000FCE7102808B503D800F0A6FF002008BDAA
:109990002120FCE70F2808B503D800F0BBFF00200A
:1099A00008BD2120FCE7012808B503D800F0BCFF62
:1099B000002008BD2120FCE71F4B70B500211F4D82
:1099C00019610C4608460131FFF776FF082945F872
:1099D000044BF7D11A4D0020FFF7ABFF01202C609C
:1099E000FFF7A7FF6C600024164D2646E0B2013455
:1099F000FFF7C7FF052C45F8046BF7D10024124E82
:109A0000254620460134FFF7C5FF082C46F8045BC5
:109A1000F7D10E4C0020FFF7C6FF01202560FFF7AD
:109A2000C2FF0020656000F0E5FE012000F0E2FECC
:109A3000074B00201D6070BD00000812C4EE01003D
:109A4000BCEE010080EE01009CEE010094EE0100EE
:109A5000E4EE010010B50020FFF72EFF024BBDE839
:109A600010401B6800201847C4EE010010B501200B
:109A7000FFF722FF024BBDE810405B68012018474A
:109A8000C4EE010010B50220FFF716FF024BBDE83F
:109A900010409B6802201847C4EE010010B5032057
:109AA000FFF70AFF024BBDE81040DB6803201847B0
:109AB000C4EE010010B50420FFF7FEFE024BBDE826
:109AC00010401B6904201847C4EE010010B50520A2
:109AD000FFF7F2FE024BBDE810405B690520184716
:109AE000C4EE010010B50620FFF7E6FE024BBDE80C
:109AF00010409B6906201847C4EE010010B50720EE
:109B0000FFF7DAFE024BBDE81040DB69072018477B
:109B1000C4EE010010B5002000F084FE024BBDE849
:109B200010401B6800201847BCEE010010B5012052
:109B300000F078FE024BBDE810405B68012018473A
:109B4000BCEE010010B500F0D5FEC00702D5002024
:109B500000F0C8FE00F0CEFE10F0020403D0012099
:109B600000F0C0FE012400F0C5FE410703D502202D
:109B700000F0B8FE022400F0BDFE020703D503206A
:109B800000F0B0FE032400F0B5FEC30603D50420A8
:109B900000F0A8FE0424044B53F824301BB12046E7
:109BA000BDE81040184710BD80EE010010B5002040
:109BB00000F0A8FE012802D1002000F0ABFE012039
:109BC00000F0A0FE012804463ED100F0A3FE0220D2
:109BD00000F098FE012803D1022000F09BFE022431
:109BE000032000F08FFE012803D1032000F092FE35
:109BF0000324042000F086FE012803D1042000F095
:109C000089FE0424052000F07DFE012803D10520F3
:109C100000F080FE0524062000F074FE012803D128
:109C2000062000F077FE0624072000F06BFE0128D6
:109C300003D1072000F06EFE0724044B204653F8A2
:109C40002430BDE8104018470024C0E79CEE010016
:109C500010B50021042000F0EFFD012802D1002002
:109C600000F062FE0121042000F0E6FD0128044618
:109C700008D100F059FE044B204653F82430BDE8CB
:109C8000104018470024F6E794EE0100044B1B68CF
:109C90004038C34013F0010F0CBF21200020704753
:109CA000E4EE01000378052B17D840781BB939285A
:109CB00015D9FFF7EBBF5A1E012A05D9032B08D08F
:109CC000042B08D0062800E0102834BF00202120F3
:109CD00070470A28F9E70C28F7E721207047184653
:109CE000704770B51646054678B1FFF7DBFF0446AE
:109CF00048B90F290BD8012E09D80A462878697867
:109D0000334600F0DBFC204670BD2224FBE7212413
:109D1000F9E7000073B5C4B2032C01903DD801A847
:109D2000FFF7C0FF60BB304B9DF8055003EB0413F9
:109D30002601585D60B309282AD0C4B9A5F11903DA
:109D4000052B22D8FFF7D4FDD0B92846FFF7BEFD7A
:109D5000B0B90022114601A8FFF7C3FF80B99DF8F2
:109D600006202946204600F0DDFC002008E0012CFA
:109D700008D1A5F10903052B04D8FFF7B9FD48B1B7
:109D800002B070BDFFF7ABFDF9E7FFF7A8FDDBE719
:109D9000002CDAD0A819C0B2D8E7042C0ED19DF857
:109DA0000550124B585DFFF79AFD0028E8D1284670
:109DB000FFF7C8FD0028E3D10246CBE7052CD4D13C
:109DC0009DF8054001212046FFF7D0FD0028D7D19E
:109DD00001462046FFF7BFFD0028D1D19DF80610AF
:109DE000204600F06FFDC0E7F4FF2008E8FF2008E0
:109DF00070B50E460546E0B1FFF754FF0446B0B912
:109E00000F2918D8034669782878062200F056FCF6
:109E10000A4A68781168012383400B4300F140012E
:109E20001360C9B223463246204600F047FC204664
:109E300070BD2224FBE72124F9E700BFE4EE010016
:109E4000F8B50E460546002800F09680FFF72AFF79
:109E5000044618BB0F2900F291802F78002F46D1BD
:109E60006978474FA1F11903052B06F00706034651
:109E700016D80B2200F022FC6978133923462246BB
:109E8000C9B2042000F01AFC6B78133BDBB2183324
:109E900057F8232066F3020247F823202046F8BD36
:109EA000092200F00BFC69780F2908D123462246CD
:109EB0000721042000F002FC6B78083BE6E7A1F1E3
:109EC0002E03032B09D8263923462246C9B2042083
:109ED00000F0F4FB6B78263BD8E706392346224690
:109EE000C9B2042000F0EAFB6B78063BCEE7012FF5
:109EF00019D1034669780B22384600F0DFFB6978F8
:109F0000033923462246C9B2042000F0D7FB6B7800
:109F1000033BDBB21A4A183352F8231066F30201EE
:109F200042F82310BAE7022F16D16978A1F10E0387
:109F3000012BB3D8063903460246C9B2042000F00B
:109F4000BDFB6B780E4A063BDBB2183352F8231088
:109F500066F3020142F823102B78032B9ED1697817
:109F600001299BD800230A311A46C9B2042000F007
:109F7000A5FB6B780A33CCE722248FE721248DE7F9
:109F8000001404240B300B289ABF024B185C0120EC
:109F9000704700BF4000210808B5044B01215B6AEF
:109FA00013209847BDE80840FFF7ECBFF4FE2008F7
:109FB000012810B5044609D1074B1B6833B1074A85
:109FC000934203D15B6A002113209847044B20463B
:109FD0001B68BDE810401847ECEE0100F4FE2008B5
:109FE000F0EE010038B505460C46F9F76FFD012883
:109FF00012D09CB123689BB995B90A4D0A48AB6849
:10A0000025609847FFF7BEFF38B92B6902209847B3
:10A01000BDE83840FFF7B6BF042038BD2220FCE77A
:10A020002120FAE7F4FE2008B1AF200838B5002857
:10A0300037D01E4A904236D11D4C1E4BE1689942E2
:10A0400031D8636813B1B3F5407F2CD1A078451E99
:10A050000F2D28D8A568B5F5801F24D8102804BF77
:10A060000020A070A07800032B4300F47C3018433C
:10A0700040F00100536A9847FFF784FF90B9617878
:10A080002078F9F7FFFC0C4B1A78044622B12046E1
:10A09000BDE83840FFF776BF01221A70F9F73EFDA0
:10A0A000F5E7222038BD2120FCE700BFF4FE2008A0
:10A0B0000C0300000005EA06E8EE010070B5044656
:10A0C00016460D4691B188B10A4B984210D1531EE5
:10A0D000B3F5FA4F0CD2FFF75FFF40B9A3693146E1
:10A0E00028469847BDE87040FFF74CBF222070BD5E
:10A0F0002120FCE7F4FE200870B5044616460D4604
:10A1000079B170B1094B98420DD162B1FFF744FFAC
:10A1100040B96369314628469847BDE87040FFF76B
:10A1200031BF222070BD2120FCE700BFF4FE2008D3
:10A1300010B5034660B159B1084A90420AD1084CA3
:10A1400022684AB9074A106830B92160136010BD0F
:10A150002220FCE72120FAE70420F8E7F4FE20089B
:10A16000F0EE0100ECEE010030B1012806D002282B
:10A17000034818BF002070470248704702487047E4
:10A1800000000424000001440000044707B5002338
:10A1900001A80193FDF768FF019B0B4A934210D879
:10A1A0000A4883428CBF0320022042F21072B3FBA4
:10A1B000F2F34FF4FA625343B3FBF0F003B05DF8EF
:10A1C00004FB0420F1E700BFFF94BA0A7F4A5D0553
:10A1D000044BDB690A46D3F8DC3001464FF08C4073
:10A1E000184700BF000130000E4B984209D10E4BBA
:10A1F0004FF48062C3F88420BFF34F8FBFF36F8F9B
:10A2000070470A4B984203D1074B4FF00052F1E7D9
:10A21000074B9842F4D1044B4FF40052C3F880200E
:10A22000EAE700BF0000014400E100E0000004474D
:10A2300000000424114B984210B5044619D0104B6D
:10A24000984218D00F48211A484248414000E36A1A
:10A250005A0612D5D4F880305B0704D00A4B062189
:10A2600053F820309847636D2046BDE81040FFF753
:10A27000BBBF0020EBE70120E9E710BD000001446F
:10A28000000004470000042454EF01002DE9FF41C1
:10A2900004460D46002960D002285ED80A78012ABB
:10A2A0005BD84E78731E032B57D891F802E0BEF1AD
:10A2B000010F52D83D4F57F82010002973D1DFF815
:10A2C00008818DF80C6008EB40134FEA401C8DF8B4
:10A2D000042008F80C009E7083F803E05A70FFF722
:10A2E00043FF334B984206463BD103F1604303F5ED
:10A2F000613310229A600120FFF76AFF6B78033BFD
:10A30000012B48D8022C48D12A4B1B6AD3F8008075
:10A3100000231A4601214FF08C40C04700232648F5
:10A320001A460621FEF7BAFB6B78013B012B34D8A5
:10A33000224B5B6802936B6847F8243001A93046D2
:10A3400000F004FCAB78012B2BD1A31E5C425C41D6
:10A3500068460094FFF70AF818B30F2004B0BDE870
:10A36000F081174B984207D103F15D4303F5044395
:10A3700010229A600121BEE7124B9842BED103F52C
:10A3800004434FF080725A640A4B0B481B6A012247
:10A390009B6B9847B2E7022CC6D002A8FDF764FE7B
:10A3A000C9E70020DAE70D20D8E700BF54EF01002D
:10A3B00000000144000130000014042438E00100D2
:10A3C0000000044700000424F4EE0100022808B550
:10A3D00013D8FFF7C9FEC36E6FF30003C366C36BE8
:10A3E00061F30703C363836B62F307038363C36E85
:10A3F00043F00103C366002008BD0F20FCE7000006
:10A40000F8B50646002A68D0022866D8B1F5806FF4
:10A4100063D2334CFFF7A8FE770104EB46160546DE
:10A42000707800F0FF0658B968687F2994BF66F31A
:10A430000C3040F480506860686861F3090068601F
:10A440003C44626000226261E360E668771E6369F3
:10A450009E4201D8002011E06378012B19D16B6B6B
:10A4600058060CD4FFF792FE6B6B990603D4431E7B
:10A4700001281846F8D8012803D81020F8BD6B6DC4
:10A48000EDE762686369591C6161D35C2B612B6DD8
:10A49000DDE76369BB421AD1237F6268C3B9636990
:10A4A000591C6161D35C43F400732B61FFF76EFEAE
:10A4B0002B6F5A0703D4431E01281846F8D80128E9
:10A4C000DBD96B6B5B06C2D56B6D0620D6E7626885
:10A4D0006369591C6161D35CE7E70F20CEE700BFD9
:10A4E000F4EE010002289FBF034B03EB4013002052
:10A4F000197788BF0F207047F4EE010037B5027955
:10A5000043798DF80130012103788DF8002004464D
:10A51000042A40788DF802108DF804308DF805007B
:10A520008DF8061001D0042B37D13C4B4FF08072D0
:10A530005A64012000F05EF92579042D2DD160794F
:10A5400000F08AF9237A022B1FD1A27961790123C5
:10A55000284600F0B3F86079012100F087F92578EA
:10A56000042D3ED1607800F077F9237A022B30D1A8
:10A57000A27861780123284600F0A0F860780121D4
:10A5800000F074F9002003B030BDE07900F0F4F879
:10A59000A1796846FFF72CFCDDE7237A0098012BB0
:10A5A0009EBF1E4B10229A60FFF7B4FB237AA2795C
:10A5B000012B09D861792079012300F07FF86079B7
:10A5C000012100F00DF9CAE711466846FFF738FC93
:10A5D000F5E7E07800F0D0F8A17901A8FFF708FCD2
:10A5E000CCE7237A0198012B9EBF0C4B10229A6076
:10A5F000FFF790FB237AA278012B09D861782078A5
:10A60000012300F05BF86078012100F0E9F8B9E778
:10A61000114601A8FFF714FCF5E700BF00840424ED
:10A620000148FFF707BE00BF000001440148FFF7E3
:10A6300001BE00BF000004470148FFF7FBBD00BF9B
:10A6400000000424032809D801EB0011090101F1DD
:10A650008C4101F5981101234B607047042805D106
:10A66000090101F1105101F59821F4E7034B89002C
:10A670005A5842F020025A50704700BF1C860424EA
:10A68000032809D801EB0011090101F18C4101F502
:10A69000981100234B607047042805D1090101F18E
:10A6A000105101F59821F4E7034B89005A586FF3D4
:10A6B00045125A50704700BF1C86042470B50646E8
:10A6C0000C4672B9042820D114480901455862F398
:10A6D0008505455021463046E3B1BDE87040FFF79F
:10A6E000B1BF02F00F056BB1FFF7ACFF042E16BF30
:10A6F00004EB0614094B0A4B24011A5965F3850231
:10A700001A5170BDFFF7BCFFF0E701EB0011090122
:10A710000348DBE7BDE87040FFF7B2BF00C0042488
:10A7200000001346032802F0010208D80A4B01EB8F
:10A7300000110901585862F300005850704704286E
:10A7400001D1064BF5E7064B89000B44596862F3CB
:10A7500004115960704700BF0000134600C0042474
:10A7600018860424034B03EB8000036843F01003B6
:10A7700003607047004000461528094A4FF0010366
:10A7800007D9D2F81816163883400B43C2F818368A
:10A790007047D2F8101683400B43C2F8103670474A
:10A7A00000003041A0F11903052B09D8054B2022E8
:10A7B0005A60054A0C38516C012383400B435364A3
:10A7C000704700BF0000304100800046034B03EBA0
:10A7D0008000036861F30103036070470040004696
:10A7E000034B03EB8000036861F38713036070473A
:10A7F0000040004650B94FF08C431A6942F4803251
:10A800001A619A6842F400129A607047044B1A6801
:10A8100042F480421A601A6842F480121A6070474B
:10A8200000140424034BC0001A5842F001021A50CD
:10A83000704700BF4412134601F5127104284FEA15
:10A84000C1010BBF01F1105101F18C4101F59821BB
:10A8500001F5981148687047034A012391688340C5
:10A860000B439360704700BF00A0042403280A4BE9
:10A8700001F0030104D81A6861F387121A60704767
:10A880000438032803D81A6861F38F32F6E75A6850
:10A8900061F387125A60704700A00424034B8000C4
:10A8A0001A5861F302021A50704700BF1C86042434
:10A8B000034B80001A5861F3C3021A50704700BF5F
:10A8C0001C860424034B80001A5861F304121A50AA
:10A8D000704700BF1C860424014B400098607047FD
:10A8E00000000812024A022383409360704700BFB1
:10A8F00000000812024BD868C0F34400704700BF44
:10A9000000000812024BC000185800F00100704708
:10A9100004D20424034BC0001A5842F001021A501A
:10A92000704700BF04D20424034BC0001A5842F001
:10A9300001021A50704700BF44D20424704700003F
:10A94000C36E43F00103C366C36E6FF30003C366B7
:10A95000002303600363436083600E4B984209D178
:10A960000D4B4FF48062C3F88420BFF34F8FBFF3C9
:10A970006F8F7047094B984203D1074B4FF000523D
:10A98000F1E7074B9842F4D1034B4FF40052C3F860
:10A990008020EAE70000014400E100E000000447F5
:10A9A0000000042400000000591E38B5644DB2FBBD
:10A9B000F5F5044603296DD8DFE801F002224B22A9
:10A9C0002368012262F342034FF47A716422236008
:10A9D00001FB05F3B3FBF2F341F25C220F3B6A4348
:10A9E000B2FBF1F2934290B255D91B1AA26960F3FF
:10A9F0000F02A26162699BB263F30F02626149E0D8
:10AA00002168022060F34201042B216049D04FF4F9
:10AA10007A714FF4C87201FB05F3B3FBF2F340F215
:10AA200032520F3B6A43B2FBF1F2934290B2226A78
:10AA300060F30F0298BF4FF491632262E26996BF00
:10AA40006B431B1AB3FBF1F39BB263F30F02E2619A
:10AA500020E0236843F006032360D4F8A4300122E9
:10AA600062F30703C4F8A430A123A16A4FF47A72F9
:10AA70006B43B3FBF2F30E3B9BB263F30F01A16296
:10AA800084236B43B3FBF2F3626A113B9BB263F323
:10AA90000F02626238BD41F250436B43B3FBF1F3E6
:10AAA000A4E7D4F8A030012060F30703C4F8A03075
:10AAB000A5F120032F2B26D8284601F023F81AA34E
:10AAC000D3E9002301F098F819A3D3E9002300F09B
:10AAD000DBFE01F02BFBC0B24FF4FA735D434FF481
:10AAE0007A73B5FBF3F5ADB26B1E226A1B1A9BB2EB
:10AAF00063F30F022262083DE3692D1AADB265F3DC
:10AB00000F03E361C6E70F4B9A42E5D9284600F0F0
:10AB1000F9FF09A3D3E9002301F06EF80A4B0022E4
:10AB200000F0B4FED5E700BF736891ED7C3FB53F00
:10AB3000666666666666FA3F9A9999999999A93FF9
:10AB400040420F00FFB3C4040000F03F10B5C36ED5
:10AB50006FF30003C366FFF7F3FE0B780446FBB9FF
:10AB6000036843F001030360036843F0400323607C
:10AB7000236843F020032360236B23F01003236337
:10AB8000144B9C4216D1144B4FF48062C3F88421BD
:10AB90000B7A4A6820460021BDE81040FFF704BF49
:10ABA000012BE5D103686FF30003036003686FF3C3
:10ABB0008613DCE7094B9C4203D1074B4FF0005250
:10ABC000E4E7074B9C4202BF034B4FF40052C3F82B
:10ABD0008021DDE70000014400E100E000000447BF
:10ABE00000000424002208B51146054800F04BFC83
:10ABF000002211460120F6F762FD024B186008BDE5
:10AC00001D0300006CEF01002DE9F0413A4C3B4D73
:10AC10003B4EDFF8FC803B4F0123237000232B7059
:10AC20003749404600F0F0FC2378012B06D13378F9
:10AC30008BB9F6F737FC386002230BE0023B032B9D
:10AC400009D8DFE803F0020C113033780BB101238F
:10AC500000E0032323701420F6F79FFCE0E733782D
:10AC6000002BF8D00423F5E73378002BF1D0F6F76A
:10AC700019FC3A68244B3860821A1A602B7840F627
:10AC8000B7315BB18A4206D80133DBB2012B2B709E
:10AC900013D80523DEE700232B70D8E78A420CD8AF
:10ACA00001232B70F5E73378002BC5D0F6F7FAFBBC
:10ACB0003B6803F596739842CDD32B7863B1012B93
:10ACC00003D0022B05D0BDE8F081104B00221A7092
:10ACD000F9E70E4B0122FAE70B4B1A6842F20F73A9
:10ACE0009A420A4B01D90422F1E741F287318A42A4
:10ACF0008CBF03220222EAE71C03000069EF010077
:10AD000068EF010064EF010060EF01006AEF0100ED
:10AD10001D03000007B5074D074CFFF775FF2B78A3
:10AD20008DF80730002320681A460DF10701F6F769
:10AD3000B5FDF2E76AEF010070EF010008B50022EF
:10AD400001210A20F6F76AFD014B186008BD00BF1B
:10AD500070EF010007B5244E244C30680DF1070157
:10AD60004FF0FF330022F6F7D1FD9DF807100129BF
:10AD700020D0022922D00029EFD11D4B1A78002AB9
:10AD8000EBD023781B480133DBB29A4288BF1946C7
:10AD9000217001F01FFF20781749043047F230522C
:10ADA000C00300F0E8F9C820F6F7F7FB124800F0FE
:10ADB0001BFBD2E7084600F027FBCEE70C4D0E4800
:10ADC00000F012FB28780430C00300F098F92878CE
:10ADD0000949043047F23052C00300F0ABF92B7838
:10ADE00023705A1C2A70B8E770EF010074EF01005D
:10ADF00075EF01004C00210876EF010013B50C4BF4
:10AE0000009300246846ADF8044000F061F8094B57
:10AE100000936846ADF8044000F05AF8012122463C
:10AE20000846F6F74CFC044B186002B010BD00BF9A
:10AE30000301000101010001A8640200FF220321B7
:10AE4000012000F011B900220321012000F00CB90B
:10AE50000121FF22084600F007B90121002208461F
:10AE600000F002B908B50F4D0F4E104C28684FF096
:10AE7000FF31F6F775FC3378032B05D8DFE803F0D4
:10AE800002080B0EFFF7E4FF2068F6F79BFCEDE7E6
:10AE9000FFF7E3FFF8E7FFF7D1FFF5E7FFF7D3FF91
:10AEA000F2E700BF6CEF01006AEF0100A864020046
:10AEB000064B00221A700F219A70DA701A715A71BB
:10AEC000FF2259709A71DA71704700BFAC640200BA
:10AED000F7B5037801279F4043780446FEB2002B64
:10AEE00058D102794D4D012AAB7844D13343AB7030
:10AEF00004238DF804300222AB788DF8053001A9C7
:10AF0000592000F0EFFB002833D1A278AB79012A59
:10AF100036D13343AB7112238DF804300222AB7962
:10AF20008DF8053001A9592000F0DCFB08BBE27860
:10AF30002B79012A29D133432B7106238DF8043054
:10AF40002B798DF80530022201A9592000F0CAFBA7
:10AF500078B96178324B227803EBC10359209B5CAE
:10AF60008DF80430022263798DF8053001A900F0D4
:10AF7000B9FB03B0F0BD002ABAD123EA0703B6E754
:10AF8000002AC8D123EA0703C4E7002AD5D123EA5F
:10AF90000703D1E7012BDCD10279204D012AEB78A0
:10AFA0002CD13343EB7005238DF804300222EB786B
:10AFB0008DF8053001A9592000F094FB0028D8D164
:10AFC000A278EB79012A1ED13343EB7113238DF85C
:10AFD00004300222EB798DF8053001A9592000F0E8
:10AFE00081FB0028C5D1E2786B79012A10D11E437C
:10AFF0006E7107238DF804306B79A2E7002AD2D155
:10B0000023EA0703CEE7002AE0D123EA0703DCE7BF
:10B01000002AEED123EA07036B71EAE7AC64020071
:10B0200020030000012307B503FA01F1C9B280B97A
:10B030000C4B1A781143197002238DF804308DF8E7
:10B040000510022201A9592000F04CFB03B05DF865
:10B0500004FB0128F5D1034B5A781143597003239F
:10B06000EBE700BFAC64020007B5084B8DF8052084
:10B0700003EBC00302225B5C8DF8043001A9592068
:10B0800000F030FB03B05DF804FB00BF20030000BC
:10B0900013B50523044603208DF8073000F030FB7C
:10B0A0000DF107010122032000F070FB012221466F
:10B0B000032000F071FB032000F02AFB02B010BD5A
:10B0C00007B50DF10700FFF7E3FF9DF80730DB0739
:10B0D000F7D403B05DF804FB07B5062303208DF811
:10B0E000073000F00DFB01220DF10701032000F0F5
:10B0F0004DFB032000F00CFB03B05DF804FB07B52B
:10B1000052238DF80430030C40BAADF8060003203A
:10B110008DF8053000F0F4FA04220DEB0201032053
:10B1200000F034FB032000F0F3FAFFF7C9FF03B08F
:10B130005DF804FB37B502238DF80430030C40BAE8
:10B14000ADF8060003208DF805300C46154600F0DA
:10B15000D7FA04220DEB0201032000F017FB2A4668
:10B160002146032000F012FB032000F0D1FAFFF784
:10B17000A7FF03B030BD73B5030C032440BAADF88C
:10B18000060020468DF805300D4616468DF8044021
:10B1900000F0B6FA04220DEB0201204600F0F6FAA8
:10B1A00032462946204600F0F7FA204600F0B0FA71
:10B1B00002B070BDFFF790BF04210120FFF732BF3E
:10B1C000014800F0CDB900BF3003000007B50022F0
:10B1D0000A48114600F057F960B9FFF7F1FF48B986
:10B1E000074BADF8040068460093FFF771FE08B9FD
:10B1F000FFF7E2FF03B05DF804FB00BF300300007F
:10B2000004010101002208B50B48114600F03BF98A
:10B2100080B902460146094800F035F950B90246A6
:10B220000146074800F02FF920B9BDE8084003485F
:10B2300000F096B908BD00BF3903000036030000D6
:10B240003303000013B5064C0DF10701204600F052
:10B25000DBF918B99DF80730002BF5D002B010BD0E
:10B260003303000008B5084800F026F950B90A2059
:10B27000F6F793F9044800F073F918B9BDE80840EF
:10B28000FFF7E0BF08BD00BF3603000013B58DF81F
:10B2900007000A4800F010F9044658B900F030FAE7
:10B2A000204601220DF1070100F070FA044600204B
:10B2B00000F02EFA204602B010BD00BF3903000096
:10B2C00013B58DF807000A4800F04AF9044658B94A
:10B2D00000F016FA204601220DF1070100F056FA9F
:10B2E0000446002000F014FA204602B010BD00BF52
:10B2F0003903000070B5054609480E4600F030F9E4
:10B30000044650B900F0FCF920463246294600F0C8
:10B310003DFA0446002000F0FBF9204670BD00BF56
:10B320003903000008B5FFF76DFF034688BBFFF740
:10B3300099FF034668BBFFF7A9FF034648BBFFF729
:10B3400081FF034628BB2F20FFF7BAFF034600BB4F
:10B350002920FFF7B5FF0346D8B95020FFF796FF25
:10B360000346B0B9FFF76EFF034690B93720FFF7E9
:10B37000A7FF034668B9E920FFF788FF034640B9F5
:10B38000FFF760FF034620B9BDE808400120FFF742
:10B3900097BF184608BD08B50420FFF777FF18B916
:10B3A000BDE80840FFF74EBF08BD08B50220FFF713
:10B3B0006DFF034638B9FFF783FF034618B9BDE8B0
:10B3C0000840FFF73FBF184608BD08B5FFF7E3FF89
:10B3D0001220FFF75BFF0020FFF772FFFFF732FF3D
:10B3E000BDE80840FFF7E1BF10B504461020FFF7A5
:10B3F0004DFFFFF727FF204647F23051FFF77AFF56
:10B40000BDE81040FFF7E1BF38B505461020FFF753
:10B410003DFFFFF717FF47F23054032D06D8DFE852
:10B4200005F0020D0F110020FFF74AFF013CA4B206
:10B43000002CF2D1BDE83840FFF7C7BF5520F3E735
:10B44000AA20F1E7FF20EFE70378052B17D8407813
:10B450001BB9392815D9FEF719BC5A1E012A05D97E
:10B46000032B08D0042B08D0062800E0102834BF96
:10B470000020212070470A28F9E70C28F7E721204F
:10B4800070471846704770B50378164642780446F0
:10B49000807843EA022343EA00400D46FEF73AFC77
:10B4A00048B931466078FEF72EFA60782946BDE843
:10B4B0007040FEF733BA70BD70B50446002849D01D
:10B4C000FFF7C2FF054680BB26786478052E0AD9AF
:10B4D00021484FF4CE71FFF731FA1F484FF4D27173
:10B4E000FFF72CFA2FE0032E0ED9042E29D10B2CB6
:10B4F00004D9194840F2A111FFF720FA240104F100
:10B50000105404F598240EE08EB94B2C04D912483F
:10B510004FF4CF71FFF712FA04EB0614240104F183
:10B520008C4404F5981400236360284670BD012EF6
:10B5300001D13B2CEAE7022E01D12B2CE6E71B2C94
:10B54000E4E7052CC9D8054BA4001A596FF345123E
:10B550001A51EAE72225E8E75B0021081C8604244B
:10B5600070B50446002849D0FFF76EFF054680BB42
:10B5700026786478052E0AD921484FF49B71FFF78D
:10B58000DDF91F484FF49F71FFF7D8F92FE0032E24
:10B590000ED9042E29D10B2C04D9194840F23B11A5
:10B5A000FFF7CCF9240104F1105404F598240EE0BF
:10B5B0008EB94B2C04D912484FF49C71FFF7BEF999
:10B5C00004EB0614240104F18C4404F598140123BF
:10B5D0006360284670BD012E01D13B2CEAE7022EA4
:10B5E00001D12B2CE6E71B2CE4E7052CC9D8054B31
:10B5F000A4001A5942F020021A51EAE72225E8E78E
:10B600005B0021081C860424F8B50E460446002879
:10B6100049D0FFF719FF054688BB27786478052FC6
:10B620000AD9224840F2D911FFF788F91F4840F2A1
:10B63000E111FFF783F930E0032F0ED9042F2AD14F
:10B640000B2C04D919484FF4EF71FFF777F9240157
:10B6500004F1105404F598240EE097B94B2C04D94A
:10B66000124840F2DB11FFF769F904EB07142401DB
:10B6700004F18C4404F598146368DBB233702846F7
:10B68000F8BD012F01D13B2CE9E7022F01D12B2C72
:10B69000E5E71B2CE3E7052CC8D8054B5B69E340C5
:10B6A00003F00103EAE72225E9E700BF5B00210878
:10B6B00000000812FEF780B908B509490020FEF71E
:10B6C000E5FD024648B90146FEF780FE024620B974
:10B6D000BDE808400146FEF705BF104608BD00BFA3
:10B6E0001C00000013460A4601460020FEF788BEF3
:10B6F000012804BF014B1870704700BF3C030000D5
:10B70000024B53F82000FFF7D7BE00BF18012108F5
:10B71000024B53F82000FFF723BF00BF1801210898
:10B7200070B5174E0025002256F8040B1146FFF79E
:10B73000AAFE0446F8B90135EDB2042DF3D1E0B20A
:10B74000FFF7E6FFC8B90134042CF8D10D4D2946A6
:10B75000FEF748FC044670B901462868FEF766FC0F
:10B76000044640B908492868FEF7E2FC044610B9CF
:10B770000220F8F77BF9204670BD0446FBE700BFC6
:10B7800018012108B4640200F1C62008014B1868B2
:10B79000FEF7B2BCB4640200014B1868FEF78EBC21
:10B7A000B4640200DFF868C0F0B54F1E0026B31085
:10B7B000F243C35C02F003025200134103F003039F
:10B7C000721C01246245164619D0D54305F00305C5
:10B7D0003F2C4FEA45054FEAA20E04D143EA840309
:10B7E00007F8013FE3E710F80EE04EFA05F505F023
:10B7F0000305AB4202F10102F0D10134E2E7C1F1ED
:10B800000100384443EA84030B540130F0BD00BF0B
:10B81000C0D401002DE9F047154607460E4647F211
:10B8200030520021284601F01DFB00241349204618
:10B830004FF0030CB44201DBBDE8F0873A5D02F043
:10B84000030E00EB9202904201D10134F2E78842EC
:10B85000FBDC4FEAA009C34303F0030315F809809A
:10B860005B000CFA03FA28EA0A080EFA03F348EA26
:10B87000030305F809300130E5E700BFBFD401003C
:10B8800081F0004102E000BF83F0004330B54FEA91
:10B8900041044FEA430594EA050F08BF90EA020FFE
:10B8A0001FBF54EA000C55EA020C7FEA645C7FEA91
:10B8B000655C00F0E2804FEA5454D4EB5555B8BFB4
:10B8C0006D420CDD2C4480EA020281EA030382EA25
:10B8D000000083EA010180EA020281EA0303362DB7
:10B8E00088BF30BD11F0004F4FEA01314FF4801C8A
:10B8F0004CEA113102D0404261EB410113F0004F9C
:10B900004FEA03334CEA133302D0524263EB430352
:10B9100094EA050F00F0A780A4F10104D5F1200EF0
:10B920000DDB02FA0EFC22FA05F2801841F100014B
:10B9300003FA0EF2801843FA05F359410EE0A5F11F
:10B9400020050EF1200E012A03FA0EFC28BF4CF050
:10B95000020C43FA05F3C01851EBE37101F0004506
:10B9600007D54FF0000EDCF1000C7EEB00006EEB13
:10B970000101B1F5801F1BD3B1F5001F0CD349089D
:10B980005FEA30004FEA3C0C04F101044FEA4452F4
:10B9900012F5800F80F09A80BCF1004F08BF5FEA7B
:10B9A000500C50F1000041EB045141EA050130BD5B
:10B9B0005FEA4C0C404141EB0101013C28BFB1F56D
:10B9C000801FE9D291F0000F04BF01460020B1FAB8
:10B9D00081F308BF2033A3F10B03B3F120020CDA8B
:10B9E0000C3208DD02F1140CC2F10C0201FA0CF069
:10B9F00021FA02F10CE002F11402D8BFC2F1200CCE
:10BA000001FA02F120FA0CFCDCBF41EA0C01904083
:10BA1000E41AA2BF01EB0451294330BD6FEA0404CC
:10BA20001F3C1CDA0C340EDC04F11404C4F12002B7
:10BA300020FA04F001FA02F340EA030021FA04F3C9
:10BA400045EA030130BDC4F10C04C4F1200220FA20
:10BA500002F001FA04F340EA0300294630BD21FA5E
:10BA600004F0294630BD94F0000F83F4801306BF24
:10BA700081F480110134013D4EE77FEA645C18BF18
:10BA80007FEA655C29D094EA050F08BF90EA020FAF
:10BA900005D054EA000C04BF1946104630BD91EAA7
:10BAA000030F1EBF0021002030BD5FEA545C05D1AA
:10BAB0004000494128BF41F0004130BD14F58004E9
:10BAC0003CBF01F5801130BD01F0004545F0FE415D
:10BAD00041F470014FF0000030BD7FEA645C1ABF92
:10BAE000194610467FEA655C1CBF0B46024650EAC9
:10BAF000013406BF52EA033591EA030F41F40021F5
:10BB000030BD00BF90F0000F04BF0021704730B57A
:10BB10004FF4806404F132044FF000054FF000014F
:10BB200050E700BF90F0000F04BF0021704730B510
:10BB30004FF4806404F1320410F0004548BF4042E5
:10BB40004FF000013EE700BF42004FEAE2014FEA3A
:10BB500031014FEA02701FBF12F07F4393F07F4F15
:10BB600081F06051704732F07F4208BF704793F018
:10BB70007F4F04BF41F40021704730B54FF460742B
:10BB800001F0004521F000411CE700BF50EA01022E
:10BB900008BF704730B54FF000050AE050EA0102D7
:10BBA00008BF704730B511F0004502D5404261EB47
:10BBB00041014FF4806404F132045FEA915C3FF488
:10BBC000D8AE4FF003025FEADC0C18BF03325FEA25
:10BBD000DC0C18BF033202EBDC02C2F1200300FAD6
:10BBE00003FC20FA02F001FA03FE40EA0E0021FAFB
:10BBF00002F11444BDE600BF70B54FF0FF0C4CF4E9
:10BC0000E06C1CEA11541DBF1CEA135594EA0C0F9A
:10BC100095EA0C0F00F0DEF82C4481EA030621EAD5
:10BC20004C5123EA4C5350EA013518BF52EA033510
:10BC300041F4801143F4801338D0A0FB02CE4FF0C2
:10BC40000005E1FB02E506F00042E0FB03E54FF0F2
:10BC50000006E1FB03569CF0000F18BF4EF0010EEA
:10BC6000A4F1FF04B6F5007F64F5407404D25FEAE6
:10BC70004E0E6D4146EB060642EAC62141EA555199
:10BC80004FEAC52040EA5E504FEACE2EB4F1FD0CDB
:10BC900088BFBCF5E06F1ED8BEF1004F08BF5FEA59
:10BCA000500E50F1000041EB045170BD06F000460B
:10BCB00046EA010140EA020081EA0301B4EB5C04B8
:10BCC000C2BFD4EB0C0541EA045170BD41F48011B0
:10BCD0004FF0000E013C00F3AB8014F1360FDEBFD5
:10BCE000002001F0004170BDC4F10004203C35DAB1
:10BCF0000C341BDC04F11404C4F1200500FA05F334
:10BD000020FA04F001FA05F240EA020001F00042D4
:10BD100021F0004110EBD37021FA04F642EB06014A
:10BD20005EEA430E08BF20EAD37070BDC4F10C0474
:10BD3000C4F1200500FA04F320FA05F001FA04F238
:10BD400040EA020001F0004110EBD37041F1000124
:10BD50005EEA430E08BF20EAD37070BDC4F120052F
:10BD600000FA05F24EEA020E20FA04F301FA05F297
:10BD700043EA020321FA04F001F0004121FA04F23F
:10BD800020EA020000EBD3705EEA430E08BF20EA0F
:10BD9000D37070BD94F0000F0FD101F00046400049
:10BDA00041EB010111F4801F08BF013CF7D041EACB
:10BDB000060195F0000F18BF704703F000465200CF
:10BDC00043EB030313F4801F08BF013DF7D043EAA0
:10BDD0000603704794EA0C0F0CEA135518BF95EA56
:10BDE0000C0F0CD050EA410618BF52EA4306D1D1DD
:10BDF00081EA030101F000414FF0000070BD50EAFC
:10BE0000410606BF1046194652EA430619D094EA85
:10BE10000C0F02D150EA013613D195EA0C0F05D16F
:10BE200052EA03361CBF104619460AD181EA0301C3
:10BE300001F0004141F0FE4141F470014FF000007B
:10BE400070BD41F0FE4141F4780170BD70B54FF016
:10BE5000FF0C4CF4E06C1CEA11541DBF1CEA135596
:10BE600094EA0C0F95EA0C0F00F0A7F8A4EB050478
:10BE700081EA030E52EA03354FEA013100F088806F
:10BE80004FEA03334FF0805545EA131343EA126338
:10BE90004FEA022245EA111545EA10654FEA0026ED
:10BEA0000EF000419D4208BF964244F1FD0404F5A6
:10BEB000407402D25B084FEA3202B61A65EB030502
:10BEC0005B084FEA32024FF480104FF4002CB6EBBF
:10BED000020E75EB030E22BFB61A754640EA0C003F
:10BEE0005B084FEA3202B6EB020E75EB030E22BF7F
:10BEF000B61A754640EA5C005B084FEA3202B6EBC0
:10BF0000020E75EB030E22BFB61A754640EA9C007E
:10BF10005B084FEA3202B6EB020E75EB030E22BF4E
:10BF2000B61A754640EADC0055EA060E18D04FEA0C
:10BF3000051545EA16754FEA06164FEAC30343EAAC
:10BF400052734FEAC2025FEA1C1CC0D111F4801F79
:10BF50000BD141EA00014FF000004FF0004CB6E772
:10BF600011F4801F04BF01430020B4F1FD0C88BF11
:10BF7000BCF5E06F3FF6AFAEB5EB030C04BFB6EB1C
:10BF8000020C5FEA500C50F1000041EB045170BD0F
:10BF90000EF0004E4EEA113114EB5C04C2BFD4EB3C
:10BFA0000C0541EA045170BD41F480114FF0000EC0
:10BFB000013C90E645EA060E8DE60CEA135594EA3C
:10BFC0000C0F08BF95EA0C0F3FF43BAF94EA0C0F3F
:10BFD0000AD150EA01347FF434AF95EA0C0F7FF4B4
:10BFE00025AF104619462CE795EA0C0F06D152EA08
:10BFF00003353FF4FDAE1046194622E750EA4106EC
:10C0000018BF52EA43067FF4C5AE50EA41047FF4FC
:10C010000DAF52EA43057FF4EBAE12E74FF0FF3C61
:10C0200006E000BF4FF0010C02E000BF4FF0010C32
:10C030004DF804CD4FEA410C7FEA6C5C4FEA430CAB
:10C0400018BF7FEA6C5C1BD001B050EA410C0CBFFA
:10C0500052EA430C91EA030F02BF90EA020F00205C
:10C06000704710F1000F91EA030F58BF994208BFC3
:10C0700090422CBFD8176FEAE37040F00100704780
:10C080004FEA410C7FEA6C5C02D150EA013C07D1D7
:10C090004FEA430C7FEA6C5CD6D152EA033CD3D022
:10C0A0005DF8040B704700BF8446104662468C461C
:10C0B0001946634600E000BF01B5FFF7B7FF00284F
:10C0C00048BF10F1000F01BD4DF808EDFFF7F4FF78
:10C0D0000CBF012000205DF808FB00BF4DF808ED03
:10C0E000FFF7EAFF34BF012000205DF808FB00BF26
:10C0F0004DF808EDFFF7E0FF94BF012000205DF848
:10C1000008FB00BF4DF808EDFFF7CEFF94BF0120FC
:10C1100000205DF808FB00BF4DF808EDFFF7C4FFF5
:10C1200034BF012000205DF808FB00BF4A0011D297
:10C1300012F5001211D20DD56FF47873B3EB625281
:10C140000ED44FEAC12343F0004343EA505323FA8D
:10C1500002F070474FF00000704750EA013002D102
:10C160004FF0FF3070474FF0000070472DE9F04F5F
:10C1700089B0DDE91598002B1D461446BCBF03F1BC
:10C180000043144628F0200A149AB6BF1D46002327
:10C190002D23BAF1460FDDE9126B137005D0BAF109
:10C1A000450F00D10136022300E0032307AA0492C1
:10C1B00006AACDE90292CDE9003622462B4600F0D0
:10C1C0009FFFB8F1670F074619D11BF0010F0ED082
:10C1D00007EB06080022002320462946FFF774FFDC
:10C1E00008B1CDF81C803022079B434521D3079B23
:10C1F000179ADB1B3846136009B0BDE8F08FB8F121
:10C20000470FE2D0BAF1460F00EB0608E2D10378FF
:10C21000302B0AD10022002320462946FFF754FF85
:10C2200018B9C6F10106C9F80060D9F80030984481
:10C23000D0E7591C07911A70D6E7F7B50029BABFA5
:10C2400049422D232B2309290270437029DD0DF16A
:10C2500007031D460A271A46B1FBF7F607FB16141B
:10C26000303402F8014C0C46632C03F1FF333146A5
:10C27000F1DC3031941E03F8011C411C2346AB4213
:10C280000AD30DF109039B1AAC4288BF0023023385
:10C290000344181A03B0F0BD13F8016B01F8016FE5
:10C2A000EDE7302330318370C170031DF1E70000EA
:10C2B0002DE9F04F91B00C46DDF8688016461F4618
:10C2C000054600F0D7FD03680893184600F086FE87
:10C2D00000230E93D8F800300990073323F00703AA
:10C2E00003F1080294F818A0D4F800B0C8F80020B0
:10C2F000D3E9008929F000430B93CDF82880C4E9E5
:10C300001289DDE90A019C4B4FF0FF3202F0E0FC9C
:10C3100070BBDDE90A01984B4FF0FF32FFF7E8FEF2
:10C3200030BB0022002340464946FFF7D7FE10B13C
:10C330002D2384F84330914A914BBAF1470F94BFB3
:10C3400090469846032323612BF0040323604FF0AB
:10C350000009009733460FAA2146284600F0DEF96F
:10C36000013040F099804FF0FF3011B0BDE8F08F00
:10C3700042464B464046494602F0AAFC40B14B4675
:10C38000002BBCBF2D2384F843307E4A7E4BD4E77C
:10C3900063685A1C29D1062363604BF48063002232
:10C3A000236006920EAACDE904A20DAA03920DF114
:10C3B0003302CDE901326368009342464B4628467A
:10C3C000FFF7D4FEBAF1670F0D99804615D1CB1C4B
:10C3D0003BDB6368994238DC0E9B994255DB23684E
:10C3E0002161D80745D54B1C42E00AF0DF02472AFD
:10C3F000D3D1002BD1D10123CEE7BAF1470F07D11A
:10C40000C81C25DB63688B4222DB4FF0670AE3E739
:10C41000BAF1650F1FD80139524604F150000D9151
:10C42000FFF70BFF0E9A1318012A8146236102DCE5
:10C430002268D20701D5013323619DF83330002BE8
:10C4400087D02D2384F8433083E74FF0650AE2E775
:10C450004FF0450ADFE7BAF1660FBDD100296368E6
:10C460000BDD216113B92268D00702D501330B44DB
:10C470002361A1654FF00009DFE713B92268D207F5
:10C4800001D50233F4E70123F2E70029D4BFC1F15B
:10C49000020201221344EBE723685A0507D42369FB
:10C4A000424631462846B84701302BD15BE7BAF106
:10C4B000650F40F2DC80D4E9120100220023FFF76F
:10C4C00003FE002833D0314A012331462846B847BD
:10C4D00001303FF448AFDDE90D38434502DB236806
:10C4E000D8070FD5DDE9082331462846B847013083
:10C4F0003FF439AF4FF0000908F1FF3804F11A0A90
:10C50000C84509DC23689B0700F10281E0680F9BA6
:10C510009842B8BF184628E70123524631462846BC
:10C52000B84701303FF41FAF09F10109E8E70D9B5F
:10C53000002B38DC154A012331462846B847013024
:10C540003FF411AFDDE90D3959EA030302D1236845
:10C55000D907D7D5DDE9082331462846B847013049
:10C560003FF401AF4FF0000A04F11A0B0D9B5B4240
:10C5700053450DDC4B4693E7FFFFEF7F58762108CC
:10C580005C762108607621086476210868762108A7
:10C5900001235A4631462846B84701303FF4E3AEFE
:10C5A0000AF1010AE2E7A36DDDF838A05345A8BF00
:10C5B0005346002B994636DC4FF0000B29EAE97907
:10C5C00004F11A02A36D0A93A3EB09035B4531DC66
:10C5D0000D9B9A453ADC2368DA0737D40D9BAAEB0A
:10C5E00003090A9BAAEB03039945A8BF9946B9F131
:10C5F000000F33DC4FF0000829EAE97904F11A0B47
:10C600000D9BAAEB0303A3EB090343457FF77AAF26
:10C6100001235A4631462846B84701303FF4A3AEBD
:10C6200008F10108ECE7424631462846B847013098
:10C63000C2D198E60123314628460A92B847013014
:10C640003FF491AE0A9A0BF1010BBBE7DDE9082339
:10C6500031462846B8470130C0D184E60A9A4B4695
:10C66000424431462846B8470130C3D17BE6DDF865
:10C6700038A0BAF1010F01DCDB0736D501234246B1
:10C6800031462846B84701303FF46DAEDDE9082356
:10C6900031462846B84701303FF465AED4E912016F
:10C6A000002200230AF1FF3AFFF70EFDC0B95346FE
:10C6B00008F1010231462846B84701300CD152E654
:10C6C00001235A4631462846B84701303FF44BAE65
:10C6D00008F10108D045F3DB4B4604F15002E0E6D7
:10C6E0004FF0000804F11A0BF4E701234246E1E79A
:10C6F00001234A4631462846B84701303FF433AE5D
:10C7000008F10108E3680F995B1A4345F0DCFDE688
:10C710004FF0000804F11909F4E700BF2DE9F047D4
:10C72000164698468A680B69DDF820909342B8BF98
:10C730001346336091F8432007460C460AB1013393
:10C7400033602368990642BF33680233336025683B
:10C7500015F0060506D104F1190AE36832689B1A40
:10C76000AB4226DC94F843302268003B18BF01231B
:10C7700092062BD404F1430241463846C8470130A3
:10C780001ED02368226903F00603042B02BFE5686C
:10C790003368ED1AA3680CBF25EAE57500259342BE
:10C7A000C4BF9B1AED1800261A34B5421AD10020D6
:10C7B00008E00123524641463846C847013003D1BC
:10C7C0004FF0FF30BDE8F0870135C6E7E1185A1C8D
:10C7D000302081F84300224494F8451082F8431039
:10C7E0000233C7E70123224641463846C847013095
:10C7F000E6D00136D9E700002DE9FF470F7E0C9EF9
:10C80000782F914680460C469A4601F1430207D89C
:10C81000622F0AD8002F00F0DD80582F00F0C3806F
:10C8200004F1420684F842703AE0A7F16303152B45
:10C83000F6D801A151F823F091D82008A5D82008F6
:10C8400021D8200821D8200821D8200821D8200864
:10C85000A5D8200821D8200821D8200821D82008D0
:10C8600021D82008BBD9200833D9200873D9200843
:10C8700021D8200821D82008DDD9200821D8200877
:10C8800033D9200821D8200821D820087BD92008B6
:10C8900033681A1D1B68326004F1420684F8423086
:10C8A0000123A8E031682368081D30601E0601D509
:10C8B0000D6803E05D06FBD5B1F900506168002DFD
:10C8C00078DA2D20002984F84300A1602DDA5E4833
:10C8D0006D420A231646B5FBF3F103FB1157C75D02
:10C8E00006F8017D2F46BB420D46F4D9082B0BD12B
:10C8F0002368DF0708D5236961689942DEBF3023CA
:10C9000006F8013C06F1FF36921B2261CDF800A02B
:10C910004B4603AA21464046FFF700FF01306FD186
:10C920004FF0FF3004B0BDE8F08723F0040323602C
:10C93000CDE721683368080653F8045B02D4490642
:10C9400048BFADB26F2F4048336014BF0A2308239D
:10C95000002184F843106668A660002EBADB2168C7
:10C9600021F004012160002DB4D1002EB2D1164671
:10C97000BCE7236843F0200323603448782784F819
:10C980004570236831681F0651F8045B02D45F06C6
:10C9900048BFADB23160D90744BF43F020032360E4
:10C9A0001DB11023D4E72848E9E7236823F02003CA
:10C9B0002360F6E724480A23CDE7336825686169D8
:10C9C000181D30602E061B6801D5196002E068064C
:10C9D000FBD5198000232361164697E733681A1D9B
:10C9E00032601E6862680021304600F099FA08B192
:10C9F000801B606063682361002384F8433085E70F
:10CA00002369324649464046D047013088D02368E2
:10CA10009B0714D4E068039B9842B8BF184681E78F
:10CA20000123324649464046D04701303FF478AFB3
:10CA30000135E36803995B1AAB42F1DCEAE70025B4
:10CA400004F11906F5E700BF6A7621087B76210814
:10CA5000002310B50446C0E90033C0E90433836005
:10CA600081814366C2818361194608225C3000F0EF
:10CA7000F9F90D4B63620D4BA3620D4BE3620D4B55
:10CA800023630D4B24629C4206D003F1680294425A
:10CA900002D0D0339C4205D104F15800BDE81040CB
:10CAA00000F038BA10BD00BFB5DC2008D7DC200884
:10CAB0000FDD200833DD2008B8640200024A034974
:10CAC000034800F069B800BF4C030000DDF92008FE
:10CAD0005C03000041680C4B994210B5044601D03C
:10CAE00001F07CFFA168094B994202D0204601F079
:10CAF00075FFE168064B994204D02046BDE810401E
:10CB000001F06CBF10BD00BFB864020020650200D8
:10CB10008865020010B50B4B0B4C0C4A1A6020467E
:10CB200000220421FFF794FF04F16800012209218B
:10CB3000FFF78EFF04F1D0000222BDE81040122161
:10CB4000FFF786BFF0650200B8640200BDDA200876
:10CB5000014800F0E0B900BFF9650200014800F0AB
:10CB6000DBB900BFF965020010B50446FFF7F0FF1E
:10CB7000236A1BB1BDE81040FFF7F0BF044B2362EE
:10CB8000044B1B68002BF5D1FFF7C4FFF2E700BF91
:10CB9000D5DA2008F06502002DE9F84307468846FB
:10CBA00014460026D4E90195B9F1010905D5246898
:10CBB000002CF7D13046BDE8F883AB89012B07D9AB
:10CBC000B5F90E30013303D029463846C047064335
:10CBD0006835E9E70FB407B5064904AB086853F8B0
:10CBE000042B8168019301F05DFD03B05DF804EB57
:10CBF00004B0704758030000036A70B584680546A6
:10CC00000E460BB9FFF7B0FF636EDB0705D4A389AF
:10CC1000980502D4A06D00F07EF9A389190702D50A
:10CC20002369002B35D12146284600F0C5F880B392
:10CC30004FF0FF35636EDA0705D4A3899B0502D454
:10CC4000A06D00F069F9284670BD002B15DB236844
:10CC50005A1C22601970A36816F8011F013BA360DB
:10CC60000029F2D1002B16DA22460A21284600F0CC
:10CC700064F80130DCD00A25DCE7A2699A4201DCC5
:10CC80000A29E4D12246284600F057F80130E2D1C3
:10CC9000CEE7013EDFE723685A1C22600A221A70A1
:10CCA000E9E70000024B01461868FFF7A5BF00BF87
:10CCB0005803000010B50C46B1F90E1000F000F951
:10CCC0000028ABBF636DA3891B1823F48053ACBF4E
:10CCD0006365A38110BD2DE9F0411F468B89DB05FB
:10CCE00005460C46164605D5B1F90E100223002262
:10CCF00000F0D4F8A389B4F90E1023F48053A38173
:10CD000032463B462846BDE8F04100F0EBB810B58E
:10CD10000C46B1F90E1000F0C1F8431CA38915BFF1
:10CD2000606523F4805343F48053A38118BFA3812B
:10CD300010BDB1F90E1000F0A1B8F8B50E461446BA
:10CD4000054618B1036A0BB9FFF70EFFA369A3608C
:10CD5000A3891A0701D5236943B92146284600F063
:10CD60002BF818B14FF0FF373846F8BD2368226919
:10CD7000981A6369F6B28342374605DC2146284695
:10CD800001F02CFE0028EDD1A368013BA3602368CD
:10CD90005A1C22601E706269431C9A4204D0A38907
:10CDA000DB07E1D50A2EDFD12146284601F016FE29
:10CDB0000028D9D0D6E7000038B5294B05461868B9
:10CDC0000C4618B1036A0BB9FFF7CEFEB4F90C306C
:10CDD000190722D4DA0607D409222A6043F0400357
:10CDE000A3814FF0FF3033E0580712D5616B41B19A
:10CDF00004F14403994202D0284600F0ABFF00231F
:10CE00006363A38923F02403A38100236360236960
:10CE10002360A38943F00803A38123694BB9A38945
:10CE200003F42073B3F5007F03D02146284601F0B8
:10CE300023FEB4F90C3013F001020AD00022A260E4
:10CE400062695242A261226942B913F08000C5D1E1
:10CE500038BD990758BF6269A260F4E70020F7E780
:10CE60005803000002440346934200D1704703F880
:10CE7000011BF9E7004870479804000038B5064DDB
:10CE80000023044608462B60F6F7B4FB431C02D18E
:10CE90002B6803B1236038BDF465020038B5074D37
:10CEA00004460846114600222A601A46F6F7ACFBF3
:10CEB000431C02D12B6803B1236038BDF465020026
:10CEC00038B5074D04460846114600222A601A4626
:10CED000F6F79CFB431C02D12B6803B1236038BDDD
:10CEE000F465020038B5074D044608461146002295
:10CEF0002A601A46F6F75CFB431C02D12B6803B18B
:10CF0000236038BDF4650200014B1868704700BF0C
:10CF10005803000070477047704700000000000091
:10CF200001F0FF01102A2BDB10F0070F08D010F8DA
:10CF3000013B013A8B422DD010F0070F42B3F6D1DE
:10CF4000F0B441EA012141EA014122F007047FF0F7
:10CF500000070023F0E80256083C85EA010586EA4E
:10CF6000010685FA47F5A3FA87F586FA47F6A5FA8A
:10CF700087F68EB9EED1F0BC01F0FF0102F0070296
:10CF800032B110F8013B013A83EA010313B1F8D141
:10CF90000020704701387047002D06BF3546033822
:10CFA000073815F0010F07D1013015F4807F02BF5B
:10CFB000013015F4C03F0130F0BC0138704700BFAC
:10CFC0000A44914200F1FF3300D1704710B511F8C7
:10CFD000014B03F8014F9142F9D110BD034613F8FC
:10CFE000012B002AFBD1181A013870472DE9F74FA1
:10CFF00003690C69A34207467EDB013C01F114087A
:10D00000A30000F11405009305EB8403019358F885
:10D01000243055F8242001339A4208EB8409B2FBEE
:10D02000F3F62ED34FF0000AC446AE46D3465CF862
:10D03000043B98B206FB00A0020C1B0C06FB03236A
:10D04000DEF8002080B292B2121A5A44DEF80000D4
:10D050004FEA134A9BB2C3EB224303EB104392B255
:10D0600042EA0342E1454EF8042B4FEA234BDED25D
:10D07000009BEB582BB9019B043B9D421A462FD3D2
:10D080003C61384601F0DCF9002825DB2946002008
:10D0900058F8042BD1F800C01FFA82FE1FFA8CF357
:10D0A000A3EB0E030344120CC2EB234202EB1C421F
:10D0B0009BB243EA0243C14541F8043B4FEA224098
:10D0C000E6D255F8242005EB840322B9043B9D42A7
:10D0D0001A460BD33C610136304603B0BDE8F08FF1
:10D0E0001268043B002ACBD1013CC6E71268043B1E
:10D0F000002AEFD1013CEAE70020EEE70000000043
:10D100002DE9F04FC76997B014461D46CDE9044597
:10D11000239E83467FB9102000F066FE0246CBF8BE
:10D120001C0020B9A64BEF21A64801F013FDC0E971
:10D1300001770760C760DBF81C30196859B15A687D
:10D140004A60012393408B60584600F03BFFDBF8B8
:10D150001C3000221A602B1EB9BF23F00043059338
:10D1600000233360059F984BBCBF01223260BB4354
:10D1700019D1229A42F20F731360C7F313032343AA
:10D1800000F0DE85249B53B9904B21E0904B08932F
:10D190000833249A1360089817B0BDE8F08F8B4BC2
:10D1A00008930333F5E79DED047B002251EC170B48
:10D1B00000238DED0C7BFEF787FF804650B1229A4D
:10D1C00001231360249B13B1249A824B1360824B7A
:10D1D0000893E0E714AB019315AB00935846DDE9E3
:10D1E0000C2301F0DDF9C7F30A560390002E79D025
:10D1F0000D9BCDF84C80C3F31303DDE90C0143F024
:10D200007F5343F44013A6F2FF3619460022734BB6
:10D21000FEF73AFB64A3D3E90023FEF7EDFC64A319
:10D22000D3E90023FEF732FB044630460D46FEF7F5
:10D2300079FC61A3D3E90023FEF7DEFC02460B462E
:10D2400020462946FEF722FB04460D4601F056FD16
:10D2500000220746002320462946FEF73FFF40B143
:10D260003846FEF75FFC22462B46FEF72DFF00B93D
:10D27000013F162F53D85A4B03EBC703D3E90023C2
:10D28000DDE90C01FEF72AFF00284AD0013F002308
:10D290001293149B9B1B5A1E45BFC3F101030993B4
:10D2A000002300230A9254BF09930A93002F3ADB0C
:10D2B0000A9B0F973B440A9300230B93209B092B57
:10D2C00067D8052BC4BF043B2093209BA3F1020326
:10D2D000CCBF00240124032B00F28680DFE803F09A
:10D2E0002B383657DDE914631E4406F23243202BF7
:10D2F000C1BFC3F140039F4006F2124324FA03F377
:10D30000D6BFC3F1200347EA030004FA03F0FEF797
:10D31000F9FB0122A1F1F873013E139275E7012395
:10D32000B6E71290B5E7099BDB1B09937B420B9391
:10D3300000230F93C2E700230E93219B002B56DCA2
:10D340000123069399461A4621920CE00123F3E744
:10D3500000230E93219BFB1803F1010906934B4612
:10D36000012BB8BF0123DBF81C000021042202F1CD
:10D3700014059D423FD94160584600F0E3FD0890F6
:10D3800000283BD1174B024640F2AF11CCE60123F7
:10D39000DFE70124002320930E944FF0FF33069320
:10D3A000994600221223CFE761436F63A787D23FDC
:10D3B000B3C8608B288AC63FFB799F501344D33F84
:10D3C00099762108B07621080000F07F9576210833
:10D3D0008C76210869762108687621080000F83FDC
:10D3E000A87721080977210801230E93D5E7219B0F
:10D3F00006939946B7E701315200B8E7DBF81C30D5
:10D40000089A1A60B9F10E0F6FD8002C6DD0002F5A
:10D4100036DDA14B07F00F0203EBC20393ED007B57
:10D42000F8058DED107B4FEA271417D59B4BDDE9EE
:10D430000C01D3E90823FEF709FDCDE9040104F04E
:10D440000F044FF00308954D5CB9DDE91023DDE9C9
:10D450000401FEF7FBFCCDE904012BE04FF00208CC
:10D46000F1E7E10709D5DDE91001D5E90023FEF771
:10D47000C3FBCDE9100108F1010864100835E3E7AA
:10D4800000F007817C42844B844D04F00F0203EBD3
:10D49000C203D3E90023DDE90C01FEF7ADFBCDE9C2
:10D4A0000401241100234FF00208002C40F0E58015
:10D4B000002BD0D1129BDDE90445002B00F04B81FD
:10D4C000774B002220462946FEF708FE002800F090
:10D4D0004281B9F1000F00F03E81069B002B00F362
:10D4E000E380DDE90C34CDE90434159B002B02DB2D
:10D4F0000E2F40F341820E9A002A40F066820B9C68
:10D50000DDF824800025B8F1000F0DD00A9B002B18
:10D510000ADD4345099AA8BF4346D21A09920A9ADE
:10D52000A8EB0308D31A0A930B9B0BB30E9B002B9B
:10D5300000F0A582002C00F0A08229462246584621
:10D5400000F0B8FE039A01460546584600F008FE72
:10D5500003990646584600F035FD0B9B1B1B0B93A9
:10D5600000F090820B9A3146584600F0A3FE0390DB
:10D570000121584600F0DEFD0F9B0446002B00F011
:10D5800083821A460146584600F094FE209B012BE8
:10D59000044603DC049B002B00F07B8200262369F9
:10D5A00004EB8303186900F075FD0F96C0F12000AD
:10D5B0000A9B184410F01F0000F09082C0F1200375
:10D5C000042B40F38082099BC0F11C0003440993A3
:10D5D0000A9B034480440A93099B002B05DD0399B1
:10D5E0001A46584600F0C0FE03900A9B002B05DD4A
:10D5F00021461A46584600F0B7FE0446129B002BFF
:10D6000000F075820398214600F01AFF002880F28E
:10D610006E82002303990A22584600F0F5FC0E9B07
:10D6200003907E1E002B00F05B82002329460A2215
:10D63000584600F0E9FC069B002B054603DC209BC6
:10D64000022B00F35D82B8F1000F05DD294642464A
:10D65000584600F089FE05460F9B002B00F0CF8254
:10D660006968584600F06EFC0746002840F07E824C
:10D670000C4B024640F2EF2156E5E20706D5D5E90C
:10D680000023FEF7B9FA08F10108012364100835F8
:10D690000BE74FF002080DE7A877210880772108F3
:10D6A0000000F03F097721082046AD4B00222946B3
:10D6B000FEF7A2FACDE90401069C7E1E08F10108DE
:10D6C0004046FEF72FFADDE90423FEF795FAA54B55
:10D6D0000022FEF7DBF8A1F15073CDE910011193A0
:10D6E000002C3BD1DDE904019F4B0022FEF7CCF872
:10D6F00002460B46CDE90423DDE91023FEF70CFDBD
:10D70000002840F05781DDE9102101F10043DDE9F7
:10D710000401FEF7E3FC00283FF4E3AE00242546B5
:10D72000219BDDF820A0DE434FF00008214658463B
:10D7300000F048FC002D00F0A980B8F1000F05D0E2
:10D74000A84503D04146584600F03CFC29465846BF
:10D7500000F038FC9AE03E464C46B1E7834B03EBC1
:10D76000C40353E90201089B1C440E9B002B4AD0C2
:10D7700002460B4600207E49FEF768FBDDE91023D8
:10D78000FEF782F8CDE91001DDF820A0DDE9040103
:10D7900001F0B4FA0546FEF7C5F902460B46DDE98D
:10D7A0000401FEF771F83035CDE9040102460B465D
:10D7B0000AF8015BDDE91001FEF7AEFC002865D137
:10D7C000DDE904236B490020FEF75EF802460B46B4
:10D7D000DDE91001FEF7A0FC002840F00D81A24514
:10D7E00000F0EA80DDE910015D4B0022FEF704FA4B
:10D7F0005B4BCDE910010022DDE90401FEF7FCF9E5
:10D80000CDE90401C2E7DDE91023FEF7F5F9CDE922
:10D810001001DDF820A0A046DDE9040101F06EFA58
:10D820000546FEF77FF902460B46DDE90401FEF7E7
:10D830002BF830350AF8015B02460B46A245CDE9CC
:10D8400004234FF0000223D1494BDDE91001FEF71C
:10D850001DF802460B46DDE90401FEF75DFC0028D9
:10D8600040F0CA80DDE9102341490020FEF70CF8A2
:10D8700002460B46DDE90401FEF730FC70B1C246FA
:10D8800008F1FF381AF8013C302BF8D0374655E044
:10D89000334BFEF7B1F9CDE90401BDE7DDE90C3406
:10D8A000CDE90434159B002BFFF629AE0E2F3FF770
:10D8B00026AE2E4B03EBC70393ED007B219B002B81
:10D8C0008DED067B02DAB9F1000F64D0DDE9044585
:10D8D000DDF820A0DDE9062320462946FEF7B6FA4A
:10D8E00001F00CFA0646FEF71DF9DDE90623FEF706
:10D8F00083F902460B462046294606F13004FDF71F
:10D90000C3FF0AF8014B089CAAEB0404A145024698
:10D910000B4640F08280FDF7B9FFDDE9062304469F
:10D920000D46FEF7F9FB002865D1DDE90623204608
:10D930002946FEF7C9FB08B1F3075CD403995846A2
:10D9400000F040FB00238AF80030229B01371F6063
:10D95000249B002B3FF41FACC3F800A01BE400BFC6
:10D960000000244000001C4000001440A87721085B
:10D970000000E03F0000F03FA24B03EBC70393ED34
:10D98000007B219B002B8DED067B9FDAB9F1000F08
:10D990009CDC7FF4C3AE9C4B0022DDE90601FEF760
:10D9A0002BF9DDE90423FEF7ADFB044600287FF4E4
:10D9B000B5AE3E462546B4E0DDE90C34CDE904348D
:10D9C000159B002B01DB0E2FD6DD209A012A36DCB9
:10D9D000139A82B303F233430B9CDDF82480099A37
:10D9E0001A4409920A9A01211A4458460A9200F0F0
:10D9F000A1FB054687E53E4653469A4613F8012D9E
:10DA0000392A06D1089A9A42F7D10899302201366C
:10DA10000A701A7801321A7038E77C4B0022FEF740
:10DA2000EBF80022002304460D46FEF74DFB0028CC
:10DA30003FF450AF82E7149BC3F13603CCE70B9B56
:10DA400009F1FF34A34208DBB9F1000FA3EB040492
:10DA50000EDBDDF824804B46C1E70B9B0F9A0B943D
:10DA6000E31A1A44DDF824800F924B460024B6E7EF
:10DA7000099BA3EB09080023B1E7039E72E50B9A0B
:10DA8000039971E5039673E5209B012B17DC049B3A
:10DA9000ABB9059BC3F313039BB9059B23F0004669
:10DAA000360D360536B1099B013309930A9B0133C4
:10DAB0000A9301260F9B002B7FF471AD0F96012076
:10DAC00076E50026F6E73FF487AD099A1C331A4441
:10DAD00009920A9A1A4498440A927DE50346F4E7AB
:10DAE000069B002B2BDC209B022B09DC27E0B9F1E5
:10DAF000000F1DDC209B022B1ADDCDF818903E464E
:10DB0000069B002B7FF40CAE21460522584600F000
:10DB10007BFA01460446039800F092FC00287FF748
:10DB2000FFADDDF820A031230AF8013B0136FBE50B
:10DB30000E9BCDF818903E46002B7FF484AD089FD5
:10DB400003982146FFF752FA00F1300907F8019BCC
:10DB5000089B069AFB1A9A4240F3CB800399002354
:10DB60000A22584600F050FA0390E9E72A69023287
:10DB7000920005F10C010C30FFF722FA0122394620
:10DB8000584600F0F1FB089B089A03F1010A069B36
:10DB900013440A93049B03F00103A8460B93054624
:10DBA0000AF1FF33214603980693FFF71FFA414617
:10DBB000099000F13009039800F042FC2A46214602
:10DBC0000746584600F058FCC268014602B3584662
:10DBD00000F0F8F9002F3ADA03990122584600F0D4
:10DBE000C3FB2146039000F02BFC002803DC29D165
:10DBF00019F0010F26D0B9F1390F1DD132E02846B6
:10DC0000C1E700BFA87721080000144000002440AD
:10DC10000E90039800F014FC0E990C90584600F0FA
:10DC2000D1F90C9A5ABB209B53B90B9B43B9B9F15C
:10DC3000390F17D0002F05DD099B03F1310901E0F1
:10DC4000002F2ADADDF818A00AF8019B6EE5209B68
:10DC50003B4304D1049B03F00103002BBCD0B9F17A
:10DC6000390F36D1069F392307F8013BBA46013FE9
:10DC70001AF8013C392B5BD001333B7056E5002F7D
:10DC800006DB209B3B4306D1049B03F0010313B941
:10DC9000002AA1DCD6E7002AE1DC0A9B0AF8019CF5
:10DCA000534557462FD0039900230A22584600F0C7
:10DCB000ABF9A84503904FF000034FF00A0241462C
:10DCC00058460BD100F0A0F9804605460AF1010A3A
:10DCD00066E7DDF818A009F10109B5E700F094F94D
:10DCE0002946804600230A22584600F08DF9054651
:10DCF000ECE7069B002BC8BF1F46089BD8BF012737
:10DD00001F444FF0000803990122584600F02CFBF5
:10DD10002146039000F094FB0028A7DC02D119F003
:10DD2000010FA3D1BA4617F8013D302BFAD0FDE41C
:10DD3000089BBB429AD1089A312301361370F5E44F
:10DD4000249B002B7FF422AA014BFFF741BA00BFAE
:10DD50008C76210838B50546002941D051F8043C9D
:10DD60000C1F002BB8BFE41800F0E0F81D4A136840
:10DD700033B9636014602846BDE8384000F0DCB871
:10DD8000A34208D9206821188B4201BF19685B683B
:10DD900009182160EDE71A465B680BB1A342FAD976
:10DDA00011685018A0420BD12068014450188342DA
:10DDB0001160E0D118685B68536008441060DAE7CE
:10DDC00002D90C232B60D6E7206821188B4204BFB0
:10DDD00019685B68636004BF091821605460CAE772
:10DDE00038BD00BF00660200024B0146186800F013
:10DDF00025B800BF5803000070B50F4E0C463168BF
:10DE0000054611B900F096FE30602146284600F024
:10DE100091FE431C03D14FF0FF34204670BDC41C5B
:10DE200024F00304A042F8D0211A284600F082FE14
:10DE30000130F2D1EFE700BFFC6502002DE9F041AF
:10DE4000CD1C25F0030508350C2D38BF0C25002D01
:10DE5000064601DBA94204D90C2333600020BDE84B
:10DE6000F081314F00F062F83B681C4644BB294604
:10DE70003046FFF7C1FF431C044650D13C682146A1
:10DE8000002941D1002C44D02368304604EB03081C
:10DE900000F050FE80453CD121686D1A294630467D
:10DEA000FFF7AAFF013034D023682B4423603B687E
:10DEB000002B36D05A68A24229D100225A600EE0C7
:10DEC0002268521B1DD40B2A16D96119A342256062
:10DED00018BF5960636808BF396062514B603046B3
:10DEE00000F02AF804F10B00231D20F00700C21AED
:10DEF000B5D01B1AA350B2E7A3426268DED13A60E4
:10DF0000EDE723466468B1E70C464968B8E7134675
:10DF1000CEE70C233360304600F00EF89EE7056034
:10DF2000DDE75B60FFDE00BF006602000148FEF730
:10DF3000F2BF00BFF86502000148FEF7EDBF00BF69
:10DF4000F865020070B5C66904460D4676B9102022
:10DF5000FFF74AFF0246E06120B9184B18486B21D1
:10DF600000F0F8FDC0E901660660C660E669F36886
:10DF700083B1E369DB6853F82500B8B9012101FAE0
:10DF800005F6721D9200204600F002FE60B1C0E965
:10DF900001560EE021220421204600F0F9FDE3693C
:10DFA000F060DB68002BE4D1002070BD026843F80C
:10DFB00025200023C0E90333F7E700BF9976210845
:10DFC0001A77210870B5C66905460C4676B9102047
:10DFD000FFF70AFF0246E86120B9094B09488F2183
:10DFE00000F0B8FDC0E901660660C6603CB1EB69AF
:10DFF0006268DB6853F82210216043F8224070BD4C
:10E00000997621081A7721082DE9F0410D69074614
:10E010000C461E4601F1140C0020DCF8003099B2C9
:10E0200002FB01611E0C0B0C02FB063389B20130AE
:10E0300001EB034185424CF8041B4FEA1346ECDC2C
:10E040000EB3A368AB4219DC616838460131FFF7B3
:10E0500079FF804628B902460C4B0D48BA2100F0E2
:10E0600079FD2269023204F10C0192000C30FEF7B6
:10E07000A7FF21463846FFF7A5FF444604EB85037A
:10E0800001355E6125612046BDE8F08109772108F0
:10E090001A772108B0F5803F034636BF03040020FD
:10E0A0001020B3F1807F3CBF1B020830B3F1805FCA
:10E0B0003CBF1B010430B3F1804F03D3002B0ADBBC
:10E0C000013070479B0001D5023070475B0001D5DD
:10E0D00003307047202070470368024613F00700A2
:10E0E0000BD0D90721D4980749BF5B089B080120B2
:10E0F00013605CBF13600220704799B209B91B0C12
:10E100001020D9B209B908301B0A190704BF1B092E
:10E110000430990704BF9B080230D90703D45B0879
:10E1200000F1010003D013607047002070472020E9
:10E130007047000010B50C460121FFF703FF0246AF
:10E1400028B9054B054840F2451100F003FD0123B5
:10E150004461036110BD00BF097721081A772108C7
:10E160002DE9F04F14460A6923699A42A8BF234655
:10E170000F46A4BF0C461F46D4F810A0D7F8109045
:10E18000A36861680AEB0906B34285B0B8BF0131E4
:10E19000FFF7D8FE30B90246444B45484FF4B17101
:10E1A00000F0D8FC00F1140505EB86082B46002290
:10E1B000434521D307F1140104F1140202EB8A0252
:10E1C00001EB89030293131B153B23F00303043374
:10E1D00004F11507BA4238BF04230193029B03914F
:10E1E0008B420CD8002E03DD58F8043D002B5BD089
:10E1F000066105B0BDE8F08F43F8042BD8E7B1F80D
:10E2000000A0BAF1000F24D004F1140EA9464FF07B
:10E21000000C5EF8047BD9F800301FFA87FB9BB234
:10E220000AFB0B334FEA174BD9F8007063444FEAEF
:10E23000174C0AFB0BC707EB13479BB243EA074394
:10E24000724549F8043B4FEA174CE2D8019B45F868
:10E2500003C0039BB3F802900431B9F1000F21D041
:10E260002B6804F1140CAE464FF0000ABCF800B065
:10E27000BEF8027009FB0B7757449BB243EA074391
:10E280004EF8043B5CF8043B4FEA134ABEF80030FA
:10E2900009FB0A3303EB174362454FEA134AE5D8FB
:10E2A000019FEB51043599E7013E9BE7097721086F
:10E2B0001A7721082DE9F843154612F003020746A4
:10E2C0000E4607D0254C013A002354F82220FFF7D0
:10E2D0009BFE0646AD103DD0FC697CB91020FFF7CF
:10E2E00083FD0246F86128B91D4B1E4840F2B31168
:10E2F00000F030FCC0E901440460C460D7F81C8021
:10E30000D8F808404CB940F271213846FFF712FFA7
:10E310000023C8F80800044603604FF00009EB072B
:10E320000AD5314622463846FFF71AFF3146804665
:10E330003846FFF747FE46466D100BD0206838B9C7
:10E34000224621463846FFF70BFF2060C0F80090B8
:10E350000446E4E73046BDE8F88300BF747721083F
:10E36000997621081A7721082DE9F0470C4649686B
:10E37000236903EB6218A368074691464FEA621AC5
:10E3800008F10106B3420BDB3846FFF7DBFD05461B
:10E3900048B90246284B29484FF4EF7100F0DAFBE8
:10E3A00001315B00EEE7002300F1140100F11002DF
:10E3B0001846534533DB20692AEAEA7A04F114034C
:10E3C00019F01F0901EB8A0103EB800C2BD0C9F176
:10E3D000200E8A460022186800FA09F010434AF815
:10E3E000040B53F8042B9C4522FA0EF2F3D8ACEB45
:10E3F0000403153B23F00303043304F115008445A3
:10E4000038BF0423CA500AB108F10206013E38465B
:10E410002E612146FFF7D6FD2846BDE8F08742F879
:10E42000040F0133C5E7043953F8042B41F8042FD6
:10E430009C45F9D8EAE700BF097721081A77210837
:10E440000A6903460069801A30B50ED114331431BD
:10E4500003EB820401EB820154F8045D51F8042DB2
:10E46000954203D005D24FF0FF3030BDA342F3D325
:10E47000FBE70120F9E700002DE9F74F8946064642
:10E48000114648461446FFF7DBFF051E12D1294608
:10E490003046FFF757FD024628B93F4B40F237217F
:10E4A0003E4800F057FB0123C0E90435104603B095
:10E4B000BDE8F08FBCBF4B46A1463046D9F80410EA
:10E4C000BABF1C4601250025FFF73CFD024618B9DE
:10E4D000314B40F24521E3E7D9F810702669C56059
:10E4E00009F1100309F1140504F1140E00F1140BE5
:10E4F00005EB87080EEB86060193D9464FF0000C1A
:10E50000019B5EF8040B53F804AF01931FFA8AF3E2
:10E51000194683B2CB1A000C6344C0EB1A4000EBDF
:10E5200023409BB243EA0043764549F8043B4FEA57
:10E53000204CE5D8331B153B23F00303153404337B
:10E54000A64238BF04231D445B441E462C46444566
:10E550000ED308F10301491B21F00301033DA84537
:10E5600038BF00210B4453F8041D91B117619DE79A
:10E5700054F8041BE646080C1CFA81FC714400EBBD
:10E580002C4089B241EA004146F8041B4FEA204C76
:10E59000DDE7013FE7E700BF097721081A77210887
:10E5A0002DE973430121089E90469946FFF7CAFC66
:10E5B000044630B90246244B244840F20F3100F0A3
:10E5C000C9FAC9F30A55C9F313030DB143F4801313
:10E5D0000193B8F1000324D068460093FFF77CFD57
:10E5E000DDE90012D8B1C0F1200302FA03F30B43B6
:10E5F000C24063610192019BA361002B0CBF012209
:10E6000002222261ADB1A5F2334505443560C0F167
:10E610003500099B1860204602B0BDE87083616137
:10E62000E9E701A8FFF758FD019B63612030012253
:10E63000E7E704EB8203A0F2324030601869FFF78D
:10E6400029FDC0EB4210E4E7097721081A77210879
:10E650009368013B002B10B4936008DA9469A342DD
:10E6600001DB0A2903D15DF8044BFEF766BB136892
:10E67000581C1060197008465DF8044B7047F8B5D7
:10E6800006460F461446D518AC4201D1002007E0DB
:10E6900014F8011B3A463046FFF7DAFF431CF3D16A
:10E6A000F8BD00002DE9F04F0D469DB01446984688
:10E6B000064618B1036A0BB9FEF756FA6B6ED90716
:10E6C00005D4AB899A0502D4A86DFEF724FCAB896A
:10E6D0001B0701D52B699BB929463046FEF76CFB19
:10E6E00070B16B6EDC0704D54FF0FF301DB0BDE894
:10E6F000F08FAB899805F7D4A86DFEF70DFCF3E712
:10E700000023099320238DF82930CDF80C80302385
:10E71000DFF8AC818DF82A304FF0010923469A4684
:10E7200013F8012B0AB1252AF9D1BAEB040B0BD04F
:10E730005B46224629463046FFF7A1FF013000F034
:10E74000A780099A5A4409929AF80030002B00F0E9
:10E750009F8000234FF0FF32CDE905230AF1010A23
:10E76000049307938DF853301A935446052214F8F6
:10E77000011B5348FEF7D4FB049AD8B9D10644BF15
:10E7800020238DF85330130744BF2B238DF85330CB
:10E790009AF800302A2B15D0079A544600204FF0E3
:10E7A0000A0C214611F8013B303B092B4BD9B0B183
:10E7B000079214E0A0EB080309FA03F31343049350
:10E7C000A246D2E7039B191D1B680391002BBBBF18
:10E7D0005B4242F0020207930793B8BF049223788A
:10E7E0002E2B0AD163782A2B32D1039B1A1D1B686A
:10E7F000039243EAE37302340593DFF8D4A021784F
:10E8000003225046FEF78CFB38B1049BA0EB0A00B4
:10E810004022824013430134049314F8011B294819
:10E820008DF828100622FEF77BFB00283FD0264BF0
:10E830001BBB039B073323F0070308330393099B98
:10E840003B4409936AE70CFB02320C460120A8E71F
:10E8500000230134059319464FF00A0C204610F8A6
:10E86000012B303A092A03D9002BC6D00591C4E701
:10E870000CFB012104460123F0E703AB00932A4679
:10E88000124B04A93046FDF713FD0746781CD6D17C
:10E890006B6ED90705D4AB899A0502D4A86DFEF733
:10E8A0003BFBAB895B063FF51FAF09981EE703AB47
:10E8B00000932A46054B04A93046FDF79DFFE4E787
:10E8C000707821087A782108B1D220087FF62008D4
:10E8D00076782108B1F90C202DE9F041170705469B
:10E8E0000C4656D44B68002B02DC0B6C002B3DDD34
:10E8F000E66A002E3AD0002312F480522F68216A73
:10E900002B6025D0626DA389580705D56368D21A9C
:10E91000636B0BB1236CD21A216AE66A0023284686
:10E92000B047411C24D00023636023692360A3897E
:10E93000DA0400D56065616B2F60B9B104F144035E
:10E94000994202D02846FFF705FA002363630DE0E1
:10E9500001232846B047461C0246D4D12B68002B21
:10E96000D1D01D2B01D0162B2BD12F6000202FE0F2
:10E970002A68B4F90C3042B11D2A01D0162A22D1DE
:10E980000023636023692360D5E762602269226007
:10E99000CEE70F69002FE9D093070E6808BF4B69D7
:10E9A0000F6018BF0023A6EB07088B60B8F1000FBB
:10E9B000DCDD216AA66A43463A462846B04700286D
:10E9C00008DCB4F90C3043F04003A3814FF0FF3072
:10E9D000BDE8F0810744A8EB0008E7E738B50B690C
:10E9E00005460C4613B90025284638BD18B1036A00
:10E9F0000BB9FEF7B9F8B4F90C30002BF3D0626E06
:10EA0000D00704D4990502D4A06DFEF784FA2846F5
:10EA10002146FFF75FFF636EDA070546E4D4A3895A
:10EA20009B05E1D4A06DFEF777FADDE770B50C46E3
:10EA3000B1F90E10002996B015461E460DDAA389CD
:10EA400013F0800F4FF0000114BF40234FF4806398
:10EA5000002031602B6016B070BD6A4600F048F8A7
:10EA60000028ECDB019901F47041A1F500535942F3
:10EA700059414FF48063EBE78B89F7B59D07064654
:10EA80000C4607D504F1470323602361012363612A
:10EA900003B0F0BD01AB6A46FFF7C8FF009F054613
:10EAA00039463046FFF7CAF948B9B4F90C309A052F
:10EAB000EED423F0030343F00203A381E2E7A3892A
:10EAC000206043F08003A381019BC4E904075BB18C
:10EAD000B4F90E10304600F01DF828B1A38923F0D8
:10EAE000030343F00103A381A3891D43A581CFE75D
:10EAF00038B5074D00230446084611462B60F4F74D
:10EB00007CFD431C02D12B6803B1236038BD00BFDC
:10EB1000F465020038B5064D0023044608462B6014
:10EB2000F4F770FD431C02D12B6803B1236038BD9C
:10EB3000F465020038B5064D0023044608462B60F4
:10EB400000F0B8F8431C02D12B6803B1236038BD34
:10EB5000F46502001FB514461A46094B1B680546AA
:10EB6000D86854B9074B1C46CDE9013400912B46B7
:10EB7000054900F041F800F051F8044BF4E700BFFC
:10EB8000580300005A002108987821088B78210842
:10EB900070B5A1FB02543CB92946FFF74FF9064670
:10EBA00028B90026304670BD0C220260F9E72A46DB
:10EBB0002146FEF757F9F5E782B001B901A942B144
:10EBC0004BB113780B601278101E18BF012002B0F1
:10EBD00070471046FBE76FF00100F8E70346084670
:10EBE00041B1FF2A04D98A221A604FF0FF307047E2
:10EBF0000A700120704700000EB403B5014603AB54
:10EC0000054853F8042B00680193FFF74BFD02B051
:10EC10005DF804EB03B070475803000008B5062008
:10EC200000F02CF80120F4F7BDFC1F2938B505468B
:10EC30000C4604D9162303604FF0FF3038BDC26B79
:10EC400012B152F821304BB9284600F031F8224673
:10EC500001462846BDE8384000F018B8012B0AD01C
:10EC6000591C03D1162303600120E7E7002142F875
:10EC70002410204698470020E0E70000024B0146A0
:10EC80001868FFF7D2BF00BF5803000038B5074D22
:10EC900000230446084611462B60F4F77BFC431C16
:10ECA00002D12B6803B1236038BD00BFF4650200B8
:10ECB000F4F76EBC044A05491368002B08BF0B46E5
:10ECC0001844106018467047046602000896020057
:10ECD0004FEA410C7FEA6C5C02D150EA013C0AD158
:10ECE0004FEA430C7FEA6C5C02D152EA033C02D14A
:10ECF0004FF0000070474FF0010070474FEA4102AB
:10ED000012F5001215D211D56FF47873B3EB62527D
:10ED100012D94FEAC12343F0004343EA505311F0A4
:10ED2000004F23FA02F018BF404270474FF0000036
:10ED3000704750EA013005D111F0004008BF6FF074
:10ED4000004070474FF00000704700BFF8B500BFAB
:10ED5000F8BC08BC9E467047F8B500BFF8BC08BCBC
:10ED60009E467047000000005FF800F0590A00005E
:10ED70005FF800F0A90B00005FF800F0110B000035
:10ED80005FF800F0610C00005FF800F07510000003
:10ED90005FF800F0391200005FF800F091110000F8
:10EDA0005FF800F0B50F00005FF800F06D0C000098
:10EDB0005FF800F0FB0900005FF800F0711200003E
:10EDC0005FF800F0A91100005FF800F09113000057
:10EDD0005FF800F0411000005FF800F067090000E4
:10EDE0005FF800F0890C00005FF800F0FD120000F1
:10EDF0005FF800F0510C00005FF800F0C91000004F
:10EE00005FF800F0451200005FF800F0690F0000A5
:10EE10005FF800F07D0C00005FF800F05112000078
:10EE20005FF800F00D0E00005FF800F035140000F0
:10EE300048656C6C6F20576F726C64210D006275B1
:10EE400074746F6E0065696E6B006C656400000021
:10EE50003EFE20080000000000000000000000004E
:10EE60000000000000040000080000000000000096
:10EE70000000000045FE2008000000000000000027
:10EE80000000000000000000000400000800000076
:10EE900000000000000000004AFE20080000000002
:10EEA000000000000000000000000000000400005E
:10EEB0000800000000000000000000005A002108C7
:10EEC0000000000000000000000000000000000042
:10EED00000100000370000000000000000000000EB
:10EEE00049444C4500546D725100546D7220537664
:10EEF0006300000025492008454920083D4A2008B4
:10EF00002D4A2008214A2008F5492008C94920082F
:10EF10009D49200891492008554920084949200861
:10EF2000000003452E00000000000000000000006B
:10EF3000B8E001009CE0010068FF200864FF2008A1
:10EF4000000000000000000060FF20085CFF2008B7
:10EF500004000000C4E001000000000000380414B8
:10EF600000390415001C04000034041000020002E3
:10EF7000294B2008494B2008DD4C2008C14C2008B3
:10EF8000A94C2008614C2008194C2008C54B2008CA
:10EF9000B94B2008AD4B2008794B20086D4B200859
:10EFA000614B2008554B2008004A03000041030034
:10EFB0000046030000470300000A0605000B060692
:10EFC0000006060100070602002F020B0030020CAB
:10EFD0000009020400060201001D0200001E0200DA
:10EFE0000008020302020A02161718191A1B1C1D38
:10EFF0001E1F20210000000000000102030405067E
:10F0000007000008000000000000000000191A1BA3
:10F010001C1D1E0909090900000000000000000075
:10F0200000000A0B0C0D0E0F101112131415000026
:10F0300000000000161718191A1B1C1D1E1F202186
:10F04000212828262401210F070401007069635F2D
:10F05000696E6465783A25640D0A00443A5C536928
:10F060006C69636F6E4C6162735C53696D706C693F
:10F070006369747953747564696F5C76355F776F13
:10F08000726B73706163655C73693931785F686551
:10F090006C6C6F5F776F726C645C77697365636FBC
:10F0A0006E6E656374335F73646B5F332E352E321F
:10F0B0005C636F6D706F6E656E74735C64657669AA
:10F0C00063655C73696C6162735C73693931785C28
:10F0D0006D63755C647269766572735C756E696682
:10F0E0006965645F7065726970686572616C5F64A0
:10F0F0007269766572735C696E632F736C5F736996
:10F100003931785F7065726970686572616C5F67CC
:10F1100070696F2E68000000430300004003000088
:10F12000460300003D030000FFFFFFFFFFFFFFFF5E
:10F13000FFFFFFFFFFFFFFFFFFFFFFFFFFFFFFFFDF
:10F14000FFFFFFFFFFFFFFFFFFFFFFFFFFFFFFFFCF
:10F15000FFFFFFFFFFFFFFFFFFFFFFFFFFFFFFFFBF
:10F16000FFFFFFFFFFFFFFFFFFFFFFFFFFFFFFFFAF
:10F17000FFFFFFFFFFFFFFFFFFFFFFFFFFFFFFFF9F
:10F18000FFFFFFFFFFFFFFFFFFFFFFFFFFFFFFFF8F
:10F19000FFFFFFFFFFFFFFFFFFFFFFFFFFFFFFFF7F
:10F1A000FFFFFFFFFFFFFFFFFFFFFFFFFFFFFFFF6F
:10F1B000FFFFFFFFFFFFFFFFFFFFFFFFFFFFFFFF5F
:10F1C000FFFFFFFFFFFFFFFFFFFFFFFFFFFFFFFF4F
:10F1D000FFFFFFFFFFFFFFFFFFFFFFFFFFFFFFFF3F
:10F1E000FFFFFFFFFFFFFFFFFFFFFFFFFFFFFFFF2F
:10F1F000FFFFFFFFFFFFFFFFFFFFFFFFFFFFFFFF1F
:10F20000FFFFFFFFFFFFFFFFFFFFFFFFFFFFFFFF0E
:10F21000FFFFFFFFFFFFFFFFFFFFFFFFFFFFFFFFFE
:10F22000FFFFFFFFFFFFFFFFFFFFFFFFFFFFFFFFEE
:10F23000FFFFFFFFFFFFFFFFFFFFFFFFFFFFFFFFDE
:10F24000FFFFFFFFFFFFFFFFFFFFFFFFFFFFFFFFCE
:10F25000FFFFFFFFFFFFFFFFFFFFFFFFFFFFFFFFBE
:10F26000FFFFFFFFFFFFFFFFFFFFFFFFFFFFFFFFAE
:10F27000FFFFFFFFFFFFFFFFFFFFFFFFFFFFFFFF9E
:10F28000FFFFFFFFFFFFFFFFFFFFFFFFFFFFFFFF8E
:10F29000FFFFFFFFFFFFFFFFFFFFFFFFFFFFFFFF7E
:10F2A000FFFFFFFFFFFFFFFFFFFFFFFFFFFFFFFF6E
:10F2B000FFFFFFFFFFFFFFFFFFFFFFFFFFFFFFFF5E
:10F2C000FFFFFFFFFFFFFFFFFFFFFFFFFFFFFFFF4E
:10F2D000FFFFFFFFFFFFFFFFFFFFFFFFFFFFFFFF3E
:10F2E000FFFFFFFFFFFFFFFFFFFFFFFFFFFFFFFF2E
:10F2F000FFFFFFFFFFFFFFFFFFFFFFFFFFFFFFFF1E
:10F30000FFFFFFFFFFFFFFFFFFFFFFFFFFFFFFFF0D
:10F31000FFFFFFFFFFFFFFFFFFFFFFFFFFFFFFFFFD
:10F32000FFFFFFFFFFFFFFFFFFFFFFFFFFFFFFFFED
:10F33000FFFFFFFFFFFFFFFFFFFFFFFFFFFFFFFFDD
:10F34000FFFFFFFFFFFFFFFFFFFFFFFFFFFFFFFFCD
:10F35000FFFFFFFFFFFFFFFFFFFFFFFFFFFFFFFFBD
:10F36000FFFFFFFFFFFFFFFFFFFFFFFFFFFFFFFFAD
:10F37000FFFFFFFFFFFFFFFFFFFFFFFFFFFFFFFF9D
:10F38000FFFFFFFFFFFFFFFFFFFFFFFFFFFFFFFF8D
:10F39000FFFFFFFFFFFFFFFFFFFFFFFFFFFFFFFF7D
:10F3A000FFFFFFFFFFFFFFFFFFFFFFFFFFFFFFFF6D
:10F3B000FFFFFFFFFFFFFFFFFFFFFFFFFFFFFFFF5D
:10F3C000FFFFFFFFFFFFFFFFFFFFFFFFFFFFFFFF4D
:10F3D000FFFFFFFFFFFFFFFFFFFFFFFFFFFFFFFF3D
:10F3E000FFFFFFFFFFFFFFFFFFFFFFFFFFFFFFFF2D
:10F3F000FFFFFFFFFFFFFFFFFFFFFFFFFFFFFFFF1D
:10F40000FFFFFFFFFFFFFFFFFFFFFFFFFFFFFFFF0C
:10F41000FFFFFFFFFFFFFFFFFFFFFFFFFFFFFFFFFC
:10F42000FFFFFFFFFFFFFFFFFFFFFFFFFFFFFFFFEC
:10F43000FFFFFFFFFFFFFFFFFFFFFFFFFFFFFFFFDC
:10F44000FFFFFFFFFFFFFFFFFFFFFFFFFFFFFFFFCC
:10F45000FFFFFFFFFFFFFFFFFFFFFFFFFFFFFFFFBC
:10F46000FFFFFFFFFFFFFFFFFFFFFFFFFFFFFFFFAC
:10F47000FFFFFFFFFFFFFFFFFFFFFFFFFFFFFFFF9C
:10F48000FFFFFFFFFFFFFFFFFFFFFFFFFFFFFFFF8C
:10F49000FFFFFFFFFFFFFFFFFFFFFFFFFFFFFFFF7C
:10F4A000FFFFFFFFFFFFFFFFFFFFFFFFFFFFFFFF6C
:10F4B000FFFFFFFFFFFFFFFFFFFFFFFFFFFFFFFF5C
:10F4C000FFFFFFFFFFFFFFFFFFFFFFFFFFFFFFFF4C
:10F4D000FFFFFFFFFFFFFFFFFFFFFFFFFFFFFFFF3C
:10F4E000FFFFFFFFFFFFFFFFFFFFFFFFFFFFFFFF2C
:10F4F000FFFFFFFFFFFFFFFFFFFFFFFFFFFFFFFF1C
:10F50000FFFFFFFFFFFFFFFFFFFFFFFFFFFFFFFF0B
:10F51000FFFFFFFFFFFFFFFFFFFFFFFFFFFFFFFFFB
:10F52000FFFFFFFFFFFFFFFFFFFFFFFFFFFFFFFFEB
:10F53000FFFFFFFFFFFFFFFFFFFFFFFFFFFFFFFFDB
:10F54000FFFFFFFFFFFFFFFFFFFFFFFFFFFFFFFFCB
:10F55000FFFFFFFFFFFFFFFFFFFFFFFFFFFFFFFFBB
:10F56000FFFFFFFFFFFFFFFFFFFFFFFFFFFFFFFFAB
:10F57000FFFFFFFFFFFFFFFFFFFFFFFFFFFFFFFF9B
:10F58000FFFFFFFFFFFFFFFFFFFFFFFFFFFFFFFF8B
:10F59000FFFFFFFFFFFFFFFFFFFFFFFFFFFFFFFF7B
:10F5A000FFFFFFFFFFFFFFFFFFFFFFFFFFFFFFFF6B
:10F5B000FFFFFFFFFFFFFFFFFFFFFFFFFFFFFFFF5B
:10F5C000FFFFFFFFFFFFFFFFFFFFFFFFFFFFFFFF4B
:10F5D000FFFFFFFFFFFFFFFFFFFFFFFFFFFFFFFF3B
:10F5E000FFFFFFFFFFFFFFFFFFFFFFFFFFFFFFFF2B
:10F5F000FFFFFFFFFFFFFFFFFFFFFFFFFFFFFFFF1B
:10F60000FFFFFFFFFFFFFFFFFFFFFFFFFFFFFFFF0A
:10F61000FFFFFFFFFFFFFFFFFFFFFFFFFFFFFFFFFA
:10F62000FFFFFFFFFFFFFFFFFFFFFFFFFFFFFFFFEA
:10F63000FFFFFFFFFFFFFFFFFFFFFFFFFFFFFFFFDA
:10F64000FFFFFFFFFFFFFFFFFFFFFFFFFFFFFFFFCA
:10F65000FFFFFFFFFFFFFFFFFFFFFFFFFFFFFFFFBA
:10F66000FFFFFFFFFFFFFFFFFFFFFFFFFFFFFFFFAA
:10F67000FFFFFFFFFFFFFFFFFFFFFFFFFFFFFFFF9A
:10F68000FFFFFFFFFFFFFFFFFFFFFFFFFFFFFFFF8A
:10F69000FFFFFFFFFFFFFFFFFFFFFFFFFFFFFFFF7A
:10F6A000FFFFFFFFFFFFFFFFFFFFFFFFFFFFFFFF6A
:10F6B000FFFFFFFFFFFFFFFFFFFFFFFFFFFFFFFF5A
:10F6C000FFFFFFFFFFFFFFFFFFFFFFFFFFFFFFFF4A
:10F6D000FFFFFFFFFFFFFFFFFFFFFFFFFFFFFFFF3A
:10F6E000FFFFFFFFFFFFFFFFFFFFFFFFFFFFFFFF2A
:10F6F000FFFFFFFFFFFFFFFFFFFFFFFFFFFFFFFF1A
:10F70000FFFFFFFFFFFFFFFFFFFFFFFFFFFFFFFF09
:10F71000FFFFFFFFFFFFFFFFFFFFFFFFFFFFFFFFF9
:10F72000FFFFFFFFFFFFFFFFFFFFFFFFFFFFFFFFE9
:10F73000FFFFFFFFFFFFFFFFFFFFFFFFFFFFFFFFD9
:10F74000FFFFFFFFFFFFFFFFFFFFFFFFFFFFFFFFC9
:10F75000FFFFFFFFFFFFFFFFFFFFFFFFFFFFFFFFB9
:10F76000FFFFFFFFFFFFFFFFFFFFFFFFFFFFFFFFA9
:10F77000FFFFFFFFFFFFFFFFFFFFFFFFFFFFFFFF99
:10F78000FFFFFFFFFFFFFFFFFFFFFFFFFFFFFFFF89
:10F79000FFFFFFFFFFFFFFFFFFFFFFFFFFFFFFFF79
:10F7A000FFFFFFFFFFFFFFFFFFFFFFFFFFFFFFFF69
:10F7B000FFFFFFFFFFFFFFFFFFFFFFFFFFFFFFFF59
:10F7C000FFFFFFFFFFFFFFFFFFFFFFFFFFFFFFFF49
:10F7D000FFFFF000003FFFFFFFFFFFFFFFFFFFFF06
:10F7E000FFFFFFFFFFFFFFFFFFFFFFFFFFFFFFFF29
:10F7F000FFFFFFFFFFFFFFFFFFFFFFFFFFFFFFFF19
:10F80000FFFFFFFFFFFFFFFFFFFFFFFFFFFFFFFF08
:10F81000FFFFFFFFFFFFFFFFFFFFFFFFFFFFFFFFF8
:10F82000FFFFFFFFFFFFFFFFFFFFFFFFFFFFFFFFE8
:10F83000FFFFFFFFFFFFF1A699CFFFFFFFFFFFFFD5
:10F84000FFFFFFFFFFFFFFFFFFFFFFFFFFFFFFFFC8
:10F85000FFFFFFFFFFFFFFFFFFFFFFFFFFFFFFFFB8
:10F86000FFFFFFFFFFFFFFFFFFFFFFFFFFFFFFFFA8
:10F87000FFFFFF3C3CFFFFFFFFFFFFFFFFFFFFFF1E
:10F88000FFFFFFFFFFFFFFFFFFFFFFFFFFFFFFFF88
:10F89000FFFFFFFFFFFFFFFFFFFFC955554FFFFFB2
:10F8A000FFFFFFFFFFFFFFFFFFFFFFFFFFFFFFFF68
:10F8B000FFFFFFFFFFFFFFFFFFFFFFFFFFFFFFFF58
:10F8C000FFFFFFFFFFFFFFFFFFFFFFFFFFFFFFFF48
:10F8D000FFFFFFFFFF000000000000FFFFFFFFFF32
:10F8E000FFFFFFFFFFFFFFFFFFFFFFFFFFFFFFFF28
:10F8F000FFFFFFFFFFFFFFFFFFFFFFFFFFFFC555FC
:10F900005573FFFFFFFFFFFFFFFFFFFFFFFFFFFF3D
:10F91000FFFFFFFFFFFFFFFFFFFFFFFFFFFFFFFFF7
:10F92000FFFFFFFFFFFFFFFFFFC3FFFFFFFFFFFF23
:10F93000FFFFFFFFFFFFFFFF0000000000000000CF
:10F94000FFFFFFFFFFFFFFFFFFFFFFFFFFFFFFFFC7
:10F95000FFFFFFFFFFFFFFFFFFFFFFFFFFFFFFFFB7
:10F96000FFFFC155554FFFFFFFFFFFFFFFFFFFFFE9
:10F97000FFFFFFFFFFFFFFFFFFFFFFFFFFFFFFFF97
:10F98000FFFFFFFFFFFFFFFFFFFFFFFFFFC3FFFFC3
:10F99000FFFFFFFFFFFFFFFFFFFFFF000000000072
:10F9A000000000000FFFFFFFFFFFFFFFFFFFFFFF53
:10F9B000FFFFFFFFFFFFFFFFFFFFFFFFFFFFFFFF57
:10F9C000FFFFFFFFFFFFF00955CFFFFFFFFFFFFF26
:10F9D000FFFFFFFFFFFFFFFFFFFFFFFFFFFFFFFF37
:10F9E000FFFFFFFFFFFFFFFFFFFFFFFFFFFFFFFF27
:10F9F000FC00FFFFFFFFFFFFFFFFFFFFFFFFF00027
:10FA0000000FA9965965AC0003FFFFFFFFFFFFFF42
:10FA1000FFFFFFFFFFFFFFFFCFFFFFFFFFFFC00064
:10FA20000FFFFFFFFFFFFFFFFFFFFF25543FFFFF1B
:10FA3000FFFFFFFFFFFFFFFFFFFFFFFFFFFFFFFFD6
:10FA4000FFFFFFFFFFFFFFFFFFFFFFFFFFFFFFFFC6
:10FA5000FFFFFFFFFC003FFFFFFFFFFFFFFFFFFF78
:10FA6000FFFF00002A659AAAA9AA5968003FFFFF74
:10FA7000FFFFFFFFFFFFFFFFFFFFFFFF03FFFFFF92
:10FA8000FFFC000000FFFFFFFFFFFFFFFFFFFCD5B3
:10FA900060FFFFFFFFFFFFFFFFFFFFFFFFFFFFFF15
:10FAA000FFFFFFFFFFFFFFFFFFFFFFFFFFFFFFFF66
:10FAB000FFFFFFFFFFFFFFFFC0143FFFFFFFFFFF40
:10FAC000FFFFFFFFFFF0000A69A9A5659696A696BD
:10FAD000803FFFFFFFFFFFFFFFFFFFFFFFFFFFFC78
:10FAE00000FFFFFFFFC00000000FFFFFFFFFFFFF51
:10FAF000FFFFF055703FFFFFFFFFFFFFFFFFFFFF1E
:10FB0000FFFFFFFFFFFFFFFFFFFFFFFFFFFFFFFF05
:10FB1000FFFFFFFFFFFFFFFFFFFFFFFF00570FFF8C
:10FB2000FFFFFFFFFFFFFFFFFFC0029A669A6AA672
:10FB3000AA69A6A9A00FFFFFFFFFFFFFFFFFFFFFBE
:10FB4000FFFFFFFF00FFFFFFFFC002AC0003FFFF4E
:10FB5000FFFFFFFFFFFFF155558FFFFFFFFFFFFF87
:10FB6000FFFFFFFFFFFFFFFFFFFFFFFFFFFFFFFFA5
:10FB7000FFFFFFFFFFFFFFFFFFFFFFFFFFFFFFF0A4
:10FB80000D5500FFFFFFFFFFFFFFFFFFFF0029A54F
:10FB9000A6669A5A66699A5A5803FFFFFFFFFFFF4D
:10FBA000FFFFFFFFFFFFFFFF003FFFFFFF00259567
:10FBB000A000FFFFFFFFF03FFFFFCD55554FFFFFB8
:10FBC000FFFFFFFFFFFFFFFFFFFFFFFFFFFFFFFF45
:10FBD000FFFFFFFFFFFFFFFFFFFFFFFFFFFFFFFF35
:10FBE000FFFFFFC01555403FFFFFFFFFFFFFFFFF77
:10FBF000FC039A6A9A6996A96A69A5A6AA00FFFFFA
:10FC0000FFFFFFFFFFFFFFFFFFFFFFFFC00FFFFF33
:10FC1000FC026A6997003FFFFFFFC1003FFFF155FB
:10FC2000554FFFFFFFFFFFFFFFFFFFFFFFFFFFFF3E
:10FC3000FFFFFFFFFFFFFFFFFFFFFFFFFFFFFFFFD4
:10FC4000FFFFFFFFFFFFFFC015555C03FFFFFFFF36
:10FC5000FFFFFFFFF009A6659A9AA96A99A66A991B
:10FC600065803FFFFFFFFFFFFFFFFFFFFFFFFFFF7D
:10FC7000F00FFFFFF00A5A69A6800FFFFFFFC5577C
:10FC8000003FF03AA9CFFFFFFFFFFFFFFFFFFFFF9D
:10FC9000FFFFFFCFFFFFFFFFFFFFFFFFFFFFFFFFA4
:10FCA000FFFFFFFFFFFFFFFFFFFFFFFC05555400B5
:10FCB000FFFFFFFFFFFFFFFFC0296A6A69966A9690
:10FCC0009A96999AA6A00FFFFFFFFFFFFFFFFFFF85
:10FCD000FFFFFFFFFC3FFFFFF006969669700FFFE6
:10FCE000FFFF0555570FFF00003FFFFFFFFFFFFF1E
:10FCF000FFFFFFFFFFFFF0000FFFFFFFFFFFFFFF12
:10FD0000FFFFFFFFFFFFFFFFFFFFFFFFFFFFFFFF03
:10FD100002556003FFFFFFFFFFFFFFFFC0DA99A658
:10FD200065AA569A6669A9A65A500FFFFFFFFFFF02
:10FD3000FFFFFFFFFFFFFFFFFFFFFFFFC025A5A69F
:10FD40005A5C03FFFFFF3555554FFC02553FFFFF3F
:10FD5000FFFFFFFFFFFFFFFFFFFF000000FFFFFFB0
:10FD6000FFFFFFC00FFFFFFFFFFFFFFFFFFFFFFFD2
:10FD7000FFFFFFFFC055C00FFFFFFFFFFFFFFFFFAB
:10FD80000099A69AA699A9A6A669A669A9A803FF9B
:10FD9000FFFFFFFFFFFFFFFFFFFFFFFFFFFFFFFF73
:10FDA000C0DA696A969400FFFFFFF555554FC355B9
:10FDB000553FFFFFFFFFFFFFFFFFFFFFFFFC0000BE
:10FDC000003FFFFFFFFFFF0003FFFFFFFFFFFFFFFD
:10FDD000FFFFFFFFFFFFFFFFF01703FFFFFFFFFF26
:10FDE000FFFFFFFF02696A596A69A9696A9A5A693D
:10FDF000A5A600FFFFFFFFFFFFFFFFFFFFFFFFFFC5
:10FE0000FFFFFFFFC09A5A95A9A600FFFFFFC0D5CC
:10FE1000558F3555563FFFFFFFFFFFFFFFFFFFFFE9
:10FE2000FFF00D55800FFFFFFFFFFC0100FFFFFFFC
:10FE3000FFFFFFFFFFFFFFFFFFFFFFFFFC380FFF8C
:10FE4000FFFFFFFFFFFFFFFC0D6A99AA5A66969A13
:10FE5000969A9A969A65C0FFFFFFFFFFFFFFFFFF8C
:10FE6000FFFFFFFFFFFFFFFFC065A69A5969003F34
:10FE7000FFFFF05555CF155950FFFFFFFFFFFFFF64
:10FE8000FFFFFFFFFFF026A69C0FFFFFFFFFF035EF
:10FE900040FFFFFFFFFFFFFFFFFFFFFFFFFFFFFF31
:10FEA000FF003FFFFFFFFFFFFFFFFFF009A5A5A633
:10FEB000A5A69A99A969A5A96A6A803FFFFFFFFFD5
:10FEC000FFFFFFFFFFFFFC3FFFFFFFFF006A65A68C
:10FED0009A69803FFFFFC955963F355163FFFFFF89
:10FEE000FFFFFFFFFFFFFFFFFFC096C65803FFFFA6
:10FEF000FFFF001570FFFFFFFFFFFFFFFFFFFFFF8A
:10FF0000FFFFFFFFFF00FFFFFFFFFFFFFFFFFFF00F
:10FF1000369A6A65AA6969A69A966A5A9699600F8E
:10FF2000FFFFFFFFFFFFFFFFFFFFF00000FFFFFCF1
:10FF300003969A65A696403FFFFF1555503FC95559
:10FF400073FFFFFFFFFFFFFFFFFFFFFFFFC069021F
:10FF50006603FFFFFFFC005550FFFFFFFFFFFFFFA1
:10FF6000FFFFFFFFFFFFFFFFFFC3FFFFFFFFFFFFDD
:10FF7000FFFFFFF0269A5A6A5A5AA5A659AA66A602
:10FF8000999A9C0FFFFFFFFFFFFFFFFFFFFFF000AD
:10FF9000003FFFF002959A6965A6600FFFFCD555FA
:10FFA000683FC35550FFFFFFFFFFFFFFFFFFFFFF4D
:10FFB000FF0265009503FFFFFFC00D5540FFFFFFE7
:10FFC000FFFFFFFFFFFFFFFFFFFFFFFFFFC3FFFF7D
:10FFD000FFFFFFFFFFFFFFC019A5A69A65A65A699C
:10FFE000A969A5A5A9A69803FFFFFFFFFFFFFFFFD3
:10FFF000FFFFF000003FFFC00160969A9A69A00FD2
:020000040001F9
:10000000FFFC5559563FFCD554FFFFFFFFFFFFFF94
:10001000FFFFFFFFFF01A70C09C0FFFFFFC0155541
:1000200040FFFFFFFFFFFFFFFFFFFFFFFFFFFFFF9F
:10003000FFFFFFFFFFFFFFFFFFFFFFC09A6AA599C9
:10004000AAA6AA5A96969A5A66A5A600FFFFFFFF8F
:10005000FFFFFFFFFFFFFF0000FFFFC02A602596A4
:100060009A59900FFFFC1555563FFF0554FFFFFFAF
:10007000FFFFFFFFFFFFFFFFFF01983F0280FFFF31
:10008000FF01555540FFFFFFFFFFFFFFFFFFFFFF91
:10009000FFFFFFFFFFFFFFFFFFFFFFFFFFFFFF006F
:1000A0006A596A9A965A56A5AAA69AAA665A6900E1
:1000B000FFFFFFFFFFFFFFFFFFFFFFFFFFFFFF004F
:1000C00096900A6965A69803FFFF0395543FFF02C7
:1000D00058FFFFFFFFFFFFFFFFFFFFFFFF0190FF44
:1000E000C240FFFFFF0D555543FFFFFFFFFFFFFF1E
:1000F000FFFFFFFFFFFFFFFFFFFFFFFFFFFFFFFF10
:10010000FFFFFF02A5A9969669A9A96A59696965C1
:10011000A9AA5A803FFFFFFFFFFFFFFFFFFFFFFF7E
:10012000FFFFFC0399900669AA665803FFFFF000E1
:100130003CFFC000003FFFFFFFFFFFFFFFFFFFFF8F
:10014000FF0260FF0980FFFFFC05555503FFFFFF1D
:10015000FFFFFFFFFFFFFFFFFFFFFFFFFFFFFFFFAF
:10016000FFFFFFFFFFFFFF019A66A96A6999A69A40
:1001700069AA6A6A5A96A6603FFFFFFFFFFFFFFF6A
:10018000FFFFFFFFFFFFFC0169980A969669A40331
:10019000FFFFF05603FF3555AC0FFFFFFFFFFFFFDA
:1001A000FFFFFFFFFF02603C29C3FFFFFC15555511
:1001B00003FFFFFFFFFFFFFFFFFFFFFFFFFFFFFF4B
:1001C000FFFFFFFFFFFFFFFFFFFFFC029A6669A62C
:1001D000969A96969A969696A5A6A6A00FFFFFFFCA
:1001E000FFFFFFFFFFFFFFFFFFFFFC0A669801A66E
:1001F0006999A403FFFFC55573FF1555554FFFFFC0
:10020000FFFFFFFFFFFFFFFFFF02960C1903FFFF39
:10021000F01555550FFFFFFFFFFFFFFFFFFFFFFF2B
:10022000FFFFFFFFFFFFFFFFFFFFFFFFFFFFFC0AD6
:1002300065AA5A969A6BA9AAA969A9A9A9A65998C3
:1002400003FFFFFFFFFFFFFFFFFFFFFFFFFFF006C2
:10025000966401A6699A5A00FFFF055550FF15558F
:10026000554FFFFFFFFFFFFFFFFFFFFFFFC069804C
:100270009603FFFFF01555540FFFFFFFFFFFFFFF31
:10028000FFFFFFFFFFFFFFFFFFFFFFFFFFFFFFFF7E
:10029000FFFFFC066A969969A9ABE6AFFE6999690A
:1002A0005A69A9A403FFFFFFFFFFFFFFFFFFFFFF46
:1002B000FFFFF0069A64025A5A669A00FFFF15552E
:1002C00058FF1555554FFFFFFFFFFFFFFFFFFFFFD3
:1002D000FFC09A506403FFFFF0D555540FFFFFFF96
:1002E000FFFFFFFFFFFFFFFFFFFFFFFFFFFFFFFF1E
:1002F000FFFFFFFFFFFFFC069969A9A9669FD6BF14
:10030000EF9A5AAAA69A9A6A00FFFFFFFFFFFFFF23
:10031000FFFFFFFFFFFFF03969A60299A665A6005F
:10032000FFFF157D54FF0F95658FFFFFFFFFFFFF58
:10033000FFFFFFFFFFF035AA600FFFFFF05555509C
:100340003FFFFFFFFFFFFFFFFFFFFFFFFFFFFFFF7D
:10035000FFFFFFFFFFFFFFFFFFFFF0299A9A5A966A
:10036000A66EAAFEFF9A6BFFE999696900FFFFFF7D
:10037000FFFFFFFFFFFFFFFFFFFFF026999602A59B
:10038000A69A6600FFFF154254FFC005800FFFFFCD
:10039000FFFFFFFFFFFFFFFFFFF00255800FFFFF92
:1003A000F05555403FFFFFFFFFFFFFFFFFFFFFFF3F
:1003B000FFFFFFFFFFFFFFFFFFFFFFFFFFFFF02932
:1003C000A5A6996A5A6F9BFAFBA5AFBEFE9A9696B0
:1003D000803FFFFFFFFFFFFFFFFFFFFFFFFFF02654
:1003E0009A6A036A599A6900FFFF154154FF000594
:1003F000803FFFFFFFFFFFFFFFFFFFFFFFFC00004D
:10040000000FFFFFF0555540FFFFFFFFFFFFFFFF0D
:10041000FFFFFFFFFFFFFFFFFFFFFFFFFFFFFFFFEC
:10042000FFFFF01A6A65A9A6A9BF9F957FE6BFFFE7
:10043000FFA5AA9A703FFFFFFFFFFFFFFFFFFFFF2F
:10044000FFFFF035A665025A69A59900FFFF155513
:1004500058FF1555700FFFFFFFFFFFFFFFFFFFFF66
:10046000FFFF00000003FFFFF0555503FFFFFFFFF4
:10047000FFFFFCFFFFFFFFFFFFFFFFFFFFFFFFFF8F
:10048000FFFFFFFFFFFFC0D6969A669659BB6F9A93
:100490006FD6FEBFBFE69969600FFFFFFFFFFFFF4A
:1004A000FFFFFFFFFFFFF036669A029696699A00FB
:1004B000FFFC055550FCD5555573FFFFFFFFFFFFAF
:1004C000FFFFFFFFFFFFF0000000FFFFF055540F9C
:1004D000FFFFFFFFFFFFF000003FFFFFFFFFFFFFF9
:1004E000FFFFFFFFFFFFFFFFFFFFC0A9A9AA66A94B
:1004F000A9BE6F69AFAAF97EFBEA69A69C0FFFFF50
:10050000FFFFFFFFFFFFFFFFFFFFF006699A02A555
:10051000A65A6500FFC34D5573FCD5555573FFFFB3
:10052000FFFFFFFFFFFFFFFFFFFFFFC3FF003FFFD6
:10053000F055540FFFFFFFFFFFFFF000000FFFFF1C
:10054000FFFFFFFFFFFFFFFFFFFFFFFFFFFFC06990
:100550006965A969A6BE7E66AFD7F6BFAFF9A69654
:100560009803FFFFFFFFFFFFFFFFFFFFFFFFFC09F7
:1005700099A501696A966900FF0550960FFF155508
:100580005573FFFFFFFFFFFFFFFFFFFFFFFFFFFFB1
:10059000FFC03FFFF055540FFFFFFFFFFFFFF015B7
:1005A000D403FFFFFFFFFFFFFFFFFFFFFFFFFFFF82
:1005B000FFFFC06696A69A5A5ABE7E6A6FDBE6BBFC
:1005C0005FBD969A6403FFFFFFFFFFFFFFFFFFFF82
:1005D000FFFFFC099A66029A95A9A600FF255C0018
:1005E0003FFF0A95554FFFFFFFFFFFFFFFFFFFFF94
:1005F000FFFFFFFFFFC00FFFF055543FFFFFFFFF5E
:10060000FFFFFC055540FFFFFFFFFFFFFFFFFFFF60
:10061000FFFFFFFFFFFF02A6AA5A5AA699BDBE9987
:100620007EABE5BF9FF9A9A96600FFFFFFFFFFFFB3
:10063000FFFFFFFFFFFFFC0296640D969A5996009C
:10064000FFC557000FFFC0003A0FFFFFFFFFFFFF7E
:10065000FFFFFFFFFFFFFFFFFFF003FFF055503FDD
:10066000FFFFFFFFFFFFFC0D5550FFFFFFFFFFFFE8
:10067000FFFFFFFFFFFFFFFFFFFF0299669AA5A59F
:10068000AAF9AF59BFDBFFFF5BFE5A5AA900FFFF73
:10069000FFFFFFFFFFFFFFFFFFFFFF0269A409A5A8
:1006A000A69A6A00FFCD55554FFFC0FF0583FFFF97
:1006B000FFFFFFFFFFFFFFFFFFFFFFFFFFFC03FF49
:1006C000C055503FFFFFFFFFFFFFFF015550FFFFE9
:1006D000FFFFFFFFFFFFFFFFFFFFFFFFFFFF019A8D
:1006E00096A5A65A66F9AFAAFB9BFBEFEBEE69A5B0
:1006F0009980FFFFFFFFFFFFFFFFFFFFFFFFF000FD
:100700009994266965A66600FFF2555573FC343F3F
:100710001573FFFFFFFFFFFFFFFFFFFFFFFFFFFF5F
:10072000FFFC00FFC15540FFFFFFFFFFFFFFFFC0C1
:100730005550FFFFFFFFFFFFFFFFFFFFFFFFFFFF22
:10074000FFFF0DA5A9696A6A66B9AFFFFF6FAFFE2B
:10075000FFEDA5A99A80FFFFFFFFFFFFFFFFFFFF4F
:10076000FFF00000359A966A6A669403FFF05555CB
:1007700063FC55CF2553FFFFFFFFFFFFFFFFFFFF88
:10078000FFFFFFFFFFFF00FFC15500FFFFFFFFFF5F
:10079000FFFFFFC05550FFFFFFFFFFFFFFFFFFFF01
:1007A000FFFFFFFFFFFC0A6A69AA69A5A9B65FFF00
:1007B000BD6BD6FBFEFD9A5A9A403FFFFFFFFFFF3D
:1007C000FFFFFFFFFF0000000259A9969669A403EE
:1007D000FFC5555573FF554F3553FFFFFFFFFFFF13
:1007E000FFFFFFFFFFFFFFFFFFFF003FC15503FFBC
:1007F000FFFFFFFFFFFFFFF01550FFFFFFFFFFFFB1
:10080000FFFFFF00000000FFFFFC06666996969A56
:1008100099A69AFBF5AFE6FFFFF99AA5A5603FFF01
:10082000FFFFFFFFFFFFFFFFC0000000003599A999
:10083000A6996803FF1555AA4FF05573C553FFFFDE
:10084000FFFFFFFFFFFFFFFFFFFFFFFFFFFFC03FB7
:10085000C5540FFFFFFFFFFFFFFFFFFC1550FFFF19
:10086000FFFFFFFFFFFFC00000000000FFFC06A627
:1008700096A9A69A5A5A956A5A9BD6ED6FB9A5A61B
:100880009AA03FFFFFFFFFFFFFFFFFFF0000FFFFFA
:10089000C00A5A59699A5803FF1554000FFC556352
:1008A0000553FFFFFFFFFFFFFFFFFFFFFFFFFFFFFE
:1008B000FCF3C03FC5540C0000FFFFFFFFFFFFFC2F
:1008C0000550FFFFFFFFFFFFFFFC000000000000DE
:1008D0000FFC3969AA5A69A5A6A96A56699BEAFD5F
:1008E0006FF69A5A69A00FFFFFFFC03FFFFFFFF0AE
:1008F000003FFFEFFC0A669A99A6900FFF055C0186
:100900000FFC555C1553FFFFFFFFFFFFFFFFFFFFCD
:10091000FFFFFFF00000000FC15000000003FFFFC9
:10092000FFFFFFFF0570FFFFFFFFFFFFFFC0000D90
:100930006556F00000F0299A59A669AAA696A6AABB
:1009400069ABFAF9BEE65A9A66903FFFFFFC0003D6
:10095000FFFFFFC003FEFAFEFB06A5A59A65A00FE8
:10096000FFCD60154FFF15555563FFFFFFFFFFFFDC
:10097000FFFFFFFFFFFFFC000000000F01500055CC
:10098000540000FFFFFFFFFF0140FFFFFFFFFFFFDD
:10099000FF0009555655555C00001A96A9A69A59AC
:1009A0006969A696969BBFF9FFE6A5A5A6500FFF1D
:1009B000FFF000003FFFFF003FBEFFBEFF09696977
:1009C000A66A700FFFF3825543FF3555554FFFFF61
:1009D000FFFFFFFFFFFFFFFFFFFFC0000000000061
:1009E0000150055555500003FFFFFFFFC143FFFFB6
:1009F000FFFFFFFFFC00555659695555C000966929
:100A0000A6699A69A9AA99A69B9AFFBEFBD66A6AAB
:100A10009A900FFFFFF000000FFFF003FBEFAFBF56
:100A2000AF019A5A6696403FFFFC05558FFFC955A6
:100A300055CFFFFFFFFFFFFFFFFFFFFFFFFF00039B
:100A4000FFFFF0000000D555555555003FFFFFFF53
:100A5000C040FFFFFFFFFFFFFC0D56565595565552
:100A60005800AA69669A9AA696FF9AE9AFE5FBFF35
:100A7000FB5A666599980FFFFFC00FC00FFFF00F7C
:100A8000FBEFFBEBFF0296A669A5003FFFFC955626
:100A90000FFFF055573FFFFFFFFFFFFFFFFFFFFF77
:100AA000FFF000FFFBEFC00FC00D55555555555CCD
:100AB0000FFFFFFFC050FFFFFFFFFFFFF035565550
:100AC000655655A5550069A6A99A65565BBFEBFE0C
:100AD0006FE66FEBFE69A6A6A9AC0FFFC0003FF062
:100AE00003FF003FBEFBFBFFBBC06966996A00FFC6
:100AF000FFF055D73FFFFC0E80FFFFFFFFFFFFFF1A
:100B0000FFFFFFFFFFC00FFBBEFB00FFF0155555B9
:100B1000555555550FFFFFFFF0503FFFFFFFFFFFFB
:100B2000F0156569596569565970D69A5A956A8063
:100B300030FB9FBF7EAA5AFFA9A59A5A5A500FFCB4
:100B400000003EFC00FF00FEFEFBBEFBFBC09A99CE
:100B50009A9400FFFFF155963FFFC000003FFFFF52
:100B6000FFFFFFFFFFFFFFFFFF003FBFAFBC0FFE18
:100B7000FC1555555555555543FFFFFFF0503FFFA8
:100B8000FFFFFFFFF0D559559555555595501A5A09
:100B9000956B00000005AFFBBE5AA56A969A99A90D
:100BA000A6980FF000003FEF003C03EFEFBFBEFB45
:100BB000EFB0259A656003FFFFF0555503FFC5555B
:100BC000550FFFFFFFFFFFFFFFFFFFFFFC03FBEEE3
:100BD000FBF03FAFAC1555555555555550FFFFFF30
:100BE000FCD03FFFFFFFFFFFC09595955659565922
:100BF000569C29A5AA0000000001BFBFFEA56A55AA
:100C0000A65A6999A6900FF000003EFFC0000FEFB2
:100C1000BFBEFBEFBEF00166668003FFFFFC2555FB
:100C200053FFC555558FFFFFFFFFFFFFFFFFFFFF7E
:100C3000C00FFBEFFBC3FBFBF01555555555555544
:100C4000503FFFFC00003FFFFFFFFFFC00D556595F
:100C5000655695556558069680003FFEFFC0BF6FEC
:100C6000EFFE96AA6A696A5A5A503FC00FFFFEFB10
:100C7000C0003FBEFBEFEFBEFEFC00E5AC000FFF87
:100C8000FFFF025553FFC555554FFFFFFFFFFFFF05
:100C9000FFFFFFFFC03EBEFBBF0FFBFBC000555573
:100CA00055555555543FFFC000000FFFFFFFFC0096
:100CB00000D6555555A55965655405A0003FBEEFB2
:100CC000AFB03E6FEFFFFA6665A696A6A5A03F00FF
:100CD0003FFFBFBEF0003FBEFBEFBFBEEFEF000027
:100CE00000003FFFFFFFF02573FFCD5555CFFFFFFD
:100CF000FFFFFFFFFFFFFFFC00FFEFBFAC3FBEBFEA
:100D00000000555555555555550FFF00000003FF80
:100D1000FFFF0000001569665955559656540800A6
:100D20003FEFBEFBFBFC0E6FFFBBFF6A6A96A9A6F6
:100D30006A900F00FEBFBBEFB00C0FEFBEFBFBEFE6
:100D4000FBEFF0000000FFFFFFFFFF00CFFFF00907
:100D5000563FFFFFFFFFFFFFFFFFFFFC03AEFBEF70
:100D6000F03FAFEC0555555555555555550FF0000D
:100D70005557003FFFC00000001595556559659512
:100D80005654000FFEFBEFBEFBEF01AEE6FFBF992E
:100D9000A5A9696A5A603F03FBEBFBEFB0140EFB99
:100DA000EFBEFBEFBEFBFC000000FFFFFFFF00F00B
:100DB000C3FFFC155CFFFFFFFFFFFFFFFFFFFFF01E
:100DC0000FFEFBEEC3FBFBF015555555555555551C
:100DD0005543C0355555500FFC000000003556599D
:100DE00056596559956403FEEFBEFBEEEEFFC25FF8
:100DF000F55BFB99A9AA9696A5603C03FBFEFEFB5A
:100E0000F0270FBEFBFEFEFBEFBEBFFC3F00FFFF67
:100E1000FFFC170153FFF35540FFFFFFFFFFFFFFEC
:100E2000FFFFFFC03EFBEFBEC3EFBEC0555555559B
:100E3000555555555540005555555700C0000000B3
:100E4000000656569595565599540FEFEFBEFBEF99
:100E5000EFAFC0ABB9A5AF6A5A56AA9A6A703C0305
:100E6000EFBEEFBFB0160FEFBEEFAFFBEFBFEFFF70
:100E7000FF00FFFFFFF0556558FFC555AC3FFFFF72
:100E8000FFFFFFFFFFFFFF00FEBEBEFB0FEFAFC186
:100E9000555555555595555555500555555555402C
:100EA00000000000000965655956956555940FBE10
:100EB000BEFBEFBEBFBEF01BF9A95966A6A965A986
:100EC0006A403C03EFEFEFBEF01A0FEFEFEFFBBE0F
:100ED000FBFBEEBEBEC03FFFFFF1555554FFC555AD
:100EE000553FFFFFFFFFFFFFFFFFFF03EFEFFBECAF
:100EF0003EFBFB0D55555555555555555550D5553A
:100F0000555555400000000000015555565559658E
:100F1000659C0FBFFBEFBEFBFBFAF02BFA5AA6A6AF
:100F2000699A9A669680FC03FAFEFEFBF0160FBEE5
:100F3000FBFAFBEFBFBEFFEFEFC03FFFFFCD555504
:100F400058FFC555563FFFFFFFFFFFFFFFFFFC0F98
:100F5000EFEFBFB03EFBFC05555555555555555562
:100F600055505555555555000000000000005A5980
:100F7000A569595659503EFAFBAFBEFBEBEFBC07D3
:100F8000F9A6A69A69A5A96A9980FC03BFBEFBEFE2
:100F9000B0260FFBFBBFBEFBFBEFBBEFEFB03FFF8D
:100FA000FFC55955B0FFCE55553FFFFFFFFFFFFF6F
:100FB000FFFFF00FBEBEBEB0FFBEB0155555555574
:100FC000555555555554D55555555C0000000000F4
:100FD000000095655595959655603EFBEFFBEFBE7D
:100FE000FEFFBB07BDA65A69A66A5A996900FF03AE
:100FF000EFEFBFBEF01A0FBFBFBFBFBEFBEFBEFA21
:10100000FBF00FFFFFC5525A03FFF000FC3FFFFF4C
:10101000FFFFFFFFFFFFF03EFBFBEFC3EBEFF055E1
:10102000555555555555555555541555555540001B
:101030000000000000003556595595956540FFBFEA
:10104000AEFAFBEFBEEBFB0AF5A9A969A69AA69A30
:10105000A603FF03FEFBEFBFF0160FEFBEFBEBFE98
:10106000FEFBEFFFBEF00FFFFFC9555550FFFCD54B
:101070005003FFFFFFFFFFFFF000C0FEFBEBEFCFD1
:10108000FEFBC155555555555955555555540555A2
:10109000555500000000000000000595596559599C
:1010A00059C0FBEBFEBFBEFBBFEFBF0DA699A69AD2
:1010B0005A9969696403FF03FBFBEFEBB0260FEF5E
:1010C000EFEFFEEFAFBEFBAFFEF00FFFFFCD5555CC
:1010D00054FFFC555553FFFFFFFFFFFFC00000FB0F
:1010E000EFBFFB0FBEFB0155555455555555555592
:1010F00055550015555C0000000000000000035924
:10110000956659659503FAFEFBEFBEFBEBBEFB0946
:101110006A5A669AA96A9AA69803FF03FBBEFAFF69
:10112000B0170FBEFBEEBFEFFBEFFBFEEFAC0FFF08
:10113000FFF1555558FFFC55555CFFFFFFFFFFFFC2
:10114000000000FBEFBEBF3FAFBF01555550355506
:10115000555555555555000D5540000000000000EF
:10116000000000D5665595656403BFBEEFEFEBEF59
:10117000FFBEFB0A9AA69A69A6A5A65A980FFF0079
:10118000FFBEFFFBF0170FFBFBFFEBFAFD55BFBEE9
:10119000FBFC0FFFFFF3555550FFFCD5555CFFFFDF
:1011A000FFFFFFFC0D5403EFBEFBEC3BFBEC0155D6
:1011B0005570055555555555555505405500000078
:1011C0000000000000000005659596565C0FBFBB4F
:1011D000EEFAFFBEBBEFBF069969A9A6669A6A69D7
:1011E000600FFF00EFEFBEBFB0270EFBBED5FEBF06
:1011F000E5557EFBFBFC03FFFFF0000003FFFC0056
:10120000A553FFFFFFFFFFFC05A603EFBEFBFCFBA2
:10121000FBE00D5555501555555555555555055C23
:10122000140000000000000000000003559956590A
:10123000503FEBFBFBEFFEBFBEFBEF066A9A6696E4
:101240006969A5A6603FFFC03EFBEFEFB0140FBF7A
:10125000BF55FFEFD5555FEFBEBC03FFFFC00002D7
:1012600058FFF06BC3C3FFFFFFFFFFF026A70FBEC1
:10127000FBFC003EBEF0415555545555555555554E
:10128000555505550000000002B6EF830000000030
:101290001959659540FAFEBEBFBF3FEBEFBEFC2675
:1012A0009696A56999A5AA9A403FFFC03EFBEFEF2D
:1012B000F0D40FBEFA56EBFB95555BBEFFEC03FF77
:1012C000FF0543CD573FF1555550FFFFFFFFFFF09E
:1012D0001A540FBEFBC0000FEFC34155555555556D
:1012E0006555555555553555C000000005555555A2
:1012F000566F000025965966403FBEFEFAF83BFE49
:10130000FBEFB0D9A9A96A00029A5A5980FFFFF0F1
:101310003FBEFAFAF0E40EFFFD57FEBF556557FBDE
:10132000EBEF03FFFF1553CD553FF155555CFFFF24
:10133000FFFFFFF019A80FEFBF026A03FBC1515571
:1013400055555555555555555555155540000000A1
:1013500005595555555555AF56565965700FBBEB48
:10136000EFEC3BBEFBEFB09A59595000002AA5A9FB
:1013700000FFFFF03FBEFFBFF0D43FE5B55FBFED1C
:1013800055B557EFBEFF03FFFCD550C1553FF15592
:10139000555CFFFFFFFFFFF0259C3EFBEC259640D0
:1013A000FB0D5155555555555555555555553555B3
:1013B00050000000059596596955595565A5A596A3
:1013C0005003FBFBEFBCFFBFBEFBC256AAAC000044
:1013D0000005AA9603FFFFF00FEFBFBF80983EF510
:1013E000555FEBFD56F956EFBFBB03FFFCD55CC163
:1013F00055CFF0395553FFFFFFFFFFFC26903EFB12
:10140000F0DA9A50FF055C555555555555555555CB
:1014100055551555500000003595555955A596550B
:10142000965956595000EFBEFBFCFEEBEFBF02C0D1
:1014300000000055540155A403FFFFF00EFBEBFB29
:10144000C0983EF55556BFB556F956FBFBFB03FF5A
:10145000FCD5540155CFFC0358A3FFFFFFFFFFFC51
:1014600005503FBEB05969983C35555555555555B1
:10147000555555555554155554000000255BFD55DF
:10148000965596695A5A69659C0C3EBEFBECEFFE78
:10149000FBEF00000000025555003A9C03FFFFF0EF
:1014A0000FBFFEFBC0983FBE555555F55BED56FB93
:1014B000EFBF03FFFF15560D55FFFCC15803FFFF9B
:1014C000FFFFFFFC02A03BBFC26696943C1555553A
:1014D00055555555555555555554155554000000FD
:1014E00016000016595965566596596594070FEF11
:1014F000BEBCFBBEBEFC0000000000555540000015
:101500000FFFFFC03FBEBEFEC05C3BEF955555557B
:101510005FBD56FEFEFF03FFFF155555553FF255C3
:101520005583FFFFFFFFFFFF0000FBEBC1A69A689A
:101530003C155555555555555555555555541555F5
:1015400054000000A00000D65959659665D6D6997A
:10155000640DC3FBEFFCFBEBEFB03FFFFFFFC35598
:1015600055400000000FFF003EFBEFAFC0503FEFC3
:10157000D55555555ABD56EFBEEB03FFFF155555D2
:10158000563FF1555553FFFFFFFFFFFFC000FEFE22
:10159000C29969640055555555555555555555557C
:1015A0005554155554000003000355555596596977
:1015B0006969565D670170FEFBECFEFFEFC0FFFF3F
:1015C000FCFEC1555560000000000C00FEFBFBFE58
:1015D000C3503EFBD5A95555555556FBEFFF03FFAC
:1015E000FF055555673FF1555553FFFFFFFFFFFFBF
:1015F000FF00FEFEC25A65A4005555555555555578
:1016000055555555555705555400000C0095555BDB
:10161000FF555965D75675D595029C3FF0ECEFBE46
:10162000FAC3FBEF003F01555550EAC0000000032C
:10163000FBEFBFBEC290FBFB95BF9555555555BE00
:10164000FBBF03FFFFC9595654FFF3555563FFFF16
:10165000FFFFFFFFFFC0FFAF82669A580355555545
:10166000555555555555555555540355540002601B
:10167000055565C0000D6696566D659699029603F0
:10168000CC3CFFAEFF0FBFC0003B05555550AAAA8A
:10169000B000000FFBEFEFBF01A0FBBF95BFFA56F4
:1016A0005555555BFBEB03FFFFF1559550FC300E94
:1016B000AA43FFFFFFFFFFFFFFC0FBFBF3659A5844
:1016C00001555555555555555555555555540005C4
:1016D0005009958015655C000000565D7595DA65CA
:1016E00059006980150CFBFEEC3FF000E83C055505
:1016F0005550AAAAAABC000FBEFEFBEB0160FFBEBC
:10170000D57AFD5555556555FEFF03FFFFF09555FC
:1017100043F000C0140FFFFFFFFFFFFFFFC0FBFB04
:10172000F069A5980155555555555541555555558F
:10173000555400037055550355558000000035651C
:1017400099D6975E65C06A6025403BEFEC3F003557
:10175000983C35555550E6AAAAAAA00FEFBEFBFF4C
:101760000270FBEFD57FB956A5565555BEFB03FF5A
:10177000FFFC0A6B0FC554C15543FFFFFFFFFFFF7E
:10178000FFC0FEBEB0DA69A001555555555555004C
:1017900055557005555400000156540156960000E9
:1017A00000000D669D6D7595B540A6980D503FAF34
:1017B000B000396A583C15555570AA9AAA9AA03FAC
:1017C000EFBFBEFB0940FBEFD56FB55BFA955555F2
:1017D000BFBF03FFFFFFC000FFC554055563FFFFF8
:1017E000FFFFFFFFFFC0EFEFFC2565800D5555554E
:1017F00055555403555543C15554000001659C058A
:101800005554000000000199665965E5564019A538
:10181000015C00FEC00D6E5AACFC155555706AA9EE
:10182000A6AA903EFBEBFEFB0583FEFAE55BD55BCB
:10183000FFE55556FBEF03FFFFFFFFFFFFC5561502
:101840005553FFFFFFFFFFFFFFC0FBEFAF025B0041
:101850000555555555555C015555055055540000D5
:1018600009555015659C00000000005D75D7996B07
:101870005A701A6A4156F0030F5800A598FC155586
:101880005570AA6AAAA9A00FBEFFAFBC0683EFBF1E
:10189000F555556FAFD55AABEFEF03FFFFFFFFFFD5
:1018A000FFC55555555CFFFFFFFFFFFFFFF0FBFB3A
:1018B000FFC0000F0555555555555001555735D0AA
:1018C000555000000D5A709565500000000000D67C
:1018D00099A59E55A550269A4D5555C036000D6ABE
:1018E000582C155555706AAAA9AAA00FBEFBFBEC8F
:1018F0002983EFBEB955557EFB956FFFBEFB03FFF5
:10190000FFFFFFFFFFC555559558FFFFFFFFFFFF86
:10191000FFC0FEBEFBF0003C3555555555555005F2
:10192000555401DC5550000001554056564000000A
:1019300000000025D75D65D9659029A5059555500E
:10194000140E969A683C15555550AAA9AAA69C0F44
:10195000FBEFBFEC1903FBFBFD5555BEFF556EEBCE
:10196000FBFC03FFFFFFFFFFFFC555555594FFFF2D
:10197000FFFFFFFFFFF0FFEFAFB3FFF81555555521
:1019800055555005555401B4155000000165425697
:101990005540000000000039665A759E5D5009A64A
:1019A000355955582A59A69AA73C15555550E6AAB7
:1019B0009AAAA803FBEFEEF0D50FBEFBEE5556FB3F
:1019C000ED556FFEFBAC0FFFFFFFFFFFFFC9565544
:1019D000E558FFFFFFFFFFFFFFF0FBEFFEB3FFBC8B
:1019E000155555555555501555540354154000007F
:1019F0000155C16569C000000000000675E75B5530
:101A0000D69C0A671565965509A96965580C155540
:101A100055502A9BAA9AA7003EFEFEF0670FBEFE15
:101A2000FFA56BEFB555BEBEFFFC0FFFFFFFFFFF2D
:101A3000FFC155660558FFFFFFFFFFFFFFF03BFAB0
:101A4000FBF3EFAC1555555555555015555405F448
:101A500015400000019901555500000000000007E5
:101A6000599696759658066416559659C1A6966B62
:101A7000000C155555501AA9A6AAAAC003FBEFC021
:101A8000580FEFAFBBFABFBEF556FBEFAEFC0FFF32
:101A9000FFFFFFFFFFF255583550FFFFFFFFFFFF2D
:101AA000FFF03EBFBBF3EEFC15555555555540159F
:101AB0005554D9741540000002550D5A55000000C8
:101AC0000000000D6D79D66969640E58D559559599
:101AD0004156A000003C15555550EAAAAAA9A9B044
:101AE000000F0000003EFBFFBFBFFBFBD556FBFF16
:101AF000FEEC0FFFFFFFFFFFFFFC95501553FFFFAC
:101B0000FFFFFFFFFFF03FEFBEF3BEFC155555553D
:101B10005555403555541F541500000000650955B2
:101B2000650000005400000196596D5E5964000C78
:101B300059656956430000003FE01555555029A6E8
:101B4000AA9E9AAC0000000000FEFBEBEFBEFBEF8C
:101B5000B55BEFBAFBE00FFFFFFFFFFFFFFC39C3F0
:101B60000563FFFFFFFFFFFFFFF03BEEFEF3FBEC23
:101B7000D555555555554005555417D417000000F7
:101B8000005505959700000155000002979D65D509
:101B9000D757000055655565800003FFBEF0155509
:101BA0005550DAAA9AAAAA9AC000000000FFBEFE09
:101BB000FBEFBEFEFABFBEFFBFB03FFFFFFFFFFF60
:101BC000FFFFC03FC383FFFFFFFFFFFFFFF03EFBB0
:101BD000EFB3EFBC5555555555554015555425781F
:101BE000D400000000960959570000055500000177
:101BF0007966D699659703F056569659C3FEFEFB53
:101C0000EFB055555550EAAAA9A6AAAAAC00000003
:101C1000003BEFBFBEFBEFBEFFFBFBEFBEF03FFFA5
:101C2000FFFFFFFFFFFFFFFFFC0FFFFFFFFFFFFFB7
:101C3000FFFC0EFBEBF3BEF0555555555555C0D581
:101C400055542D745000000000D60565670000054E
:101C50005540000259E59D79699503F05655565552
:101C60000FAFEFBEFBC055555550E69A6EAA9A6A63
:101C70006AA80000003FEFBBEFFBEFBFBEFBEFBE6B
:101C8000FBF03FFFFFFFFFFFFFFFFFFFFFFFFFFF37
:101C9000FFFFFFFFFFFC0FBEFEF3FBE05555555560
:101CA00055550055555417DC5000000000150965C6
:101CB0005700000555C00002995D6957956903E317
:101CC000596595650FFBEBEFBEC355555550DAAA24
:101CD000A6A9AAAAA6A00C02800FBEFEFBBEFEFB10
:101CE000EFBEFEFBEF803FFFFFFFFFFFFFFFFFFFA9
:101CF000FFFFFFFFFFFFFFFFFFFC0FBEFEF3EFB094
:101D00005554355555550155555417504000000050
:101D100000190D569700000555000001A75A76D509
:101D2000675503E0555965943EBEBEFBEFC155555E
:101D30005550AAA6AA6AAAA6A9C014018003FBEF5F
:101D4000BFBEFBEFEFBEFBEFEFC0FFFFFFFFFFFFEC
:101D5000FFFFFFFFFFFFFFFFFFFFFFFFFFFF0FEF93
:101D6000AFB3EFB055C00555555401555554ED70FE
:101D70004000000000250D55570000055500000DDE
:101D800075B55669659500FC5C9556543FEFFEFAB3
:101D9000FAC155555550E6AAAAAAA6AAA800500D00
:101DA0004003FBFBEFEFBFBEFBEFBFBEFA00FFFF40
:101DB000FFFFFFFFFFFFFFFFFFFFFFFFFFFFFFFF33
:101DC000FFFF03EFFBF0FBF054055555555401554B
:101DD00055509D714000000000050169650000013B
:101DE0005400000E59679D675969C0FC0016595C84
:101DF000FAFAEFAFBFC155555550EAA9AA9AAA9E63
:101E00005009400A40C0FEBEFAFFBEFBFBEFBEFB1E
:101E1000FF00FFFFFFFFFFFFFFFFFFFFFFFFFFFFD1
:101E2000FFFFFFFFFFFF03FAFBE0BEE050555555F3
:101E3000555401555550777100000000000581553B
:101E400055000000D00000059B5659D65A5540EB6E
:101E50003C165590FFBFEBFFBEC155555550AA6AC1
:101E6000A6AA6DAA8015000580F03FEFFFBBEFEF3B
:101E7000BEFBEFEFAF03FFFFFFFFFFFFFFFFFFFF23
:101E8000FFFFFFFFFFFFFFFFFFFFC3BFBEFCEFE051
:101E90007155555555540155557375410000000055
:101EA000000581569500000000000009966D7595AB
:101EB000A59640FFBF056F73EBEBBEFBEFC1555519
:101EC0005550E6AAAAA79AA6C097002980FC0FEF52
:101ED000AFFBEFBEFEFBFBEFFC03FFFFFFFFFFFFCF
:101EE000FFFFFFFFFFFFFFFFFFFFFFFFFFFFC0FB45
:101EF000EFBCFBFC415555555554055555415DC545
:101F00000000000000054265590000000000003597
:101F1000A5D5A669559640FBFBC30003FEFFBEEBAB
:101F2000EFC155555550EAA9A9B6AAA901600019F3
:101F300000EF03BEFAFEFBFBEFBFBEFEFC0FFFFF90
:101F4000FFFFFFFFFFFFFFFFFFFFFFFFFFFFFFFFA1
:101F5000FFFFC0FEFBECFEBCC5555555555555550C
:101F60005505DD0500000C000009435559800000AF
:101F7000000000265D5A5966996540FEFBF00C0E84
:101F8000BEFAFBFEFAC155555550DA9B9AAAAA69CA
:101F900002C0201903FF00FEFFAFFBEFBFBEFEFB38
:101FA000F00FFFFFFFFFFFFFFFFFFFFFFFFFFFFF40
:101FB000FFFFFFFFFFFFF03EFBECFFEC0555555523
:101FC000555555555437D505000017000035705943
:101FD00095400000000000D659659D575965703E38
:101FE000FBEFFFBFEBEFEFAFBFC355555550EAAA6C
:101FF000AA9AA6AAC000E0A603EBC03BEFFBBEFE78
:10200000FBEFEFBFB03FFFFFFFFFFFFFFFFFFFFF53
:10201000FFFFFFFFFFFFFFFFFFFFF03FBEFC3BECBA
:1020200005555555555555555405741500001580E1
:1020300000165095567000000000005975A5D69501
:102040006596703BEFBEEBEBFFBEEEFBEFC3555565
:102050005550E6A9AAAA6AAA8002B05403FEF03F2E
:10206000BEFBEFBEFBEFBFBEC03FFFFFFFFFFFFFAA
:10207000FFFFFFFFFFFFFFFFFFFFFFFFFFFFFC0F63
:10208000BEF83BFC055555555555555550435C1507
:102090000000955000555016655000000000025990
:1020A000659965795655503FBEBEFEFEBEBEFEFA2E
:1020B000FAC3555555502A9AA6A6AAA9ABAA4050CC
:1020C00003BEFC03FBEFEFBFBEFBFBEF00FFFFFF18
:1020D000FFFFFFFFFFFFFFFFFFFFFFFFFFFFFFFF10
:1020E000FFFFFC0FEFBF3EBC0555555555555555E7
:1020F0005003905400005955A5659415559400005F
:1021000000000956965D65569659503EFBEFBEFF9E
:10211000EBEFBBEFBFC3555555501AAAAA6AAA6A7E
:10212000AAAA434043EFAF00EFBEFBEBEFBEFBECD0
:1021300003FFFFFFFFFFFFFFFFFFFFFFFFFFFFFFAB
:10214000FFFFFFFFFFFFFF03EFBF3FEC05555555B6
:102150005555555550F54354000055A555955435E2
:1021600099560000000025A55A565A956559603EBB
:10217000FBEFBEEBFFEFBFBFBEC0555555502A6AFF
:102180009BAAA6AA69AA800142FBFF003FBEFBFEF4
:10219000FBFEFEFC03FFFFFFFFFFFFFFFFFFFFFF54
:1021A000FFFFFFFFFFFFFFFFFFFFFFC0FBEB0FEC99
:1021B00005555541555555555055C1540002595670
:1021C000595A5605596580000003555965A595690A
:1021D0005965903FBEFBEFBEBEFBEBBBEFC1555553
:1021E000555C2AA9B5AA6AAAAAAA800542FBE800FA
:1021F0000FFBEFBFBEEFAFF00FFFFFFFFFFFFFFFD3
:10220000FFFFFFFFFFFFFFFFFFFFFFFFFFFFFFC01D
:102210003EFFCEFB0555550055555555543C055CC4
:1022200000016559595565C155655C00003559591E
:10223000655965569595900FBEFBEBFBEBFBFBFAE2
:10224000FBC15555555429AAAAA6AA9AAA9A70253F
:1022500043EFBF0000EFBEFBEFEFFBC03FFFFFFF10
:10226000FFFFFFFFFFFFFFFFFFFFFFFFFFFFFFFF7E
:10227000FFFFFFF00EFAC3BF01555500D555555568
:10228000540015500001659595A565435656558037
:10229000396596965959669556595C0FEFBEFEEF13
:1022A000FBBEBEEFBEC35555555C2AAA9AAAAAAA80
:1022B0009AAAA8054EFEFB0F003FFBEFEFBEFC0005
:1022C000FFFFFFFFFFFFFFFFFFFFFFFFFFFFFFFF1E
:1022D000FFFFFFFFFFFFFFFC03FFC3EF015555406A
:1022E00055556555554155500009559595565550CC
:1022F00056556555565595565996556965555C031D
:10230000EFBEEFAEBFBEFEFFBEC3555555542A9A71
:10231000AA9AA6A9EA6A98054FBEFC0FC003EFBEB1
:10232000FBFBF003FFFFFFFFFFFFFFFFFFFFFFFFD0
:10233000FFFFFFFFFFFFFFFFFFFFFFFF00FBF3FFBC
:10234000015555515555555555555540000595590B
:102350005A555955656956565659596555965955A0
:1023600065969400FBEBEFFFEEFBEBEBEFC35555EF
:10237000555C29B9AAAA7A9E6AA9A8054FBBEC0F99
:10238000FC003FBEFBEF000FFFFFFFFFFFFFFFFF63
:10239000FFFFFFFFFFFFFFFFFFFFFFFFFFFFFFFF4D
:1023A000F00FB0FA005555555555555555555540F2
:1023B000000000555569596556559655655959653A
:1023C000A5659696556554003EFFBEBAFEEFBFBEAA
:1023D000EF805555555C2AAAA9AAA9AAA9AAA405BD
:1023E0004EFBEC0FFF0003FFBFF0003FFFFFFFFFBE
:1023F000FFFFFFFFFFFFFFFFFFFFFFFFFFFFFFFFED
:10240000FFFFFFFFFC00303F005555555555555512
:1024100055555540000000266555959659559569C6
:102420005595955556556556596564043FBBBBFF98
:10243000AFEFBEBEFBC0555555542A9AAAA9AAA60D
:10244000AAAAA80572FEF80FFFF00000000003FF23
:10245000FFFFFFFFFFFFFFFFFFFFFFFFFFFFFFFF8C
:10246000FFFFFFFFFFFFFFFFFFC0000004155555F2
:1024700055555555555555000000000556959595EF
:10248000659959559955969A595A5565595654050D
:102490000FBFBEEBFAFBEBEFBEF05555555C29AA1A
:1024A0006A6AA6AAA6A6A40553EFBC0FFFFF000008
:1024B00000003FFFFFFFFFFFFFFFFFFFFFFFFFFFEA
:1024C000FFFFFFFFFFFFFFFFFFFFFFFFFFFC00001D
:1024D00001355555555555555555550000000009C0
:1024E0009559595965595959596955555955596504
:1024F0009595940543EEFEFEFBFAFFEFBEF05555B1
:10250000555C1AAAA7AAAAAA6AAB680572FBEC3F97
:10251000FFFFF0000003FFFFFFFFFFFFFFFFFFFFD4
:10252000FFFFFFFFFFFFFFFFFFFFFFFFFFFFFFFFBB
:10253000FFFFF00003455555555655555555540068
:102540000000000D595655595655959565556965C4
:1025500095A596559559670543EFEBEEEFAFBEBED7
:10256000FBF0D555555C2AA6AA9A9A9AAAAAA8055C
:1025700042FBEC3FFFFFFFFF3FFFFFFFFFFFFFFFBF
:10258000FFFFFFFFFFFFFFFFFC3FFFFFFFFFFFFF1E
:10259000FFFFFFFFFFFFC03F004155555555555503
:1025A00055555C000000000D5665665595655656FC
:1025B00056565555955595595A56570D50FBBFAF20
:1025C000EFBFAFFAFBB0555555502AAAA9AAAAAA3F
:1025D000AA69A60143BEFC3FFFFFFFFFFFFFFFFF0D
:1025E000FFFFFFFFFFFFFFFFFFFFFFFFF00FFFFFFA
:1025F000FFFFFFFFFFFFFFFFFFFFC03C2415555506
:102600005555555555555000000000059655956592
:102610005965A56595A556955A595995556557011A
:102620005C3BEFBEBEFBFAEFBFB0555555501A6A82
:102630009AAA79AA6AAA9C0003FEFC3FFFFFFFFF4B
:10264000FFFFFFFFFFFFFFFFFFFFFFFFFFFFFFFF9A
:10265000F003FFFFFFFFFFFFFFFFFFFFFFFFC0FCD7
:1026600014155555555555555555704000000005E4
:1026700059595965965555955955A55A5559555A0B
:1026800065596501543EFAFBFAFAFFBFAFC05555D4
:10269000555C2AAAAAA6AAAAA79AC00000EFB03F32
:1026A000FFFFFFFFFFFFFFFFFFFFFFFFFFFFFFFF3A
:1026B000FFFFFFFFC000FC00FFFFFFFFFFFFFFFF6A
:1026C000FFFF00F057055555555A55555555415082
:1026D0000000003565955655955A59596559555517
:1026E0006595A59556959701543EFFEFBFBFAFBBCB
:1026F000FAC0555555501AA9B6AA9AA6E66C00001C
:10270000FC3FB0FFFFFFFFFFFFFFFFFFFFFFFFFFEB
:10271000FFFFFFFFFFFFFFFFC04000003FFFFFFF85
:10272000FFFFFFFFFFFC03F055015555555555556B
:102730005555415000000016555B002559955956D6
:1027400056595A656559559595559501550FAEEFF2
:10275000AFBFBEFBBF8055555550DA9AAAAAAAADA5
:102760006B0000FFFC03C0FFFFFFFFFFFFFFFFFF49
:10277000FFFFFFFFFFFFFFFFFFFFFFFF02600030D3
:102780003FFFFFFFFFFFFF0003FC03F055405555DF
:1027900055555555555505540000035559400016DB
:1027A0005559956559559556565559596569550167
:1027B000550FFAFBFBEBFAFBEFC35555555C2AAA04
:1027C0009AA6AA5A80000FFFFFC000FFFFFFFFFF7D
:1027D000FFFFFFFFFFFFFFFFFFFFFFFFFFFFFFFF09
:1027E000025C02583FFFFFFFFFFFF00000300FF0D8
:1027F0005540355555555555555505550000095504
:1028000097000E595C0003559596559655A595650C
:1028100056556501550EFFBEBEFEBFBEFAC15555E9
:10282000555C1AAAAA7AA6F00000FFFFFFC003FFBA
:10283000FFFFFFFFFFFFFFFFFFFFFFFFFFFFFFFFA8
:10284000FFFFFFFF0194165C3FFFFFFFFFFFC00B80
:1028500000003FC155400155555555555557355503
:102860000000D56950015555C00000356565659576
:102870006955965659565601554FAFBEFEBFEBEF00
:10288000BFC15555555429A9AAA97C00003FFFFF97
:10289000FFFFFFFFFFFFFFFFFFFFFFFFFFFFFFFF48
:1028A000FFFFFFFFFFFFFFFF01A5A5903FFFFFFF19
:1028B000FFFF035558003FC155400055555555552C
:1028C00055541555400956554015559700000001BF
:1028D0005655655955595956559655015543FBEB73
:1028E000EBEBFEEFBEC3555555542AAAAD9F000031
:1028F0000FFFFFFFFFFFFFFFFFFFFFFFFFFFFFFFD8
:10290000FFFFFFFFFFFFFFFFFFFFFFFF0169699070
:102910003FFFFFFFFFFF0962A500FFC15540C01543
:1029200055555555555C15555065655503565950C7
:1029300000000000595A565596555965659569012C
:102940005543BEFFBFFAEFEEEFC0555555542AA7C9
:1029500096C00003FFFFFFFFFFFFFFFFFFFFFFFF2A
:10296000FFFFFFFFFFFFFFFFFFFFFFFFFFFFFFF086
:10297000025A5960FFFFFFFFFFFC06B06A40FF05E7
:102980005543F00555555555555055555C5655A769
:102990000D56594000000000D595566595A59565E2
:1029A0006559550155C3BEEFBEBFEBEFEB805555E2
:1029B000555439AA7C0003FFFFFFFFFFFFFFFFFF15
:1029C000FFFFFFFF33FFFFFFFFFFFFFFFFFFFFFFE3
:1029D000FFFFFF0002969640FFFFFFFFFFFC26402F
:1029E00016603C355543FF015555555555415555D4
:1029F0005495595C35655500000000001555A556E5
:102A0000595596565656550155CFEFEBEBEFBEBED6
:102A1000BF80555555543AA90000FFFFFFFFFFFF47
:102A2000FFFFFFFFFFFFFFC0000FFFFFFFFFFFFFE4
:102A3000FFFFFFFFFFFFFC000965A6403FFFFFFF10
:102A4000FFFC194005A03C155543FF001555555591
:102A500055005555549595501555A400000000009B
:102A6000096555955559555655966901550FEBFE13
:102A7000FFEBEFFBFBF05555555436A4000FFFFF5D
:102A8000FFFFFFFFFFFFFFFFFFFFFC000000FFFF56
:102A9000FFFFFFFFFFFFFFFFFFFFF000966966608B
:102AA0003FFFFFFFFFF0190C039C00D55543FFF0DB
:102AB000015555555400555554595670559958005F
:102AC0000000000009565959659565A565955501A1
:102AD000550EFEBEFAFEFBBBEFB0D55555540A6B42
:102AE00000003FFFFFFFFFFFFFFFFFFFFFFFF000C2
:102AF0003C003FFFFFFFFFFFFFFFFFFFFFFFF00571
:102B0000A65A59900FFFFFFFFFF0D60FF01800559F
:102B10005543FFFC000555F000001555545565431D
:102B200055555000000000000195555565965555C6
:102B300056595501570EFEFBBEFAFBBEEEF0155579
:102B400055540AA9B000000FFFFFFFFFFFFFFFFF72
:102B5000FFFFC00955800FFFFFFFFFFFFFFFFFFFD3
:102B6000FFFFFC0D65A5999803FFFFFFFFF0180F0D
:102B7000F05C00555503FFFFF000000000FC055518
:102B8000506595815A56700000000000015965A5F6
:102B90005556595995569901543FAFEFBFBFBFEFF6
:102BA000BEF0155555540AAAAAB000000FFFFFFF4A
:102BB000FFFFFFFFFFFF0096A99803FFFFFFFFFF46
:102BC000FFFFFFFFFFFFFC009694266603FFFFFF59
:102BD000FFFC1803C29C0055550FFFFFFF000000CB
:102BE000FFFC0015435599C15565400000000000E9
:102BF00002565556966559595965550150EBFBEFEC
:102C0000EBBFBAFBFBEC15555554069AAAAAC000B7
:102C10000003FFFFFFFFFFFFFFFC01A65A6A00FF52
:102C2000FFFFFFFFFFFFFFFFFFFFFF00095B2565C1
:102C300080FFFFFFFFFC198001900055550FFFFF3B
:102C4000FFFF0FFFFFFC00000159550965654000BB
:102C5000000000000355655556559595565565017C
:102C600040FEFBBAFFEBFFBEEFBC155555543AAA28
:102C70009AAAAAC0000000FFFFFFFFFFFFF009694A
:102C80001665C0FFFFFFFFFFFFFFFFFFFFFFFFC055
:102C900000955A9680FFFFFFFFFC29980990005588
:102CA000550FFFFFFFFFFFFFFFFC0000005565050C
:102CB0005655C000001540000059569565595656A6
:102CC000956595010FBEFFBFBEFEEFAFEFBC15557A
:102CD000555439AAAAAA6AABC0000000FFFFFFFF43
:102CE000FFF02696069A403FFFFFFFFFFFFFFFFF22
:102CF000FFFFFFFC00DA400000FFFFFFFFFC06962D
:102D00000A70305555CFFFFFFFFFFFFFFFFC0000AB
:102D1000001655099659C000005540000056955AB6
:102D200055966565596595003FBFB03FBAFEFBFB00
:102D3000BEFC155555542AA6A69AAAAAAAC00000F8
:102D40000FFFFFFFFFC01A58019A600FFFFFFFFF40
:102D5000FFFFFFFFFFFFFFFFC019800003FFFFFF22
:102D6000FFFF0D69C58030955543FFFFFFFFFFFF53
:102D7000FFFF00000035590959550000015550006A
:102D8000006559555955655565595900FEFB000FA9
:102D9000FFAFC3FBFAEC155555542AAA6AAAA9A994
:102DA000AAAAF00000000FFFFFC099903096900F84
:102DB000FFFFFFFFFFFFFFFFFFFFFFFFF02500000A
:102DC0000FFFFFFFFFFF025A5600FC155543FFFFA0
:102DD000FFFFFFFFFFFF0000000D55056595000098
:102DE00001555000005559659569559A5655590039
:102DF000FEFB09C2EFEC003EEFEC1555555439AA25
:102E0000AAA6AA9AA6AAAA00000003FFFFC0A5A02E
:102E1000FC25980FFFFFFFFFFFFFFFFFFFFFFFFFF6
:102E2000F02603FFFFFFFFFFFFFFC0256003FC3517
:102E30005543FFFFFFFFFFFFFFFF0000000195CD9F
:102E400055690000015540000359956559555C00CE
:102E50000D6655003FBF1583EEFCD43EFEFC1555B4
:102E600055543AA6DA6A9AAAAA9A6901400000FF64
:102E7000FFC06943FF02680FFFFFFFFFFFFFFFFF77
:102E8000FFFFFFFFFC3403FFFFFFFFFFFFFFF0002A
:102E9000000FFC055570FFFFFFFFFFFFFFFF000065
:102EA000000059C15A550000015540000255965680
:102EB0005655C000001565000BEF1A43FEF0570F82
:102EC000BEFC1555555406AAAAAAAAAA6AAAAB0519
:102ED000C3FFC0FFFFC05903FFC0D40FFFFFFFFFB8
:102EE000FFFFFFFFFFFFFFFFFC080FFFFFFFFFFFDC
:102EF000FFFFFC00003FFF055550FFFFFFFFFFFFF6
:102F0000FFFFC0000000D5415555C000015500002D
:102F100001965596565C0000000956010FEF1543C7
:102F2000BEE3660FAFAC155555543A9A6AA9A6A6EA
:102F3000A9AAA40503BBF03FFFC3643FFFC0980FDD
:102F4000FFFFFFFFFFFFFFFFFFFFFFFFFC000FFF83
:102F5000FFFFFFFFFFFFFF0003FFFF055550FFFFCF
:102F6000FFFFFFFFFFFFC00000001541A595C00057
:102F700000D40000016565559570000000035701FD
:102F800043FB0E03BEF0570BFBFC1555555439AAF5
:102F9000A9AAAA7AAAA9A4350FFBB03FFFC0680F5F
:102FA000FFC3680FFFFFFFFFFFFFFFFFFFFFFFFFF4
:102FB000FF003FFFFFFFFFFFFFFFFFFFFFFFFF05DA
:102FC000555C3FFFFFFFFFFFFFFFF00000002540C3
:102FD000555940000000000002555A5959C003FFDE
:102FE0000000560D43BFC00FEFBC2C3FBEFC155573
:102FF00055543AAAAAA79AAA6A6AA8150FEFB03F31
:10300000FFC0580FFF09640FFFFFFFFFFFFFFFFF27
:10301000FFFFFFFFFFC3FFFFFFFFFFFFFFFFFFFFFC
:10302000FFFFFF0155543FFFFFFFFFFFFFFFF000D1
:10303000000006605965400000000000095A55591B
:1030400067003FFFFC00270D70EEFFFAFBFC003E1F
:10305000EFA01555555426A9A6AAAA9AAAAAA4353E
:103060000EFEF03FFFC0A580FC26980FFFFFFFFF7C
:10307000FFFFFFFFFFFFFFFFFFFFFFFFFFFFFFFF60
:10308000FFFFFFFFFFFFFFC155543FFFFFFFFFFFA3
:10309000FFFFFC0000000550D59640000000000036
:1030A000059565955400FF3CFFC0070550FEFFFFE6
:1030B000BEEBF3EFEFFC155555542AAAAA9A6AAA5B
:1030C0009AA9B4050FBEFC3FFFC09A9C3CD6900F56
:1030D000FFFFFFFFFFFFFFFFFFFFFFFFFFFFFFFF00
:1030E000FFFFFFFFFFFFFFFFFFFFFFC155543FFF43
:1030F000FFFFFFFFFFFFFF000000059C155560006C
:1031000000000000355595659003FFFFFFC00405E2
:1031100050FBEBAFBEFFEFEFBEF0D55555502A9AEE
:10312000AAAAA9AAAA6AA4350FBFAC0FFFF0999664
:103130000069603FFFFFFFFFFFFFFFFFFFFFFFFF93
:10314000FFFFFFFFFFFFFFFFFFFFFFFFFFFFFFC0CE
:1031500055543FFFFFFFFFFFFFFFFF000000055436
:10316000065950000000000016695A56500FF341EE
:10317000CFFC00055C3BFBFBEFBEFAFAFBA0D5558C
:103180005550E9AA9A79AAA6A7AA68150FEBFC3FA1
:10319000FFF019A6C069403FFFFFFFFFFFFFFFFFE1
:1031A000FFFFFFFFFFFFFFFFFFFFFFFFFFFFFFFF2F
:1031B000FFFFFFF055543FFFFFFFFFFFFFFFFFC082
:1031C00000000D550959580000000000955565563E
:1031D000403FF43F1CFC0005543EBEFBEFBAFFBF6E
:1031E000EFF0D5555550AAAAAAAAA7AAAA9AA81537
:1031F0000EFEFC0FFFF03669429680FFFFFFFFFFD7
:10320000FFFFFFFFFFFFFFFFFFFFFFFFFFFFFFFFCE
:10321000FFFFFFFFFFFFFFF0155C3FFFFFFFFFFF1A
:10322000FFFFFFF000000195C1659600000000035C
:10323000599655A5403F0FDCF1CF00055C3FEFBE2E
:10324000FBFFAFBEFEF055555550A6A9B69AAA6A27
:1032500069AAA4350FBEEC0FFFFC09696D6600FF7B
:10326000FFFFFFFFFFFFFFFFFFFFFFFFFFFFFFFF6E
:10327000FFFFFFFFFFFFFFFFFFFFFFFC05503FFFCA
:10328000FFFFFFFFFFFFFFFC00000059705555C016
:103290000000000959659955C0FF71CF4F1F000507
:1032A00050FBEFBEFBEBFBEEEBE0D5555550EAAA29
:1032B000AAA9AAAAAAAA68150FBBEC3FFFFF035A46
:1032C000969803FFFFFFFFFFFFFFFFFFFFFFFFFFDA
:1032D000FFFFFFFFFFFFFFFFFFFFFFFFFFFFFFFFFE
:1032E0000340FFFFFFFFFFFFFFFFFFFFC0000015D0
:1032F00050256560000000359659595900FCFF3F84
:1033000034F3C00550FBFBEFBEBEFBEFFEF0D5551E
:103310005550DA9A69AAA6A9AAA6E8170FEFBC0F1A
:10332000FFFFC025558003FFFFFFFFFFFFFFFFFFEB
:10333000FFFFFFFFFFFFFFFFFFFFFFFFFFFFFFFF9D
:10334000FFFFFFFFC000FFFFFFFFFFFFFFFFFFFFCB
:10335000F00F003556356558000000959659659573
:1033600000FD071F3FC7C00550FEBEFBBEFEFAFBB7
:10337000BEF055555550EAAAAAAA6A9AA9AA9C1560
:103380000EFEFC0FFFFFF000FC003FFFFFFFFFFF02
:10339000FFFFFFFFFFFFFFFFFFFFFFFFFFFFFFFF3D
:1033A000FFFFFFFFFFFFFFFFF00FFFFFFFFFFFFF2C
:1033B000FFFFFFFFFFFFF00D65555995800039595C
:1033C0006596565900F3FCF373FCF00540EFEFBF30
:1033D000AFEBEFBFAFA01555555026A6DAA6AAAAA7
:1033E000AAAA90150FAFEC3FFFFFFC000000FFFF03
:1033F000FFFFFFFFFFFFFFFFFFFFFFFFFFFFFFFFDD
:10340000FFFFFFFFFFFFFFFFFFFFFFFFFFFFFFFFCC
:10341000FFFFFFFFFFFFFFFFFFFFF003555695552E
:1034200056B655966596596503F4FF4FCD3FC015C6
:10343000C3EFBFBEFBBFAFBEFBFC155555502A6D99
:10344000AAAAA9AA6A69A0D50FFAFC0FFFFFFFC0BC
:10345000000FFFFFFFFFFFFFFFFFFFFFFFFFFFFF6B
:10346000FFFFFFFFFFFFFFFFFFFFFFFFFFFFFFFF6C
:10347000FFFFFFFFFFFFFFFFFFFFFFFFFFFFFF005B
:10348000D655566595565A665A59659600FFC73403
:10349000DCF1C01503FAFAFAFBFBFBEFFBEC155568
:1034A00055542AAAA69A9AAAAAAA90550EFFAC0F1A
:1034B000FFFFFFFFCFFFFFFFFFFFFFFFFFFFFFFF4C
:1034C000FFFFFFFFFFFFFFFFFFFFFFFFFFFFFFFF0C
:1034D000FFFFFFFFFFFFFFFFFFFFFFFFFFFFFFFFFC
:1034E000FFFFFF00056965596959A5659665A595B2
:1034F00000F1CF3F3C73F0140EBFEFEFBEEBFBEBE0
:10350000BEFC155555542AA6AAAAAAA6DAAAA0D581
:103510000FAFFC3FFFFFFFFFFFFFFFFFFFFFFFFFBE
:10352000FFFFFFFFFFFFFFFFFFFFFFFFFFFFFFFFAB
:10353000FFFFFFFFFFFFFFFFFFFFFFFFFFFFFFFF9B
:10354000FFFFFFFFFFFFFFF00155659656995A5D9B
:103550007575965903FCD371CFF430303FEEBEEF52
:10356000BEFEBEFFBEFC155555542A6AAAA9AA790B
:10357000AA69A0150FFAEC0FFFFFFFFFFFFFFFFF87
:10358000FFFFFFFFFFFFFFFFFFFFFFFFFFFFFFFF4B
:10359000FFFFFFFFFFFFFFFFFFFFFFFFFFFFFFFF3B
:1035A000FFFFFFFFFFFFFFFFFFFFFFF000965596B5
:1035B0005565975966595965C0F4FF3CFD0F4000A9
:1035C000FBEFFAFBEFBEFAFAFBEC155555543AAA9D
:1035D0009A6AA6AAA6AA9C150EFBEC0FFFFFFFFF96
:1035E000FFFFFFFFFFFFFFFFFFFFFFFFFFFFFFFFEB
:1035F000FFFFFFFFFFFFFFFFFFFFFFFFFFFFFFFFDB
:10360000FFFFFFFFFFFFFFFFFFFFFFFFFFFFFFFFCA
:10361000003569596966D5A6969A5965C0CFC734F1
:10362000D3FFC003BEBEBFBEEFAFEFBFEFBC1555AB
:10363000555C26A9AAAA6A9AAAAA90150FBFBC3FF0
:10364000FFFFFFFFFFFFFFFFFFFFFFFFFFFFFFFF8A
:10365000FFFFFFFFFFFFFFFFFFFFFFFF7FFFFFFFFA
:10366000FFFFFFFFFFFFFFFFFFFFFFFFFFFFFFFF6A
:10367000FFFFFFFFC00156595A595D575D57595911
:10368000403F4FFFCFF3C03FBEFBEFBEFBFBEFAFB2
:10369000AFB80555555C2AAAAA9AAAAA9AA6DC151B
:1036A0000FBBFC3FFFFFFFFFFFFFFFFFFFFFFFFF21
:1036B000FFFFFFFFFFFFFFFFFFFFFFFFFFFFFFFF1A
:1036C0005FFFFFFFFFFFFFFFFFFFFFFFFFFFFFFFAA
:1036D000FFFFFFFFFFFFFFFFFC00D596959D65B53F
:1036E00065E5A596403CFC73FC71C0FBEFEFEFEB8A
:1036F000FBBEBEFAFBF8055555502A9B6AAAAA6A7A
:10370000AAAA90550EFBAC0FFFFFFFFFFFFFFFFFC4
:10371000FFFFFFFFFFFFFFFFFFFFFFFFFFFFFFFFB9
:10372000FFFFFFFF7FFFFFFFFFFFFFFFFFFFFFFF29
:10373000FFFFFFFFFFFFFFFFFFFFFFFFFF000D5534
:1037400096969759E5595A56700D3CFF1CFF00FBA1
:10375000EFBEFAFFBEFBFBFFFBEF055555501AAA63
:10376000A6A6A6E6A9A9A0550EFEFC3FFFFFFFFFF7
:10377000FFFFFFFFFFFFFFFFFFFFFFFFFFFFFFFF59
:10378000FFFFFFFFFFFFFFFFFFFFFFFFFFFFFFFF49
:10379000FFFFFFFFFFFFFFFFFFFFFFFFFFFFFFFF39
:1037A000FFC000255975B5995E699759500FFD07FF
:1037B0003D0703FEBEBEBFBEBEFBEBAFBEFF055561
:1037C0005550E9A9AAAA6AAA9AAAA0550FAFEC3F38
:1037D000FFFFFFFFFFFFFFFFFFFFFFFFFFFFFFFFF9
:1037E000FFFFFFFFFFFFFFFFFFFFFFFFFFFFFFFFE9
:1037F000FFFFFFFFFFFFFFFFFFFFFFFFFFFFFFFFD9
:10380000FFFFFFFFFFFC0000356565D759D755A5C1
:103810009C0073FF43FC03EFFBEFEFBFEFBEFFEB3A
:10382000AFBB05555550AAAAA9AAAA6AAA9B60557A
:103830000FFBBC3FFFFFFFFFFFFFFFFFFFFFFFFF8F
:10384000FFFFFFFFFFFFFFFFFFFFFFFFFFFFFFD7B0
:10385000FFFFFFFFFFFFFFFFFFFFFFFFFFFFFFFF78
:10386000FFFFFFFFFFFFFFFFFFFFC0000D6B5D6667
:10387000B59679565403FF70FFFC03EBEBEFBEEBFC
:10388000EFBEBEFFFBF805555550AAA6AAA9AAAAE5
:103890006AAAA0D50EFBFC3FFFFFFFFFFFF0000070
:1038A000FFFFFFFFFFFFFFFFFFFFFFFFFFFFFFFF28
:1038B000FFFFFFD5FFFFFFFFFFFFFFFFFFFFFFFF42
:1038C000FFFFFFFFFFFFFFFFFFFFFFFFFFFFFF0007
:1038D00006959A75675D5665660034371C4C0FBEB9
:1038E000FEFBBBFEFBEFEEFAFBEC35555550A9AAEB
:1038F0009B6AA9AAAA7990D50EEFA03FFFFFFFFF10
:10390000FF0000000FFFFFFFFFFFFFFFFFFFFFFFB4
:10391000FFFFFFFFFFFFFF59FFFFFFDFFFFFFFFF7D
:10392000FFFFFFFFFFFFFFFFFFFFFFFFFFFFFFFFA7
:10393000FFFFFFFC065D975B5669D66965C03FF3E4
:10394000FCF40FBEFEFBFBBEFBEFEFBFBEEC15555C
:103950005570AAA9AAA6AAA6DAAAA0150FEFF03F49
:10396000FFFFFFFFFC00030003FFFFFFFFFFFFFF60
:10397000FFFFFFFFFFFFFFFFFFFFFF96FDFFFFD7EA
:10398000FFFFFFFFFFFFFFFFFFFFFFFFFFFFFFFF47
:10399000FFFFFFFFFFFFFFFC3599E596B5D599596D
:1039A000594003FFCD300FEFAFBEEFAFBEBEBFBF7C
:1039B000BEFC155555706A6EA9AA9B6AAA9AA015F5
:1039C0000EFAF03FFFFFFFFFF002555B00FFFFFF25
:1039D000FFFFFFFFFFFFFFFFFFFFFFFFFFD5FFD64A
:1039E000FDBFFFFFFFFFFFFFFFFFFFFFFFFFFFFF29
:1039F000FFFFFFFFFFFFFFFFFFFFFFFC35D55DB5BA
:103A0000599D69D6955003C4F3D03EFBFBBEFEFB27
:103A1000BFFBFBEBEFBC15555550AAA6AAAAAAAA54
:103A20006AAA9C140FBFB03FFFFFFFFFC026AAA5E4
:103A3000803FFFFFFFFFFFFFFFFFFFFFFFFFFFFFD5
:103A4000FF55BFDAFDFFD5FFFFFFFFFFFFFFFFFFC1
:103A5000FFFFFFFFFFFFFFFFFFFFFFFFFFFFFFFC79
:103A6000356E596B5D6965956654003F7F003EFB7E
:103A7000FBEBEBFBEBEBEBFEFBEC15555570A6AA55
:103A8000A6AA69AAA9AA981403EFB0FFFFFFFFFF37
:103A900000A59569A00FFFFFFFFFFFFFFFFFFFFFDE
:103AA000FFFFFFFFFF967FE63FFF55BFFFFFFFFFD2
:103AB000FFFFFFFFFFFFFFFFFFFFFFFFFFFFFFFF16
:103AC000FFFFFFFC3656D75696D7975A5665C0006B
:103AD00000003FAFAFFFBFBEFEBEFEBEFBEC155504
:103AE0005550AAA9AA9BAAA9AAD6C00000EFF0FF28
:103AF000FFFFFFFF035A69E59C0FFFFFFFFFFFFF7A
:103B0000FFFFFFFFFFFFFFFFFFDA6FF6FFFD66FF1E
:103B1000FFFFFFFFFFFFFFFFFFFFFFFFFFFFFFFFB5
:103B2000FFFFFFFFFFFFFFFC36A566B5E595965941
:103B3000655950000000FBFEFEBBBEBEFBFEFFEF62
:103B4000BEFC15555550DA9AAAA9AA9AA66C00008F
:103B5000003EF0FFFFFFFFFC016958269403FFFFC2
:103B6000FFFFFFFFFFFFFFFFFFFFFFFFFFE59FFFDF
:103B7000FFFD67FFFFFFFFFFFFFFFFFFFFFFFFFFEF
:103B8000FFFFFFFFFFFFFFFFFFFFFFFC05767569EB
:103B90006D79D5A596955B000000FAFBEFBFBEFBE3
:103BA000EFAFABEFBEFC15555550EAAAA9AA9AAAE9
:103BB0006F000003F00FC0FFFFFFFFFC09A58006A8
:103BC0006703FFFFFFFFFFFFFFFFFFFFFFFFFFFF99
:103BD000FFF59BFFFFF59BFFFFFFFFFFFFFFFFFFD1
:103BE000FFFFFFFFFFFFFFFFFFFFFFFFFFFFFFFCE8
:103BF000065B5B5E56596D56595655579503EFBB9C
:103C0000EBEEFBEFAFFBFEFBEFA015555550E6AA20
:103C10006AAAA96B000003FFFF0003FFFFFFFFF08C
:103C2000065800096A03FFFFFFFFFFFFFFFFFFFFCA
:103C3000FFFFFFFF5FFE57FFFFE5BFFFFFFFFFFF37
:103C4000FFFFFFFFFFFFFFFFFFFFFFFFFFFFFFFF84
:103C5000FFFFFFFC06959696D79D5699656595558D
:103C60005603EFBEFEFBEFBEFAFBEEFBEFFC155575
:103C70005550EA9AAB696BC000003FFFFF0003FF9D
:103C8000FFFFFFF026803FCDA503FFFFFFFFFFFFF3
:103C9000FFFFFFFFFFFFFFFF5FFF95FFFFD6FFFF67
:103CA000FFFFFFFFFFFFFFFFFFFFFFFFFFFFFFFF24
:103CB000FFFFFFFFFFFFFFFF09D6D5E56959D65D7E
:103CC00066559665540FBEFEFEFBEFBEFFBEBFAF4E
:103CD000BEBC15555550DAAA966BC000000FFFFF09
:103CE000FFF00FFFFFFFC0001903FFC19900FFFFA6
:103CF000FFFFFFFFFFFFFFFFFFFFFFFFFFFFE97F6A
:103D0000FFDBFFFFFFFFFFFFFFFFFFFFFFFFFFFFE7
:103D1000FFFFFFFFFFFFFFFFFFFFFFFF0D6D6D5E6A
:103D200075E5996595695656500FBEEFAFAFBEFB6E
:103D3000EFBFFBFEFBEC15555540AA65FF000000E8
:103D40000FFFFFFFFFFFFFFFFFFC000019C3FFF2A3
:103D50006900FFFFFFFFFFFFFFFFFFFFFFFFFFFF08
:103D6000FF73FE7FFFFFFFEFFFFFFFFFFFFFFFFF80
:103D7000FFFFFFFFFFFFFFFFFFFFFFFFFFFFFFFF53
:103D800001596695965E599596556559503EFBEFDB
:103D9000FBFEFAFBEBEBEBEEFBEC0555554066FC4E
:103DA00000000003FFFFFFFFFFFFFFFFFFF0000029
:103DB0002643FFF06503FFFFFFFFFFFFFFFFFFFF4D
:103DC000FFFFFFFFFF57FFFFFFFFFD5BFFFFFFFF51
:103DD000FFFFFFFFFFFFFFFFFFFFFFFFFFFFFFFFF3
:103DE000FFFFFFFF035B5769DB55A5D65656559578
:103DF000403EFBFAFBBECFEEFEFEFEEFBEFB0555DE
:103E00005543C00000000FFFFFFFFFFFFFFFFFFF54
:103E1000FFC00290D660FFFC1A03FFFFFFFFFFFF09
:103E2000FFFFFFFFFFFFFFFFFF95FFFFFFFFF59F76
:103E3000FFFFFFFFFFFFFFFFFFFFFFFFFFFFFFFF92
:103E4000FFFFFFFFFFFFFFFFC065B57595B59659F2
:103E500065659959C0FBEFBFBEEBC00FEFBEFEFB1F
:103E6000EFBF055555C0000000FFFFFFFFFFFFFF3C
:103E7000FFFFFFFFFF00D6901A90FFC02900FFFF51
:103E8000FFFFFFFFFFFFFFFFFFFFFFFFFFFFFFFF42
:103E9000FFFFFFFFFFFFFFFFFFFFFFFFFFFFFFFF32
:103EA000FFFFFFFFFFFFFFFFFFFFFFFFC0659697CC
:103EB0005D5A5D659595559603FBEFBEFEFFF000DC
:103EC0000FFFAFBEFBEF015555000033FFFFFFFFB3
:103ED000FFFFFFFFFFFFFFFFFF02A59819983C00BF
:103EE0002503FFFFFFFFFFFFFFFFFFFFFFFFFFFFB8
:103EF000FFFFFFFFFFFFFFFFFFFFFFFFFFFFFFFFD2
:103F0000FFFFFFFFFFFFFFFFFFFFFFFFFFFFFFFFC1
:103F1000C0DD6D5A69965965995A595403BEFBEE36
:103F2000EFBEFF000000FFFEBEFAC1555503FFFFC4
:103F3000FFFFFFFFFFFFFFFFFFFFFFFFFC0D69A873
:103F4000296430396603FFFFFFFFFFFFFFFFFFFF1C
:103F5000FFFFFFFFFFFFFFFFFFFFFFFFFFFFFFFF71
:103F6000FFFFFFFFFFFFFFFFFFFFFFFFFFFFFFFF61
:103F7000FFFFFFFFF01A56D5D697565956555950A0
:103F80000FBEFBEFEFBEFB0000000003FFFFC055BC
:103F90005703FFFFFFFFFFFFFFFFFFFFFFFFFFFFD5
:103FA000FC069A5406A7035A940FFFFFFFFFFFFF7A
:103FB000FFFFFFFFFFFFFFFFF56FFFFFFFFFFFFFAB
:103FC000FFFFFFFFFFFFFFFFFFFFFFFFFFFFFFFF01
:103FD000FFFFFFFFFFFFFFFFF005D56D59756596E9
:103FE000556595403FEFBEFBEBEFBC00C000000005
:103FF00000000055540FFFFFFFFFFFFFFFFFFFFF13
:10400000FFFFFFFFF03696A6099609969C0FFFFF6B
:10401000FFFFFFFFFFFFFFFFFFFFFFFFE5BFFFFF0A
:10402000FFFFFE57F7FFFFFFFFFFFFFFFFFFFFFF51
:10403000FFFFFFFFFFFFFFFFFFFFFFFFFC016D65BD
:10404000A565A59669656500FAFBEFBEBEFBF003AA
:10405000FFF0000000000015540FFFFFFFFFFFFFFF
:10406000FFFFFFFFFFFFFFFFF0196969026A25A547
:10407000600FFFFFFFFFFFFFFFFFFFFFFFFFFFFFDF
:10408000E7FFFFFFFFFFF555F6FFFFFFFFFFFFFF15
:10409000FFFFFFFFFFFFFFFFFFFFFFFFFFFFFFFF30
:1040A000FF0356975B59596555565403FFBEFBEF06
:1040B000FEFBC00FFFFFFF0000000000003FFFFFFE
:1040C000FFFFFFFFFFFFFFFFFFFFFFFF001A6999E0
:1040D00080596A69803FFFFFFFFFFFFFFFFFFFFF7F
:1040E000FFFFFFFFFFFFF5FFFF7FFFAFFFFFFFFFBA
:1040F000FFFFFFFFFFFFFFFFFFFFFFFFFFFFFFFFD0
:10410000FFFFFFFFFF00D659655A59659696500F7D
:10411000EBEFBEFBEFBF00FFFFFFFFFFF000000073
:10412000003FFFFFFFFFFFFFFFFFFFFFFFFFFFFC61
:1041300000A6969A6025965800FFFFFFFFFFFFFF3D
:10414000FFFFFFFFFFFFFFFFFFFF95FFFF5FFFFF89
:10415000FFFFFFFFFFFFFFFFFFFFFFFFFFFFFFFF6F
:10416000FFFFFFFFFFFFFFFFFFC035999695A59565
:104170009555803FBEFBEFBEBFBC00FFFFFFFFFFBA
:10418000FFFFFF0003FFFFFFFFFFFFFFFFFFFFFF3A
:10419000FFFFFFC00065A6969803968000FFFFFF13
:1041A000FFFFFFFFFFFFFFFFFFFFFFFFFFFF56FFC8
:1041B000FF5BFFFFFFFFFFFFFFFFFFFFFFFFFFFFB3
:1041C000FFFFFFFFFFFFFFFFFFFFFFFFFFF00359B0
:1041D00095965659595800FFBEFBEFAFFBF00FFF05
:1041E000FFFFFFFFFFFFFFFFFFFFFFFFFFFFFFFFDF
:1041F000FFFFFFFFFFFFFF000A696969A6000000DB
:104200000FFFFFFFFFFFFFFFFFFFFFFFFFFFFFFFAE
:10421000FFF95BFFFF96FFFFFFFFFFFFFFFFFFFFC1
:10422000FFFFFFFFFFFFFC000FFFFFFFFFFFFFFF90
:10423000FFFC00D579656565957003FAFBEFBEFB61
:10424000EFC03FFFFFFFFFFFFFFFFFFFFFFFFFFF8D
:10425000FFFFFFFFFFFFFFFFFFFFFC00D6969A69FD
:104260006A800000FFFFFFFFFFFFFFFFFFFFFFFF70
:10427000FFFFFFFFFFF59FF9FFD57FFFFFFFFFFF68
:10428000FFFFFFFFFFFFFFFFFFFFC00000FFFFFF7B
:10429000FFFFFFFFFFFF000D5669659557000FBF39
:1042A000EFBEFBFBEC00FFFFFFFFFFFFFFFFFFFF89
:1042B000FFFFFFFFFFFFFFFFFFFFFFFFFFFFFC020E
:1042C00099625A5A596A000FFFFFFFFFFFFFFFFF75
:1042D000FFFFFFFFFFFFFFFFFFD5AFF5FFE656FF34
:1042E000FFFFFFFFFFFFFFFFFFFFFFFFFFFC0000DF
:1042F000000FFFFFFFFFFFFFFFFFF00015555556B2
:10430000F000FFBBEFBEFBBEB003FFFFFFFFFFFFF0
:10431000FFFFFFFFFFFFFFFFFFFFC033FFFFFFFFB8
:10432000FFFFF009A94065A69A59803FFFFFFFFFF4
:10433000FFFFFFFFFFFFFFFFFFFFFFFFFFD66FF94C
:10434000BFF9957FFFFFFFFFFFFFFFFFFFFFFFFFAD
:10435000FFFC00EF0003FFFFFFFFFFFFFFFFFC007C
:10436000003FFFC0000FFBFAFBEFBFBFC00FFFFF16
:10437000FFFFFFFFFFFFFFFFFFFFFFFFFFFF00004B
:10438000003FFFFFFFFFC03596B0A6A5A69940FFEE
:10439000FFFFFFFFFFFFFFFFFFFFFFFFFFFFFFFF2D
:1043A000FF967FF57FFF5A7FFFFFFFFFFFFFFFFFB5
:1043B000FFFFFFFFFFF00955A000FFFFFFFFFFFF1A
:1043C000FFFFFFC000000000003FBBEFBEFBEFEBB4
:1043D000003FFFFFFFFFFFFFFFFFF3C000000000F3
:1043E000000000000003FFFFFFFFC01A6960DA5AF7
:1043F00065A6403FFFFFFFFFFFFFFFFFFFFFFFFF3F
:10440000FFFFFFFFFFD67FF67FFFE5BFFFFFFFFF48
:10441000FFFFFFFFFFFFFFFFFFC02AA966003FFF6E
:10442000FFFFFFFFFFFFFFFC000000000000FEFF9A
:10443000BEFBEEFC03FFFFFFFFFF300000000000AB
:1044400000000000000009AB0003FFFFFFFF009A1F
:10445000699019A66A66403FFFFFFFFFFFFFFFFF5D
:10446000FFFFFFFFFFFFFFFFFFD5BFFD7E8FFFFFB9
:10447000FFFFFFFFFFFFFFFFFFFFFFFFFFC0965A99
:1044800069803FFFFFFFFFFFFFFFFFFFF00000001D
:10449000000000EBEFBEFEC00FFFFC30000000008C
:1044A000000000000000000000000A5959C3FFFF8F
:1044B000FFFF0065969029A6966A603FFFFFFFFF09
:1044C000FFFFFFFFFFFFFFFFFFFFFFFFFFD9FFFF22
:1044D000FD7FFFFFFFFFFFFFFFFFFFFFFFFFFFFF6E
:1044E000FF0369A699A00FFFFFFFFFFFFFFFFFFF7C
:1044F000FFFFCFFF03C0003FEFBEEB000000000056
:1045000000000000000000000F3CF3CF3CF006A9C3
:10451000A980FFFFFFFF0269A6902659A696A03F3B
:10452000FFFFFFFFFFFFFFFFFFFFFFFFFFFFFFFF9B
:10453000FFFFFFFFFE5FFFFFFFFFFFFFFFFFFFFF2C
:10454000FFFFFFFFFF0169A59A5C03FFFFFFFFFF6D
:10455000FFFFFFFFFFFFFFFF099AA00EFFFFF00024
:104560000000000000000000CFFFFFFFFFFFFFFF83
:10457000FFFC09969A80FFFFFFFC029A696C26995E
:1045800069A5A03FFFFFFFFFFFFFFFFFFFFFFFFF4A
:10459000FFFFFFFFFFFFFFFFFF5FFFFFFFFFFFFFCB
:1045A000FFFFFFFFFFFFFFFFFC0D965A669400FF21
:1045B000FFFFFFFFFFFFFFFFFFFFFFFC29A69A00A1
:1045C00000000000000000033FFFFFFFFFFFFFFBB4
:1045D000EFBEFBEFBEF839AA5983FFFFFFFC0D9633
:1045E0005A5C29A69969603FFFFFFFFFFFFFFFFFAD
:1045F000FFFFFFFFFFFFFFFFFFFFFFD7FFFFFFFFF3
:10460000FFFFFFFFFFFFFFFFFFFFFFFFFC0A9A69AD
:1046100065A600FFFFFFFFFFFFFFFFFFFFFFFFFC9F
:104620002A69A58000000000000FFFFFFFFFFFBE0A
:10463000FEFEFBBEFBEFBEFBEFBC2666A980FFFFC4
:10464000FFFC09A6969805A69A5A603FFFFFFFFF58
:10465000FFFFFFFFFFFFFFFFFFFFFFFFFFFFFFD792
:10466000FFFFFFFFFFFFFFFFFFFFFFFFFFFFFFFF5A
:10467000FC05A5A6A969C03FFFFFFFFFFFFFFFFFE5
:10468000FFFFFFFC16996A8003FFFFFFFFFFFFEFAC
:10469000BEFBEBEFAFEFBFBEFBEFFFFEFBEC26A5D3
:1046A000A640FFFFFFFC0A69A998365966A6903F0D
:1046B000FFFFFFFFFFFFFFFFFFFFFFFFFFFFFFFF0A
:1046C000FFFFFFFFFFFFFFFFFFFFFFFFFFFFFFFFFA
:1046D000FFFFFFFFFC0969969A99403FFFFFFFFF2C
:1046E000FFFFFFFFFFFFFFFC1A9A9A43FFFFFFFF48
:1046F000FEFFEFBEFBEFBEFBFBEFBFFBFEFD555B1E
:10470000FBEC299A5A43FFFFFFFC065969982A6976
:10471000A5A5A03FFFFFFFFFFFFFFFFFFFFFFFFF7C
:10472000FFFFFFFFFFFFFFFFFFFFFFFFFFFFFFFF99
:10473000FFFFFFFFFFFFFFFFFC069A69659A600F0E
:10474000FFFFFFFFFFFFFFFFFFFFFFFCD969A5830E
:10475000FBFEFFBEEFAEFBFBEFBEFFBEFBFBF55566
:1047600057F9AF55FEFC29AA6980FFFFFFFC069AA6
:104770005A6C05A69A5A603FFFFFFFFFFFFFFFFF3D
:10478000FFFFFFFFFFFFFFFFFFFFFFFFFFFFFFFF39
:10479000FFFFFFFFFFFFFFFFFFFFFFFFFC06966924
:1047A000A696900FFFFFFFFFFFFFFFFFFFFFFFFC3D
:1047B000DAA66A43FBEFAFBEFBFEFBEFBEFBEBEFFF
:1047C000BEBFBAFEABB7DF6DAFBC265A6940FFFF74
:1047D000FFFC0696965836965A69603FFFFFFFFF2A
:1047E000FFFFFFFFFFFFFFFFFFFFFFFFFFFFFFFFD9
:1047F000FFFFFFFFFFFFFFFFFFFFFFFFFFFFFFFFC9
:10480000FC0269969A699C03FFFFFFFFFFFFFFFF11
:10481000FFFFFFF099A69A43BEFBFBEFBFBFBEFEB2
:10482000FBEFBFEFBFEFBFEFFFF56995FFBC26A51C
:10483000A670FFFFFFFC05A6A6902669A5A6903FDF
:10484000FFFFFFFFFFFFFFFFFFFFFFFFFFFFFFFF78
:10485000FFFFFFFFFFFFFFFFFFFFFFFFFFFFFFFF68
:10486000FFFFFFFFF00265A65969A403FFFFFFFFEA
:10487000FFFFFFFFFFFFFFF09A599A43FEFBFBEF9C
:10488000EFBBEFBEFFBEFBFBEFEFEFBEFEFE559BA7
:10489000FBEC296A96A0FFFFFFFC0A696990296971
:1048A000A696A03FFFFFFFFFFFFFFFFFFFFFFFFFF9
:1048B000FFFFFFFFFFFFFFFFFFFFFFFFFFFFFFFF08
:1048C000FFFFFFFFFFFFFFFFC00DA0D6A69664030A
:1048D000FFFFFFFFFFFFFFFFFFFFFFF035A9A683EC
:1048E000EFBEBFBEFBFBEFBFAFBFEFBEFAFAFEFBF2
:1048F000EFAFFFFFBEFC1A969A60FFFFFFFC065A5F
:10490000599C29965A69603FFFFFFFFFFFFFFFFF99
:10491000FFFFFFFFFFFFFFFFFFFFFFFFFFFFFFFFA7
:10492000FFFFFFFFFFFFFFFFFFFFFFFF0029600901
:10493000669A6A00FFFFFFFFFFFFFFFFFFFFFF0018
:10494000026A6643EFBFEFBEFBEFBEFBFBEBEFBEC1
:10495000FFBFBEFFBFFFFFFFBEFC25A9A9603FFF51
:10496000FFFC0A96A6901A9A6969403FFFFFFFFF75
:10497000FFFFFFFFFFFFFFFFFFFFFFFFFFFFFFFF47
:10498000FFFFFFFFFFFFFFFFFFFFFFFFFFFFFFFF37
:10499000035A5C0DA5A59500FFFFFFFFFFFFFFFF7A
:1049A000FFFFFC0D40D66A43FBEFEFEFBEFEFBEFCF
:1049B000BEFEFBEFEFBFBFAFBAFAFBEBEFAC2A5A7C
:1049C00069A03FFFFFFC09A5A6501669A69680FFC7
:1049D000FFFFFFFFFFFFFFFFFFFFFFFFFFFFFFFFE7
:1049E000FFFFFFFFFFFFFFFFFFFFFFFFFFFFFFFFD7
:1049F000FFFFFFFC029694025A6A9AC0FFFFFFFF76
:104A0000FFFFFFFFFFFFF02558069943BEFAFAFBB0
:104A1000EFBEFBEFBEFEFBEFBEFBEBFBFFBFBEFE40
:104A2000FBFC1A6A5AA0FFFFFFFC016A5A60E665A8
:104A3000969A40FFFFFFFFFFFFFFFFFFFFFFFFFF13
:104A4000FFFFFFFFFFFFFFFFFFFFFFFFFFFFFFFF76
:104A5000FFFFFFFFC00FFFFC09A6A6006A5969808F
:104A60003FFFFFFFFFFFFFFFFFFFC0555701AA43B6
:104A7000EFFFBFFBEFBFBEFBEFBFBEFBFBEFFFFBDC
:104A8000EFBFBEFEFBEC25A5A6603FFFFFFF025A6D
:104A900069609A6A6969403FFFFFFFFFFFFFFFFF00
:104AA000FFFFFFFFFFFFFFFFFFFFFFFFFFFFFFFF16
:104AB000FFFFFFFFFFFFFFFC0000FFF005A569C03F
:104AC000A5A696403FFFFFFFFFFFFFFFFFFF015638
:104AD000558066B3FBAFFEFEFBEBEFBEFBEBFEFBD0
:104AE000EFBEBEBEFBEBEFAFEFEC2A5AA6603FFF76
:104AF000FFFF02969680999669A580FFFFFFFFFF52
:104B0000FFFFFFFFFFFFFFFFFFFFFFFFFFFFFFFFB5
:104B1000FFFFFFFFFFFFFFFFFFFFFFFC0000FFF0B5
:104B20002A5A99401A669A403FFFFFFFFFFFFFFF96
:104B3000FFFC05959570A573BFFAF5AFBEFEFFFEAD
:104B4000FBFEEFBEFEFBEFEFBEFEFBFBEEFC26A97D
:104B500069A0FFFFFFFF0069A64069A6969A80FF43
:104B6000FFFFFFFFFFFFFFFFFFFFFFFFFFFFFFFF55
:104B7000FFFFFFFFFFFFFFFFFFFFFFFFFFFFFFFF45
:104B80000003FFF01A699A701A6969703FFFFFFF0E
:104B9000FFFFFFFFFFF0155959509A43FAFFB57F09
:104BA000BFBFBA5FFFBEFBEFBEFBFBEFBFEFBEFBBD
:104BB000FEFC259A9A503FFFFFFFC0A969826669F3
:104BC000A65900FFFFFFFFFFFFFFFFFFFFFFFFFFF3
:104BD000FFFFFFFFFFFFFFFFFFFFFFFFFFFFFFFFE5
:104BE000FFFFFFFFFFFFFFF016969690359A66A035
:104BF0003FFFFFFFFFFFFFFFFFF0555565606A7342
:104C0000FFAFD5F7FB5FBF5A56BFBEFBEFBFBEFB82
:104C1000E9BFBEFFBFAC2A59A6903FFFFFFFC016F9
:104C20009989A65969A503FFFFFFFFFFFFFFFFFF5B
:104C3000FFFFFFFFFFFFFFFFFFFFFFFFFFFFFFFF84
:104C4000FFFFFFFFFFFFFFFFFFFFFFF025A66990BB
:104C5000069696500FFFFFFFFFFFFFFFFFF059A5DD
:104C600065606673EFF5D5D7595FF555555BEFBFB6
:104C7000EFE76DBEF57BEFB5BBFC26A969A03FFF52
:104C8000FFFFF0069A5A5A9A59A603FFFFFFFFFF4B
:104C9000FFFFFFFFFFFFFFFFFFFFFFFFFFFFFFFF24
:104CA000FFFFFFFFFFFFFFFFFFFFFFFFFFFFFFF023
:104CB000DA6969980A69A9A00FFFFFFFFFFFFFFFEC
:104CC000FFF055565650A670EEF556D6557ED55582
:104CD0006557EFFAFBD559FEF57EFFD55FBC25A6DB
:104CE00099903FFFFFFFFC02569699A6A66603FF28
:104CF000FFFFFFFFFFFFFFFFFFFFFFFFFFFFFFFFC4
:104D0000FFFFFFFFFFFFFFFFFFFFFFFFFFFFFFFFB3
:104D1000FFFFFFF01A5A9698096969900FFFFFFF8D
:104D2000FFFFFFFFFFF056565650AA60FE5E565634
:104D3000557EEE55BF57FB556DD555EFB5BE5B9A09
:104D40005FBC2A5A9A903FFFFFFFFF00E169A5A5CB
:104D5000A66403FFFFFFFFFFFFFFFFFFFFFFFFFF53
:104D6000FFFFFFFFFFFFFFFFFFFFFFFFFFFFFFFF53
:104D7000FFFFFFFFFFFFFFF01699A6680A969690C7
:104D80000FFFFFFFFFFFFFFFFFF065656550998391
:104D9000BF5B956F657EFF59579FBE555965B6FB42
:104DA000F59D575F5FEC26A5A5903FFFFFFFFFC075
:104DB00002A5A65A5A980FFFFFFFFFFFFFFFFFFF54
:104DC000FFFFFFFFFFFFFFFFFFFFFFFFFFFFFFFFF3
:104DD000FFFFFFFFFFFFFFFFFFFFFFF029A5A66416
:104DE00009A69A5C0FFFFFFFFFFFFFFFFFF0D595BD
:104DF0006590A960EBD75A7F555FBB5F55FFBD65D6
:104E0000D566FEBFA5D967559EFC266A6A903FFF0E
:104E1000FFFFFFF0019A5A9A69980FFFFFFFFFFF0B
:104E2000FFFFFFFFFFFFFFFFFFFFFFFFFFFFFFFF92
:104E3000FFFFFFFFFFFFFFFFFFFFFFFFFFFFFFF091
:104E4000196A5A640969699C0FFFFFFFFFFFFFFFA2
:104E5000FFF01596557096A0FEE55D7F5A9FBF5BEB
:104E6000D6FBED75D557556E5595A7559FBC2A5A5B
:104E700065AC3FFFFFFFFFFF019A69A5A5900FFFFB
:104E8000FFFFFFFFFFFFFFFFFFFFFFFFFFFFFFFF32
:104E9000FFFFFFFFFFFFFFFFFFFFFFFFFFFFFFFF22
:104EA000FFFFFFF0269699A40A5A65900FFFFFFFB7
:104EB000FFFFFFFFFFFC15565A706A70EFF56D5645
:104EC000FF9BEF5EFFBEFD75D966557E659D9755CC
:104ED0005BEC25A5AA5C3FFFFFFFFFFF02969669EA
:104EE0009A603FFFFFFFFFFFFFFFFFFFFFFFFFFF96
:104EF000FFFFFFFFFFFFFFFFFFFFFFFFFFFFFFFFC2
:104F0000FFFFFFFFFFFFFFFC0699A59706A69A9CEF
:104F10000FFFFFFFFFFFFFFFFFFC35655550666089
:104F2000EFBEBE55BFEFEFAFFBD7ED75D967FFBF43
:104F3000F5D5D7555FEC36A996903FFFFFFFFFFFF1
:104F40000269A65A5A403FFFFFFFFFFFFFFFFFFF26
:104F5000FFFFFFFFFFFFFFFFFFFFFFFFFFFFFFFF61
:104F6000FFFFFFFFFFFFFFFFFFFFFFFC09A96A68CC
:104F700005A5999C0FFFFFFFFFFFFFFFFFFC0565E5
:104F80009550A660FBEFFFFAFAFEFEF59597EE76D8
:104F9000D555D6FBF599D7699EFC265AA99C3FFFAB
:104FA000FFFFFFFFC06969A6A580FFFFFFFFFFFFAE
:104FB000FFFFFFFFFFFFFFFFFFFFFFFFFFFFFFFF01
:104FC000FFFFF0FFFFFFFFFFFFFFFFFFFFFFFFFF00
:104FD000025A5A662969A5900FFFFFFFFFFFFFFFE6
:104FE000FFFC0595965C1A70FBF56FD5795FB5559A
:104FF000555BFE655A6595BEBD9D5B59DFB839A608
:105000005A9C3FFFFFFFFFFFC09A5A966500FFFFC3
:10501000FFFFFFFFFFFFFFFFFFFFFFFFFFFFFFFFA0
:10502000FFFFFFFFFFFFC00FFFFFFFFFFFFFFFFFBF
:10503000FFFCFFFF0096A5A5969A6A500FFFFFFFA1
:10504000FFFFFFFFFFFF01556550DA60EFB557D551
:10505000655BD55555AFBF555E757EFFEDBE5B9D5B
:105060005FBC35A6A5903FFFFFFFFFFFC026A5A9A7
:105070006803FFFFFFFFFFFFFFFFFFFFFFFFFFFFD3
:10508000FFFFFFFFFFFFFFFFFFFFC003FFFFFFFF6B
:10509000FFFFFFFFFF000FFFC0256969A6965A605A
:1050A0000FFFFFFFFFFFFFFFFFFFC035556096A01A
:1050B000FED5959766D7D7D6A5FFBBEABFA75FEB0E
:1050C000ED7FFF955FEC2699A6903FFFFFFFFFFF66
:1050D000F00969699003FFFFFFFFFFFFFFFFFFFF7C
:1050E000FFFFFFFFFFFFFFFFFFFFFFFFFFFF058049
:1050F0000FFFFFFFFFFFFFFFFC000FFFF00396A66F
:105100006969A5A03FFFFFFFFFFFFFFFFFFFC00092
:1051100025836970EFD6E55B75EF97D6655BFBFF7E
:10512000FBF7DBFEFD5FBEE6FAFF099A5A6C3FFF14
:10513000FFFFFFFFFC035A55800FFFFFFFFFFFFF3C
:10514000FFFFFFFFFFFFFFFFFFFFFFFFFFCFFFFF9F
:10515000FFF0D55803FFFFFFFFFFFFFFFC003FFFFD
:10516000FC0000065A69A6603FFFFFFFFFFFFFFF3C
:10517000FFFFFF00000D6A60EF97E55B55FED6D696
:105180005556FEBEFBF6EFBEF95FBEFFFFBF05A69C
:10519000A9903FFFFFFFFFFFFC002698003FFFFFA5
:1051A000FFFFFFFFFFFFFFFFFFFFFFFFFFFFFFFF0F
:1051B000FF03FFFFFFC0555C3FFFFFFFFFFFFFFF47
:1051C000FC0FFFFFFF00000DA6965A703FFFFFFF88
:1051D000FFFFFFFFFFFFFFF0C035A660FBE7D557DD
:1051E000D6FBE55555A7EFEFBEFFFEFBEFFBEFFB50
:1051F000AFE836A5A5903FFFFFFFFFFFFFC000000F
:1052000000FFFFFFFFFFFFFFFFFFFFFFFFFFFFFFAD
:10521000FFFFFFFFFF03FFFFFFFC3560FFFFFFFF06
:10522000FFFFFFFFFFFFFFFFFFFC3C01A5A699402A
:105230003FFFFFFFFFFFFFFFFFFFFFF0966A96A013
:10524000FBFF57D5FFEFBD6AF9FFBEFBEFAFBEFB1B
:10525000EFFBEFBFFAFF365A6A903FFFFFFFFFFFF9
:10526000FFF000000FFFFFFFFFFFFFFFFFFFFFFF4B
:10527000FFFFFFFFFFFFFFFFFC00FFFFFFFF0143FA
:10528000FFFFFFFFFFFFFFFFFFFFFFFFFFFFFFC36A
:105290005A69A980FFFFFFFFFFFFFFFFFFFFFFF03D
:1052A000AA59A970EFBB9FE5BEFEFFFFF9FBFBFB10
:1052B000EFFBEFBEFEBEFBEEFFFF06AA5A503FFF1C
:1052C000FFFFFFFFFFFF0000FFFFFFFFFFFFFFFFEC
:1052D000FFFFFFFFFFFFFFFFFFFFFFFFF000FFFFEC
:1052E000FFFFC20FFFFFFFFFFFFFFFFFFFFFFFFFFB
:1052F000FFFFFFC09A596500FFFFFFFFFFFFFFFFA1
:10530000FFFFFFF09A9A5A60EFBFFEF96FBEFBEF06
:10531000BFBEFBBEFEFBEFBEFBFEFBEFAFAF0596D5
:10532000A6A03FFFFFFFFFFFFFFFFFFFFFFFFFFF05
:10533000FFFFFFFFFFFFFFFFFFFFFFFFFFFFFFFF7D
:10534000C0503FFFFFFFF00FFFFFFFFFFFFFFFFF1A
:10535000FFFFFFFFFFFFFFC025AA5800FFFFFFFF71
:10536000FFFFFFFFFFFFFFF0D6A6A6A3FBEEFBFDAE
:105370006FBFBEFBEFBEFFBEFBEFBEFBEFBFBEFBD2
:10538000FEFB0A69A5903FFFFFFFFFFFFFFFFFFF46
:10539000FFFFFFFFFFFFFFFFFFFFFFFFFFFFFFFF1D
:1053A000FFFFFFFC025403FFFFFFFC3FFFFFFFFF77
:1053B000FFFFFFFFFFFFFFF3FFFFFFF00255A0031A
:1053C000FFFFFFFFFFFFFFFFFFFFFFF0DA666970DF
:1053D000FBEFBFAFBEFBEFBEFBEFAFEFBFBEFBEF20
:1053E000BEFBEFFBEFFB06699A903FFFFFFFFFFF5D
:1053F000FFFFFFFFFFFFFFFFFFFFFFFFFFFFFFFFBD
:10540000FFFFFFFFFFFFFFF0055500FFFFFFFFFF5E
:10541000FFFFFFFFFFFFFFFFFFFFFFC0FFFFFFFCDE
:10542000002B000FFFFFFFFFFFFFFFFFFFFFFFF05D
:10543000D96A5A73BEFBEFFBFEFBEFBEFBEFFAFF30
:10544000BEFBEFBFBFEFEFBEFBBF06969A603FFF0C
:10545000FFFFFFFFFFFFFFFFFFFFFFFFFFFFFFFF5C
:10546000FFFFFFFFFFFFFFFFFFFFFF001555800F4E
:10547000FFFFFFFFFFFFFFFFFFFFFFFFFFFFFF003B
:10548000FFFFFFFF0000003FFFFFFFFFFFFFFFFFE9
:10549000FFFFFFF0DA99A660FEFEFAFEEFBEFBEF1B
:1054A000BEFAFFBBEFEFBEFBEBEEFBEFBFBF069A12
:1054B00069603FFFFFFFFFFFFFFFFFFFFFFFFFFFF1
:1054C000FFFFFFFFFFFFFFFFFFFFFFFFFFFFFC01ED
:1054D0005555700FFFFFFFFFFFFFFFFFFFFFFFFFAF
:1054E000FFFFFC03FFFFFFFFF00000FFFFFFFFFFD8
:1054F000FFFFFFFFFFFFFFFC169A9A73EFAFBFAFEE
:10550000EFBEFBEFBEFFAFFBEFBEFBEFFEFEFBEF20
:10551000BEFB0669A6A0FFFFFFFFFFFFFFFFFFFF27
:10552000FFFFFFFFFFFFFFFFFFFFFFFFFFFFFFFF8B
:10553000FFFFFC035555C00FFFFFFFFFFFFFFFFFFD
:10554000FFFFFFFFFFFFF003FFFFFFFFFF000FFF65
:10555000FFFFFFFFFFFFFFFFFFFFFFF01A69697307
:10556000EFFFFBFEFBEFFFFBEFEFFAFEFBFBEFEEC7
:10557000BEFBEFBEFBEF0A699A603FFFFFFFFFFF34
:10558000FFFFFFFFFFFFFFFFFFFFFFFFFFFFFFFF2B
:10559000FFFFFFFFFFFFFF001566003FFFFFFFFF5C
:1055A000FFFFFFFFFFFFFFFFFFFFF03FFFFFFFFFDA
:1055B000FFFFFFFFFFFFFFFFFFFFFFFFFFFFFFFCFE
:1055C0001A69A6A0FAF6FFEFBEF595BFEFBEFFAFD2
:1055D000FBEFBEFFEFBFBEFFEFBF06969A603FFF37
:1055E000FFFFFFFFFFFFFFFFFFFFFFFFFFFFFFFFCB
:1055F000FFFFFFFFFFFFFFFFFFFFFFC0095800FF96
:10560000FFFFFFFFFFFFFFFFFFFFFFFFFFFFFFFFAA
:10561000FFFFFFFFFFFFFFFFFFFFFFFFFFFFFFFF9A
:10562000FFFFFFFC25A69A43BFE555555FE5557E74
:10563000FBFBEFFBBEFEFBEBEFBEFBEBEFBB09A6FC
:10564000A6A0FFFFFFFFFFFFFFFFFFFFFFFFFFFF22
:10565000FFFFFFFFFFFFFFFFFFFFFFFFFFFFFFFC5D
:1056600003500FFFFFFFFFFFFFFFFFFFFFFFFFFFE5
:10567000FFFFFFFFFFFFFFFFFFFFFFFFFFFFFFFF3A
:10568000FFFFFFFFFFFFFFFC2A969A73FBF556A66C
:10569000FBFFBEFBFBEFBEFBEFBEFFBFFBEFEFBEB2
:1056A000FBFF09A969603FFFFFFFFFFFFFFFFFFF4F
:1056B000FFFFFFFFFFFFFFFFFFFFFFFFFFFFFFFFFA
:1056C000FFFFFFFF00703FFFFFFFFFFFFFFFFFFF38
:1056D000FFFFFFFFFFFFFFFFFFFFFFFFFFFFFFFFDA
:1056E000FFFFFFFFFFFFFFFFFFFFFFFC1A69A6633D
:1056F000FBBFFFFFFBBFFFEFBEFEFBEFEFBFAFBE89
:10570000BFEFBFFFBFAF0A5A9A60FFFFFFFFFFFF67
:10571000FFFFFFFFFFFFFFFFFFFFFFFFFFFFFFFF99
:10572000FFFFFFFFFFFFFFFFF000FFFFFFFFFFFF97
:10573000FFFFFFFFFFFFFFFFFFFFFFFFFFFFFFFF79
:10574000FFFFFFFFFFFFFFFFFFFFFFFFFFFFFFFC6C
:1057500025A9A643EFBFBFFFBFBAEBEFBEFBEFBE6D
:10576000FBEBFBFBEEFBFAEBEFFB0A6996A03FFFBE
:10577000FFFFFFFFFFFFFFFFFFFFFFFFFFFFFFFF39
:10578000FFFFFFFFFFFFFFFFFFFFFFFFF000FFFF37
:10579000FFFFFFFFFFFFFFFFFFFFFFFFFFFFFFFF19
:1057A000FFFFFFFFFFFFFFFFFFFFFFFFFFFFFFFF09
:1057B000FFFFFFFC2A5A5A43EFEBEEBBEFFFFEFB65
:1057C000EFBFBEFEFFFFFFFFFFFFFFFFFFFF09A6CA
:1057D000A9703FFFFFFFFFFFFFFFFFFFFFFFFFFF7E
:1057E000FFFFFFFFFFFFFFFFFFFFFFFFFFFFFFFFC9
:1057F000FC03FFFFFFFFFFFFFFFFFFFFFFFFFFFFB8
:10580000FFFFFFFFFFFFFFFFFFFFFFFFFFFFFFFFA8
:10581000FFFFFFFFFFFFFFFC36A6A6B3FEFFFFFF63
:10582000FFFFFFFFFFFCC3000000000000000000BE
:1058300000000A9A6A40FFFFFFFFFFFFFFFFFFFF24
:10584000FFFFFFFFFFFFFFFFFFFFFFFFFFFFFFFF68
:10585000FFFFFFFFFC03FFFFFFFFFFFFFFFFFFFF57
:10586000FFFFFFFFFFFFFFFFFFFFFFFFFFFFFFFF48
:10587000FFFFFFFFFFFFFFFFFFFFFFFC066969401F
:105880000000000000000000000000000000000018
:1058900000000000000009595680FFFFFFFFFFFFD6
:1058A000FFFFFFFFFFFFFFFFFFFFFFFFFFFFFFFF08
:1058B000FFFFFFFFFFFFFFFFFF0FFFFFFFFFFFFFE8
:1058C000FFFFFFFFFFFFFFFFFFFFFFFFFFFFFFFFE8
:1058D000FFFFFFFFFFFFFFFFFFFFFFFFFFFFFFFFD8
:1058E0000A5A9A400000000000000000000000007A
:1058F0000000000000000000000003AAA000FFFF5D
:10590000FFFFFFFFFFFFFFFFFFFFFFFFFFFFFFFFA7
:10591000FFFFFFFFFFFFFFFFFFFFFFFFFF0FFFFF87
:10592000FFFFFFFFFFFFFFFFFFFFFFFFFFFFFFFF87
:10593000FFFFFFFFFFFFFFFFFFFFFFFFFFFFFFFF77
:10594000FFFFFFFF09A696400000000000000000D6
:10595000000CF3FFFFFFFFFFFFFFFFFFFFFF000053
:105960000003FFFFFFFFFFFFFFFFFFFFFFFFFFFF42
:10597000FFFFFFFFFFFFFFFFFFFFFFFFFFFFFFFF37
:10598000FFFFFFFFFFFFFFFFFFFFFFFFFFFFFFFF27
:10599000FFFFFFFFFFFFFFFFFFFFFFFFFFFFFFFF17
:1059A000FFFFFFFFFFFFFFFF01656A03FFFFFFFF30
:1059B000FFFFFFFFFFFFFFFFFFFFFFFFFFFFFFFFF7
:1059C000FFFFC000003FFFFFFFFFFFFFFFFFFFFFE4
:1059D000FFFFFFFFFFFFFFFFFFFFFFFFFFFFFFFFD7
:1059E000FFFFFFFFFFFFFFFFFFFFFFFFFFFFFFFFC7
:1059F000FFFFFFFFFFFFFFFFFFFFFFFFFFFFFFFFB7
:105A0000FFFFFFFFFFFFFFFFFFFFFFFF000F000390
:105A1000FFFFFFFFFFFFFFFFFFFFFFFFFFFFFFFF96
:105A2000FFFFFFFFFFFFFC000FFFFFFFFFFFFFFF78
:105A3000FFFFFFFFFFFFFFFFFFFFFFFFFFFFFFFF76
:105A4000FFFFFFFFFFFFFFFFFFFFFFFFFFFFFFFF66
:105A5000FFFFFFFFFFFFFFFFFFFFFFFFFFFFFFFF56
:105A6000FFFFFFFFFFFFFFFFFFFFFFFFFFFFFFFF46
:105A7000C000000FFFFFFFFFFFFFFFFFFFFFFFFF63
:105A8000FFFFFFFFFFFFFFFFFFFFFFFFFFFFFFFF26
:105A9000FFFFFFFFFFFFFFFFFFFFFFFFFFFFFFFF16
:105AA000FFFFFFFFFFFFFFFFFFFFFFFFFFFFFFFF06
:105AB000FFFFFFFFFFFFFFFFFFFFFFFFFFFFFFFFF6
:105AC000FFFFFFFFFFFFFFFFFFFFFFFFFFFFFFFFE6
:105AD000FFFFFFFFFC0003FFFFFFFFFFFFFFFFFFD4
:105AE000FFFFFFFFFFFFFFFFFFFFFFFFFFFFFFFFC6
:105AF000FFFFFFFFFFFFFFFFFFFFFFFFFFFFFFFFB6
:105B0000FFFFFFFFFFFFFFFFFFFFFFFFFFFFFFFFA5
:105B1000FFFFFFFFFFFFFFFFFFFFFFFFFFFFFFFF95
:105B2000FFFFFFFFFFFFFFFFFFFFFFFFFFFFFFFF85
:105B3000FFFFFFFFFFFFFFFFFFFFFFFFFFFFFFFF75
:105B4000FFFFFFFFFFFFFFFFFFFFFFFFFFFFFFFF65
:105B5000FFFFFFFFFFFFFFFFFFFFFFFFFFFFFFFF55
:105B6000FFFFFFFFFFFFFFFFFFFFFFFFFFFFFFFF45
:105B7000FFFFFFFFFFFFFFFFFFFFFFFFFFFFFFFF35
:105B8000FFFFFFFFFFFFFFFFFFFFFFFFFFFFFFFF25
:105B9000FFFFFFFFFFFFFFFFFFFFFFFFFFFFFFFF15
:105BA000FFFFFFFFFFFFFFFFFFFFFFFFFFFFFFFF05
:105BB000FFFFFFFFFFFFFFFFFFFFFFFFFFFFFFFFF5
:105BC000FFFFFFFFFFFFFFFFFFFFFFFFFFFFFFFFE5
:105BD000FFFFFFFFFFFFFFFFFFFFFFFFFFFFFFFFD5
:105BE000FFFFFFFFFFFFFFFFFFFFFFFFFFFFFFFFC5
:105BF000FFFFFFFFFFFFFFFFFFFFFFFFFFFFFFFFB5
:105C0000FFFFFFFFFFFFFFFFFFFFFFFFFFFFFFFFA4
:105C1000FFFFFFFFFFFFFFFFFFFFFFFFFFFFFFFF94
:105C2000FFFFFFFFFFFFFFFFFFFFFFFFFFFFFFFF84
:105C3000FFFFFFFFFFFFFFFFFFFFFFFFFFFFFFFF74
:105C4000FFFFFFFFFFFFFFFFFFFFFFFFFFFFFFFF64
:105C5000FFFFFFFFFFFFFFFFFFFFFFFFFFFFFFFF54
:105C6000FFFFFFFFFFFFFFFFFFFFFFFFFFFFFFFF44
:105C7000FFFFFFFFFFFFFFFFFFFFFFFFFFFFFFFF34
:105C8000FFFFFFFFFFFFFFFFFFFFFFFFFFFFFFFF24
:105C9000FFFFFFFFFFFFFFFFFFFFFFFFFFFFFFFF14
:105CA000FFFFFFFFFFFFFFFFFFFFFFFFFFFFFFFF04
:105CB000FFFFFFFFFFFFFFFFFFFFFFFFFFFFFFFFF4
:105CC000FFFFFFFFFFFFFFFFFFFFFFFFFFFFFFFFE4
:105CD000FFFFFFFFFFFFFFFFFFFFFFFFFFFFFFFFD4
:105CE000FFFFFFFFFFFFFFFFFFFFFFFFFFFFFFFFC4
:105CF000FFFFFFFFFFFFFFFFFFFFFFFFFFFFFFFFB4
:105D0000FFFFFFFFFFFFFFFFFFFFFFFFFFFFFFFFA3
:105D1000FFFFFFFFFFFFFFFFFFFFFFFFFFFFFFFF93
:105D2000FFFFFFFFFFFFFFFFFFFFFFFFFFFFFFFF83
:105D3000FFFFFFFFFFFFFFFFFFFFFFFFFFFFFFFF73
:105D4000FFFFFFFFFFFFFFFFFFFFFFFFFFFFFFFF63
:105D5000FFFFFFFFFFFFFFFFFFFFFFFFFFFFFFFF53
:105D6000FFFFFFFFFFFFFFFFFFFFFFFFFFFFFFFF43
:105D7000FFFFFFFFFFFFFFFFFFFFFFFFFFFFFFFF33
:105D8000FFFFFFFFFFFFFFFFFFFFFFFFFFFFFFFF23
:105D9000FFFFFFFFFFFFFFFFFFFFFFFFFFFFFFFF13
:105DA000FFFFFFFFFFFFFFFFFFFFFFFFFFFFFFFF03
:105DB000FFFFFFFFFFFFFFFFFFFFFFFFFFFFFFFFF3
:105DC000FFFFFFFFFFFFFFFFFFFFFFFFFFFFFFFFE3
:105DD000FFFFFFFFFFFFFFFFFFFFFFFFFFFFFFFFD3
:105DE000FFFFFFFFFFFFFFFFFFFFFFFFFFFFFFFFC3
:105DF000FFFFFFFFFFFFFFFFFFFFFFFFFFFFFFFFB3
:105E0000FFFFFFFFFFFFFFFFFFFFFFFFFFFFFFFFA2
:105E1000FFFFFFFFFFFFFFFFFFFFFFFFFFFFFFFF92
:105E2000FFFFFFFFFFFFFFFFFFFFFFFFFFFFFFFF82
:105E3000FFFFFFFFFFFFFFFFFFFFFFFFFFFFFFFF72
:105E4000FFFFFFFFFFFFFFFFFFFFFFFFFFFFFFFF62
:105E5000FFFFFFFFFFFFFFFFFFFFFFFFFFFFFFFF52
:105E6000FFFFFFFFFFFFFFFFFFFFFFFFFFFFFFFF42
:105E7000FFFFFFFFFFFFFFFFFFFFFFFFFFFFFFFF32
:105E8000FFFFFFFFFFFFFFFFFFFFFFFFFFFFFFFF22
:105E9000FFFFFFFFFFFFFFFFFFFFFFFFFFFFFFFF12
:105EA000FFFFFFFFFFFFFFFFFFFFFFFFFFFFFFFF02
:105EB000FFFFFFFFFFFFFFFFFFFFFFFFFFFFFFFFF2
:105EC000FFFFFFFFFFFFFFFFFFFFFFFFFFFFFFFFE2
:105ED000FFFFFFFFFFFFFFFFFFFFFFFFFFFFFFFFD2
:105EE000FFFFFFFFFFFFFFFFFFFFFFFFFFFFFFFFC2
:105EF000FFFFFFFFFFFFFFFFFFFFFFFFFFFFFFFFB2
:105F0000FFFFFFFFFFFFFFFFFFFFFFFFFFFFFFFFA1
:105F1000FFFFFFFFFFFFFFFFFFFFFFFFFFFFFFFF91
:105F2000FFFFFFFFFFFFFFFFFFFFFFFFFFFFFFFF81
:105F3000FFFFFFFFFFFFFFFFFFFFFFFFFFFFFFFF71
:105F4000FFFFFFFFFFFFFFFFFFFFFFFFFFFFFFFF61
:105F5000FFFFFFFFFFFFFFFFFFFFFFFFFFFFFFFF51
:105F6000FFFFFFFFFFFFFFFFFFFFFFFFFFFFFFFF41
:105F7000FFFFFFFFFFFFFFFFFFFFFFFFFFFFFFFF31
:105F8000FFFFFFFFFFFFFFFFFFFFFFFFFFFFFFFF21
:105F9000FFFFFFFFFFFFFFFFFFFFFFFFFFFFFFFF11
:105FA000FFFFFFFFFFFFFFFFFFFFFFFFFFFFFFFF01
:105FB000FFFFFFFFFFFFFFFFFFFFFFFFFFFFFFFFF1
:105FC000FFFFFFFFFFFFFFFFFFFFFFFFFFFFFFFFE1
:105FD000FFFFFFFFFFFFFFFFFFFFFFFFFFFFFFFFD1
:105FE000FFFFFFFFFFFFFFFFFFFFFFFFFFFFFFFFC1
:105FF000FFFFFFFFFFFFFFFFFFFFFFFFFFFFFFFFB1
:10600000FFFFFFFFFFFFFFFFFFFFFFFFFFFFFFFFA0
:10601000FFFFFFFFFFFFFFFFFFFFFFFFFFFFFFFF90
:10602000FFFFFFFFFFFFFFFFFFFFFFFFFFFFFFFF80
:10603000FFFFFFFFFFFFFFFFFFFFFFFFFFFFFFFF70
:10604000FFFFFFFFFFFFFFFFFFFFFFFFFFFFFFFF60
:10605000FFFFFFFFFFFFFFFFFFFFFFFFFFFFFFFF50
:10606000FFFFFFFFFFFFFFFFFFFFFFFFFFFFFFFF40
:10607000FFFFFFFFFFFFFFFFFFFFFFFFFFFFFFFF30
:10608000FFFFFFFFFFFFFFFFFFFFFFFFFFFFFFFF20
:10609000FFFFFFFFFFFFFFFFFFFFFFFFFFFFFFFF10
:1060A000FFFFFFFFFFFFFFFFFFFFFFFFFFFFFFFF00
:1060B000FFFFFFFFFFFFFFFFFFFFFFFFFFFFFFFFF0
:1060C000FFFFFFFFFFFFFFFFFFFFFFFFFFFFFFFFE0
:1060D000FFFFFFFFFFFFFFFFFFFFFFFFFFFFFFFFD0
:1060E000FFFFFFFFFFFFFFFFFFFFFFFFFFFFFFFFC0
:1060F000FFFFFFFFFFFFFFFFFFFFFFFFFFFFFFFFB0
:10610000FFFFFFFFFFFFFFFFFFFFFFFFFFFFFFFF9F
:10611000FFFFFFFFFFFFFFFFFFFFFFFFFFFFFFFF8F
:10612000FFFFFFFFFFFFFFFFFFFFFFFFFFFFFFFF7F
:10613000FFFFFFFFFFFFFFFFFFFFFFFFFFFFFFFF6F
:10614000FFFFFFFFFFFFFFFFFFFFFFFFFFFFFFFF5F
:10615000FFFFFFFFFFFFFFFFFFFFFFFFFFFFFFFF4F
:10616000FFFFFFFFFFFFFFFFFFFFFFFFFFFFFFFF3F
:10617000FFFFFFFFFFFFFFFFFFFFFFFFFFFFFFFF2F
:10618000FFFFFFFFFFFFFFFFFFFFFFFFFFFFFFFF1F
:10619000FFFFFFFFFFFFFFFFFFFFFFFFFFFFFFFF0F
:1061A000FFFFFFFFFFFFFFFFFFFFFFFFFFFFFFFFFF
:1061B000FFFFFFFFFFFFFFFFFFFFFFFFFFFFFFFFEF
:1061C000FFFFFFFFFFFFFFFFFFFFFFFFFFFFFFFFDF
:1061D000FFFFFFFFFFFFFFFFFFFFFFFFFFFFFFFFCF
:1061E000FFFFFFFFFFFFFFFFFFFFFFFFFFFFFFFFBF
:1061F000FFFFFFFFFFFFFFFFFFFFFFFFFFFFFFFFAF
:10620000FFFFFFFFFFFFFFFFFFFFFFFFFFFFFFFF9E
:10621000FFFFFFFFFFFFFFFFFFFFFFFFFFFFFFFF8E
:10622000FFFFFFFFFFFFFFFFFFFFFFFFFFFFFFFF7E
:10623000FFFFFFFFFFFFFFFFFFFFFFFFFFFFFFFF6E
:10624000FFFFFFFFFFFFFFFFFFFFFFFFFFFFFFFF5E
:10625000FFFFFFFFFFFFFFFFFFFFFFFFFFFFFFFF4E
:10626000FFFFFFFFFFFFFFFFFFFFFFFFFFFFFFFF3E
:10627000FFFFFFFFFFFFFFFFFFFFFFFFFFFFFFFF2E
:10628000FFFFFFFFFFFFFFFFFFFFFFFFFFFFFFFF1E
:10629000FFFFFFFFFFFFFFFFFFFFFFFFFFFFFFFF0E
:1062A000FFFFFFFFFFFFFFFFFFFFFFFFFFFFFFFFFE
:1062B000FFFFFFFFFFFFFFFFFFFFFFFFFFFFFFFFEE
:1062C000FFFFFFFFFFFFFFFFFFFFFFFFFFFFFFFFDE
:1062D000FFFFFFFFFFFFFFFFFFFFFFFFFFFFFFFFCE
:1062E000FFFFFFFFFFFFFFFFFFFFFFFFFFFFFFFFBE
:1062F000FFFFFFFFFFFFFFFFFFFFFFFFFFFFFFFFAE
:10630000FFFFFFFFFFFFFFFFFFFFFFFFFFFFFFFF9D
:10631000FFFFFFFFFFFFFFFFFFFFFFFFFFFFFFFF8D
:10632000FFFFFFFFFFFFFFFFFFFFFFFFFFFFFFFF7D
:10633000FFFFFFFFFFFFFFFFFFFFFFFFFFFFFFFF6D
:10634000FFFFFFFFFFFFFFFFFFFFFFFFFFFFFFFF5D
:10635000FFFFFFFFFFFFFFFFFFFFFFFFFFFFFFFF4D
:10636000FFFFFFFFFFFFFFFFFFFFFFFFFFFFFFFF3D
:10637000FFFFFFFFFFFFFFFFFFFFFFFFFFFFFFFF2D
:10638000FFFFFFFFFFFFFFFFFFFFFFFFFFFFFFFF1D
:10639000FFFFFFFFFFFFFFFFFFFFFFFFFFFFFFFF0D
:1063A000FFFFFFFFFFFFFFFFFFFFFFFFFFFFFFFFFD
:1063B000FFFFFFFFFFFFFFFFFFFFFFFFFFFFFFFFED
:1063C000FFFFFFFFFFFFFFFFFFFFFFFFFFFFFFFFDD
:1063D000FFFFFFFFFFFFFFFFFFFFFFFFFFFFFFFFCD
:1063E000FFFFFFFFFFFFFFFFFFFFFFFFFFFFFFFFBD
:1063F000FFFFFFFFFFFFFFFFFFFFFFFFFFFFFFFFAD
:10640000FFFFFFFFFFFFFFFFFFFFFFFFFFFFFFFF9C
:10641000FFFFFFFFFFFFFFFFFFFFFFFFFFFFFFFF8C
:10642000FFFFFFFFFFFFFFFFFFFFFFFFFFFFFFFF7C
:10643000FFFFFFFFFFFFFFFFFFFFFFFFFFFFFFFF6C
:10644000FFFFFFFFFFFFFFFFFFFFFFFFFFFFFFFF5C
:10645000FFFFFFFFFFFFFFFFFFFFFFFFFFFFFFFF4C
:10646000FFFFFFFFFFFFFFFFFFFFFFFFFFFFFFFF3C
:10647000FFFFFFFFFFFFFFFFFFFFFFFFFFFFFFFF2C
:10648000FFFFFFFFFFFFFFFFFFFFFFFFFFFFFFFF1C
:10649000FFFFFFFFFFFFFFFFFFFFFFFFFFFFFFFF0C
:1064A000FFFFFFFFFFFFFFFFFFFFFFFFFFFFFFFFFC
:1064B000FFFFFFFFFFFFFFFFFFFFFFFFFFFFFFFFEC
:1064C000FFFFFFFFFFFFFFFFFFFFFFFFFFFFFFFFDC
:1064D000FFFFFFFFFFFFFFFFFFFFFFFFFFFFFFFFCC
:1064E000FFFFFFFFFFFFFFFFFFFFFFFFFFFFFFFFBC
:1064F000FFFFFFFFFFFFFFFFFFFFFFFFFFFFFFFFAC
:10650000FFFFFFFFFFFFFFFFFFFFFFFFFFFFFFFF9B
:10651000FFFFFFFFFFFFFFFFFFFFFFFFFFFFFFFF8B
:10652000FFFFFFFFFFFFFFFFFFFFFFFFFFFFFFFF7B
:10653000FFFFFFFFFFFFFFFFFFFFFFFFFFFFFFFF6B
:10654000FFFFFFFFFFFFFFFFFFFFFFFFFFFFFFFF5B
:10655000FFFFFFFFFFFFFFFFFFFFFFFFFFFFFFFF4B
:10656000FFFFFFFFFFFFFFFFFFFFFFFFFFFFFFFF3B
:10657000FFFFFFFFFFFFFFFFFFFFFFFFFFFFFFFF2B
:10658000FFFFFFFFFFFFFFFFFFFFFFFFFFFFFFFF1B
:10659000FFFFFFFFFFFFFFFFFFFFFFFFFFFFFFFF0B
:1065A000FFFFFFFFFFFFFFFFFFFFFFFFFFFFFFFFFB
:1065B000FFFFFFFFFFFFFFFFFFFFFFFFFFFFFFFFEB
:1065C000FFFFFFFFFFFFFFFFFFFFFFFFFFFFFFFFDB
:1065D000FFFFFFFFFFFFFFFFFFFFFFFFFFFFFFFFCB
:1065E000FFFFFFFFFFFFFFFFFFFFFFFFFFFFFFFFBB
:1065F000FFFFFFFFFFFFFFFFFFFFFFFFFFFFFFFFAB
:10660000FFFFFFFFFFFFFFFFFFFFFFFFFFFFFFFF9A
:10661000FFFFFFFFFFFFFFFFFFFFFFFFFFFFFFFF8A
:10662000FFFFFFFFFFFFFFFFFFFFFFFFFFFFFFFF7A
:10663000FFFFFFFFFFFFFFFFFFFFFFFFFFFFFFFF6A
:10664000FFFFFFFFFFFFFFFFFFFFFFFFFFFFFFFF5A
:10665000FFFFFFFFFFFFFFFF494E4600696E660028
:106660004E414E006E616E003000303132333435B1
:1066700036373839414243444546003031323334AD
:10668000353637383961626364656600496E66691C
:106690006E697479004E614E005245454E54206D2E
:1066A000616C6C6F6320737563636565646564001A
:1066B0002F646174612F6A656E6B696E732F776FDB
:1066C000726B73706163652F474E552D746F6F6CDD
:1066D000636861696E2F61726D2D31322F73726341
:1066E0002F6E65776C69622D63796777696E2F6E9F
:1066F00065776C69622F6C6962632F7374646C696F
:10670000622F64746F612E630042616C6C6F632052
:10671000737563636565646564002F646174612FDC
:106720006A656E6B696E732F776F726B73706163DE
:10673000652F474E552D746F6F6C636861696E2FBE
:1067400061726D2D31322F7372632F6E65776C69B4
:10675000622D63796777696E2F6E65776C69622F3A
:106760006C6962632F7374646C69622F6D707265FB
:10677000632E630005000000190000007D0000008A
:106780000080E03779C34143176E05B5B5B893462D
:10679000F5F93FE9034F384D321D30F94877825AF9
:1067A0003CBF737FDD4F1575000000000000F03F17
:1067B00000000000000024400000000000005940DC
:1067C0000000000000408F40000000000088C3402F
:1067D00000000000006AF8400000000080842E41A4
:1067E00000000000D01263410000000084D79741F0
:1067F0000000000065CDCD41000000205FA00242F6
:10680000000000E876483742000000A2941A6D426A
:10681000000040E59C30A2420000901EC4BCD6425D
:1068200000003426F56B0C430080E03779C3414308
:1068300000A0D8855734764300C84E676DC1AB437E
:10684000003D9160E458E143408CB5781DAF15449C
:1068500050EFE2D6E41A4B4492D54D06CFF0804477
:10686000F64AE1C7022DB544B49DD9794378EA448C
:10687000232D302B2000686C4C0065666745464729
:10688000004300504F534958002E002C2066756E6F
:106890006374696F6E3A2000617373657274696F17
:1068A0006E2022257322206661696C65643A206639
:1068B000696C6520222573222C206C696E65202569
:1068C00064257325730A000020202020202020202A
:1068D0002028282828282020202020202020202090
:1068E00020202020202020208810101010101010B0
:1068F00010101010101010100404040404040404F8
:106900000404101010101010104141414141410188
:106910000101010101010101010101010101010167
:106920000101011010101010104242424242420276
:106930000202020202020202020202020202020237
:1069400002020210101010200000000000000000E1
:106950000000000000000000000000000000000037
:106960000000000000000000000000000000000027
:106970000000000000000000000000000000000017
:106980000000000000000000000000000000000007
:1069900000000000000000000000000000000000F7
:1069A00000000000000000000000000000000000E7
:1069B00000000000000000000000000000000000D7
:1069C00000000000000000007F490278D1F8003587
:1069D000F0B502F001024478877CC57CDFF8E8E17D
:1069E00023F4802343EA8243C1F80035427F0178D3
:1069F00004F001039B0012F00F0643EA91134FEAE3
:106A0000C3431FBFC7F3021C43EA8C2305F0030CEA
:106A10004FEA4C0C1CBF4CEAD71C43EACC13DEF8FF
:106A20009CC42CF4601C08BF43F410632CF4FC5C81
:106A300043EA0C0CCEF89CC4DFF8A0C1ACF80030DF
:106A4000C3F3C21CC3F38223042B98BF0133BCF1F0
:106A5000000F00F0B080BCF1010F00F0AF80ACF18E
:106A6000020EBEF1020F01D80CF1010C9B0243EAA9
:106A7000CC13DFF86CC1ACF80030534BD3F8ACC486
:106A8000C1F344012CF01F0C41EA0C01C3F8AC1413
:106A9000D3F8101421F4FE1C817801F003014901A0
:106AA00041EAD4014CEA8131C3F81014D3F804143C
:106AB000847821F4FC11A40841EAC431C3F8041419
:106AC000D3F80814447C07F00F077F0047EAD41777
:106AD00021F4F81141EA0741C3F80814D3F80C1463
:106AE00084793A4F640821F4FE1141EA8431C3F8F5
:106AF0000C14D3F83814C47921F4F03104F00F04E5
:106B000041EA4431C3F83814D3F81414047A21F458
:106B1000FE1104F07F0441EA8431C3F81414C37AEF
:106B2000847AD7F808155B0043EAD413047B21F478
:106B30007F7104F0010421F0030143EA44230B4375
:106B40002349C7F80835234CD1F834740123C1F820
:106B50003434D4F8103A23F00F0343EA1513C4F881
:106B6000103AC1F8347466B302F00F0252041A49A5
:106B700090F82440D1F8403723F4F0131A43C1F8B9
:106B80004027D1F87C27837F22F00F02C3F38303D1
:106B90001343C1F87C3790F82530D1F8482703F02B
:106BA00007035B0022F4F03243EAD41342EA433392
:106BB000C1F84837F0BD4FF0020C57E74FF0000C1A
:106BC00054E74FF4C012D2E700A00524008004244B
:106BD0000010042400300424008005242AE0010071
:106BE00028E0010000060401000704020000000084
:106BF000000100000000000037000000AAAAAAAAB5
:106C0000A5000000008007240A000000001C0624E4
:106C1000000003442100000000FC0200891F000066
:106C2000001804240C000000980000008C000000F4
:106C300030E5010000000000B4FF2008B0FF20088C
:106C4000ACFF2008A8FF20080000000000000000A2
:106C50000000000000000000000000000000000034
:106C6000F13F000C00000000194D2008F13F00C06A
:106C7000010000000D4D2008891F000000000245A2
:106C800027000000000000000000000060E5010097
:106C900000000000C4FF2008C0FF2008BCFF20083F
:106CA000B8FF200800000000000000000000000005
:106CB0000100000000000000000000009FFF1F0016
:106CC000000000442600000000000000000000005A
:106CD00090E50100E0FF2008DCFF2008D8FF200835
:106CE000D4FF2008D0FF2008CCFF2008C8FF2008D0
:106CF0000000000001000000000000000000000093
:106D00000000044400010400010000000001000133
:106D1000000203000100000000010100000000006B
:106D20000000000000000000000000000000000063
:106D30000000000000000000000000002823000008
:106D40000000000000000000000000000000000043
:106D50000000000000000000000000000000000033
:106D60000000000000000000000000000000000023
:106D70000000000000000000000000000000000013
:106D80000000000000000000000000000000000003
:106D900000000000000000000000000000000000F3
:106DA00000000000000000000000000000000000E3
:106DB00000000000000000000000000000000000D3
:106DC00000000000000000000000000000000000C3
:106DD00000000000000000000000000000000000B3
:106DE00000000000000000000000000000000000A3
:106DF0000000000000000000000000000000000093
:106E00000000000000000000000000000000000082
:106E10000000000000000000000000000100000071
:106E20000000000000000000000000000000000062
:106E30000000000000000000000000000000000052
:106E40000000000000000000000000000000000042
:106E50000000000000000000000000000000000032
:106E60000000000000000000000000000000000022
:106E70000000000000000000000000000000000012
:106E80000000000000000000000000000000000002
:106E900000000000000000000000000000000000F2
:106EA00000000000000000000000000000000000E2
:106EB00000000000000000000000000001010000D0
:106EC00000FC0200001C0624B8E10100C8E001003B
:106ED0003C0000003000000000EE010088ED0100E1
:106EE00000000800000000000000100080969800DC
:106EF000010502012425262728292A2B20212223C7
:106F00002C2D2E2F001D00040B01040900040A0083
:106F100001001A00003600003500001B00000000D0
:106F20000000000003000000B86402005C030000E1
:106F300000000000B86402002065020088650200BD
:106F40000000000000000000000000000000000041
:106F50000000000000000000000000000000000031
:106F60000000000000000000000000000000000021
:106F700000000000000000000000000043000000CE
:106F80000000000000000000000000000000000001
:106F900000000000000000000000000043000000AE
:106FA00000000000000000000000000000000000E1
:106FB000000000000000000000000000430000008E
:106FC00000000000000000000000000000000000C1
:106FD000000000000000000000000000430000006E
:106FE00000000000000000000000000000000000A1
:106FF000000000000000000000000000430000004E
:107000000000000000000000000000000000000080
:10701000000000000000000000000000430000002D
:107020000000000000000000000000000000000060
:10703000000000000000000000000000430000000D
:107040000000000000000000000000000000000040
:10705000000000000000000000000000DDFB200830
:10706000B9FB200800000000C778210889782108B2
:107070005A0021085A0021085A0021085A00210804
:107080005A0021085A0021085A0021085A002108F4
:107090005A002108FFFFFFFFFFFFFFFFFFFFFFFF79
:1070A000FFFF000001004153434949000000000078
:1070B00000000000000000000000000000000000D0
:1070C0000000000000004153434949000000000057
:1070D00000000000000000000000000000000000B0
:1070E000000000000000000038B5234B0222C3F866
:1070F0008420BFF34F8FBFF36F8F204BD3F800284E
:10710000D30735D401231946202B01D11C4606E0B4
:1071100001FA03F4144203F1010027D0DCB2184B4A
:1071200003EB04139A68C2F38162032A22D09B689E
:107130009B0F032B1ED0134B142202FB0433D3E905
:107140000253ED1A18BF01250F4B0E4ADB680C499C
:10715000DB690E4898472DB1084A01235169A340C5
:107160000B435361044B02225A6038BD0346CBE700
:107170000024D4E70025E7E700E100E00000034435
:1071800000FC0200B8E10100000130003C000000FA
:1071900038B5244B4FF48062C3F88020BFF34F8F83
:1071A000BFF36F8F204BD3F80028D30736D40123C9
:1071B00019460C2B01D11C4606E001FA03F41442D7
:1071C00003F1010028D0DCB2184B03EB04139A68DA
:1071D000C2F38162032A23D09B689B0F032B1FD02D
:1071E000134B142202FB0433D3E90253ED1A18BFE8
:1071F0000125104B0E4ADB680C49DB690E489847A5
:107200002DB1094A01235169A3400B435361054B3A
:107210004FF480621A6038BD0346CAE70024D3E702
:107220000025E6E700E100E000800724001C0624BA
:10723000C8E0010000013000300000002DE9F041FD
:10724000044600F01BFF334B334E1A68334F0132B4
:107250001A603568002D52D134601B68012B1FD194
:10726000B8464046013500F0FDFE382D08F11408FF
:10727000F7D1DFF8D0802A4D404600F0F3FE2846D3
:1072800000F0F0FE274800F0EDFE274800F0EAFE8F
:10729000264800F0E7FE264BC3F80080254B1D6012
:1072A000254A136801331360244AA3641168E36A12
:1072B0008B4288BF136014225343F918201D4A687B
:1072C000A2609568E56068609060FA58616101327B
:1072D000FA5000F0A3FE1A4B1B6873B13368DA6AE8
:1072E000E36A9A4209D24FF0E0234FF08052C3F88C
:1072F000042DBFF34F8FBFF36F8FBDE8F081104BAC
:107300001A68E36A002ACBD13268D26A9A4298BFDF
:107310003460C5E74C12010024170100C4120100BB
:107320009C120100801201006C1201005412010035
:107330009812010094120100301201004412010061
:1073400040120100B01201002DE9F8431F4B204C00
:107350001D68204BD3F800801F4B0646D3F80090E1
:1073600023682068002283F8722004300F4600F062
:1073700075FE731C14D19FB1184B21685A688A603E
:1073800021689068C8602168043141602168043137
:107390009160226853611A6801321A60BDE8F8836F
:1073A00023682168AD195D6001F1040104D34846EA
:1073B000BDE8F84300F04ABE404600F047FE084BE7
:1073C0001A68AA4288BF1D60E8E700BF48120100A2
:1073D00024170100981201009412010054120100B8
:1073E0002C120100064A13681968064B19B94FF0B0
:1073F000FF321A6070471268D2681268F9E700BF5E
:10740000981201002C12010010B590F8713004465A
:107410003BB9006B00F02AFE2046BDE8104000F0AA
:1074200025BE012BF9D0022B08D04FF0140383F3B3
:107430001188BFF36F8FBFF34F8FFEE710BD0000C1
:10744000F8B50C4C0C4F0D4D236803B9F8BD00F096
:1074500015FEFB68DE68301D00F000FE2B68013B66
:107460002B602368013B236000F0D8FD3046FFF716
:10747000CBFFE9E7681201006C1201004C12010019
:1074800008B5084E4FF0E0244FF08055FFF7D8FFC5
:107490003368012BFAD9C4F8045DBFF34F8FBFF3F3
:1074A0006F8FF3E7C41201002DE9F0470A9C9600A4
:1074B000324680460D46206BA5219946DDE9087AC3
:1074C00000F0E0FD236B043E1E4426F007066664D0
:1074D0006DB16B1E04F133020E3513F8011F02F873
:1074E000011F09B1AB42F8D1002384F84230372F95
:1074F00008D94FF0140383F31188BFF36F8FBFF3E4
:107500004F8FFEE7E7622765201D00F0B3FDC7F14E
:10751000380704F1180000F0ADFD2461A761646232
:107520004A464146304600F08DFD2060BAF1000F1A
:1075300001D0CAF80040BDE8F0872DE9F04387B0DC
:10754000DDE90F940E460021054617469846049142
:10755000B9F1000F08D14FF0140383F31188BFF382
:107560006F8FBFF34F8FFEE744B94FF0140383F3DF
:107570001188BFF36F8FBFF34F8FFEE7782305931A
:10758000059A9A4208D04FF0140383F31188BFF391
:107590006F8FBFF34F8FFEE72046059B00F072FD13
:1075A000022384F8713004ABC4F8309001930E9B31
:1075B00000933A464346314628460294FFF774FF4B
:1075C0002046FFF73BFE049807B0BDE8F0832DE9A5
:1075D000F043074685B0900088461646994600F06D
:1075E00055FD0546F0B1782000F050FD0446B0B1DD
:1075F0007822002100F046FD0D9B256301930C9B32
:10760000009332464B46414638460294FFF74CFF02
:107610002046FFF713FE012005B0BDE8F0832846A1
:1076200000F024FD4FF0FF30F6E70000F8B5044607
:10763000254D00F023FD04B92C68271D384600F0C5
:107640000DFDA36A1BB104F1180000F007FD1F4AED
:107650001F4E1368013313602B68A342336800D1B7
:107660005BB91C4A1368013B1360FFF7BBFE00F0D7
:10767000D5FC2046FFF7C8FE09E01748394600F060
:10768000D9FC164A13680133136000F0C7FC336855
:10769000C3B12B68A34215D1114B1B6843B14FF006
:1076A000140383F31188BFF36F8FBFF34F8FFEE78F
:1076B0004FF0E0234FF08052C3F8042DBFF34F8FFB
:1076C000BFF36F8FF8BD00BF241701003012010017
:1076D000401201004C1201006C12010068120100FE
:1076E000241201002DE9F041044640B94FF0140383
:1076F00083F31188BFF36F8FBFF34F8FFEE7194BF2
:107700001B68834226D000F0B9FC174BD4F82880C0
:107710001F68164B65691E6800F080FC144B984585
:107720001AD0BD421AD0B54218D0124B9D4209D191
:10773000A36A9BB994F87030012B14BF0320022078
:10774000BDE8F0810C4B9D420AD0002D14BF0120F2
:107750000420F5E70020F3E70120F1E70220EFE73E
:107760000420EDE724170100981201009412010093
:1077700080120100541201006C12010030B58DB06E
:1077800008AB214A1D4612F8014B03F8014B002CAF
:10779000F9D107AA06A905A8CDE9054400F05AFCCD
:1077A000059B0293069B079A1848CDE9004329469A
:1077B0002346FFF7C2FE164B1860A8B100F03EFC4E
:1077C000012815D14FF0140383F31188BFF36F8F95
:1077D000BFF34F8F0F4B4FF0FF321A600E4B186004
:1077E0000E4B1C6000F022FC0D4B1B680DB030BD31
:1077F0000130F9D14FF0140383F31188BFF36F8F79
:10780000BFF34F8FFEE700BFE0FE2008AD08000089
:10781000281201002C120100401201004812010040
:1078200024000000024A136801331360704700BF50
:1078300024120100014B1868704700BF4812010074
:1078400008B500F0EFFB014B186808BD48120100B5
:10785000014B1868704700BF4C1201002DE9F84F2A
:10786000544B1B68002B40F09E80534B1C68013426
:107870001C60BCB9514B1A68126842B14FF0140336
:1078800083F31188BFF36F8FBFF34F8FFEE74C4A2E
:1078900019681068186011604A4A13680133136050
:1078A000FFF7A0FD484D494A2B68DFF82CB19C42F8
:1078B0004FF000000FD2DBF80030DB6A14214B439D
:1078C000D358022B424B1B6828BF0120002B18BF46
:1078D0000120BDE8F88FDFF804C10746374B1B686D
:1078E0001B681BB94FF0FF332B60E4E7334B1B6879
:1078F000DB68DB6859688C4201D22960DBE7D3E999
:107900000219D3F81480C1F80890C9F80410D8F807
:10791000041003F1040E7145D8F8001008BFC8F830
:10792000049001395F61C8F80010D3F82880B8F1DD
:10793000000F13D0D3E90719C1F80890C9F8041053
:10794000D8F8041003F1180A5145D8F8001008BF00
:10795000C8F8049001399F62C8F80010D96ADCF8B1
:1079600000801426414506FB01F802EB080A88BF97
:10797000CCF80010DAF80490C3F80890D9F8086041
:10798000DE60C6F804E0C9F808E0C3F814A052F8B5
:107990000830013342F80830DBF80030DB6A9942E6
:1079A00088BF01209AE70B4A136801331360002057
:1079B0008FE700BF24120100481201009812010055
:1079C00094120100341201002C120100C4120100B3
:1079D000381201003C12010024170100441201007A
:1079E0002DE9F84F00F04AFB4C4B1A6842B94FF0B2
:1079F000140383F31188BFF36F8FBFF34F8FFEE73C
:107A00001A68013A1A601B682BB1002400F006FBCB
:107A10002046BDE8F88F424A1268002AF5D0414856
:107A2000414C424A424E434F14254FF0010C51E065
:107A3000C368DB68D3E90718D3F828E0C1F80880E9
:107A4000C8F80410DEF8041003F1180949454FF096
:107A5000000108BFCEF804809962DEF800100139F9
:107A6000CEF80010D3E90218D3F814E0C1F808806A
:107A7000C8F80410DEF8041003F104094945DEF8E3
:107A8000001008BFCEF804800139CEF80010D3F8FA
:107A90002CE0216805FB0EF802EB080A8E45DAF8A7
:107AA00004109960D1F808B0C3F80CB0CBF804907A
:107AB000C1F8089052F8081088BFC4F800E00131FE
:107AC000C3F814A042F808103168C96A8E4501D97C
:107AD000C7F800C001680029AAD10BB1FFF782FCEA
:107AE000154D2C6844B1134E0127FFF7B7FE00B1C6
:107AF0003760013CF9D12C600E4B1B68002B84D001
:107B00000B4B1B684FF0E0234FF08052C3F8042D5D
:107B1000BFF34F8FBFF36F8F012477E7241201006B
:107B20004C1201008012010044120100C412010035
:107B300024170100381201003C12010008B550B9A9
:107B40004FF0E0234FF08052C3F8042DBFF34F8F66
:107B5000BFF36F8F08BDFFF765FE0A4B1B68012B53
:107B600008D04FF0140383F31188BFF36F8FBFF376
:107B70004F8FFEE70021FFF7E7FBFFF731FF0028FB
:107B8000DED0E7E7241201001C4B1A681C4BF0B54D
:107B900012B101221A60F0BD1A481A601A4D03682A
:107BA0001A4E2A685A671A4932684FF0140C0CFBB7
:107BB00002F35C18CF58A7B1676808337F68676025
:107BC0000B449F4204BFE3686360142303FB02116C
:107BD0004B68DB6803603260036803685B6F2B608F
:107BE000D9E742B94FF0140383F31188BFF36F8FC5
:107BF000BFF34F8FFEE7013AD9E700BF241201001F
:107C00003812010024170100501201004412010033
:107C1000C412010010B50C4640B94FF0140383F3B1
:107C20001188BFF36F8FBFF34F8FFEE7054B1968C5
:107C3000183100F00BFA20460121BDE81040FFF793
:107C400083BB00BF2417010070B40C46114640B935
:107C50004FF0140383F31188BFF36F8FBFF34F8F7F
:107C6000FEE70D4B42681D689668EA611D682E624A
:107C70001D68183575601D681B6818359560986219
:107C80000368002903F1010303600CBF20464FF095
:107C9000FF3070BCFFF758BB24170100C368DB68D6
:107CA000F0B543B94FF0140383F31188BFF36F8F1E
:107CB000BFF34F8FFEE7D3E907019A6A81604860FE
:107CC000506803F11804A04208BF51600021996276
:107CD0001168013911601D4AD96A1268002A29D138
:107CE000D3E902405A69A060446054681D1DAC424B
:107CF00008BF5060106801381060154A1068814252
:107D000088BF1160134814224A43861874689C6027
:107D1000A768DF607D60A5605E6183580133835092
:107D20000D4B1B68DB6A994283BF0C4B0120186026
:107D30000020F0BD0A4A5068D86185681D626C60F9
:107D400084609A62136801331360E9E7241201002A
:107D500044120100C412010024170100381201006E
:107D600080120100034B1B680360034B1B684360D8
:107D7000704700BF341201004812010070B50D4673
:107D8000044640B94FF0140383F31188BFF36F8F9B
:107D9000BFF34F8FFEE741B94FF0140383F311880F
:107DA000BFF36F8FBFF34F8FFEE700F067F9144BFF
:107DB00062681968134B186890F8720040B11B682C
:107DC000002283F87220012400F028F9204670BDBB
:107DD0002B68581C12D00C4826680068864204D0D4
:107DE0008A4202D800232B60EDE7881A8342F9D932
:107DF0005B1A13442B602046FFF7B4FF0024E3E72F
:107E0000481201002417010034120100014B012225
:107E10001A60704738120100014B1868704700BFA4
:107E200024170100054B1B6833B1054B1868B0FAE5
:107E300080F0400940007047012070474012010067
:107E400024120100F8B5044600282ED01D4DC36A47
:107E50002A68D26A93422DD282691B4E002AA1BFA2
:107E60002A68D26AC2F138028261142202FB0363DB
:107E700042699A421AD1071D384600F0EFF82B6884
:107E8000124ADB6A1168E3628B4288BF13601422D6
:107E90005343F1184A68A2609068E06047609760B9
:107EA000F25861610132F2500120F8BD2B68DB6AA3
:107EB000C362F9E72B68006DDB6A98422CBF002093
:107EC0000120F2E724170100C4120100441201004E
:107ED00070B5044608B9002070BD1F4B1B68834273
:107EE00008D04FF0140383F31188BFF36F8FBFF3F3
:107EF0004F8FFEE75B6D43B94FF0140383F3118896
:107F0000BFF36F8FBFF34F8FFEE7C16A026D013B76
:107F100091424365DFD0002BDDD1051D284600F0DE
:107F20009DF8236DE362C3F13802A2610B4A116828
:107F30008B4288BF13601421094A4B43D018416813
:107F4000A1608E68E66075608D60D1586061013116
:107F5000D1500120C0E700BF2417010044120100E6
:107F6000C412010070B50446002846D0426D42B9E3
:107F70004FF0140383F31188BFF36F8FBFF34F8F5C
:107F8000FEE7036D994238BF1946C36A8B4234D06D
:107F9000012A32D1194A1268824208D14FF01403E3
:107FA00083F31188BFF36F8FBFF34F8FFEE78269B2
:107FB000134DC162002A4FF0140202FB03534269C1
:107FC000A4BFC1F1380181619A4216D1061D304625
:107FD00000F044F80B4AE36A11688B4288BF1360D3
:107FE00014225343E9184A68A2609068E060466032
:107FF0009660EA5861610132EA5070BD24170100B1
:10800000C412010044120100034B186810B1436D03
:1080100001334365704700BF241701005FF800F08B
:10802000153A20085FF800F0053C20085FF800F0E2
:108030008D3A20085FF800F0C52920085FF800F0AD
:10804000313820085FF800F0A93920085FF800F007
:10805000DB2920085FF800F0792920085FF800F09C
:10806000092A20085FF800F0A92920085FF800F02D
:108070000D3E20085FF800F0BF2920085FF800F0EF
:10808000D53920085FF800F065DE20085FF800F0C1
:10809000613C20080100000004A405240000004207
:1080A00001000000ACA405240000402901000000EC
:1080B000ACA40524010040290100000004A505240A
:1080C0000000C02001000000C4A405241F000020FF
:1080D000010000009CA405240100C049010000002B
:1080E0009CA405240000806201000000A4A40524D3
:1080F000000080A401000000A4A40524000080A4C6
:10810000010000009CA405240100C04901000000FA
:108110009CA405240000806201000000488705241B
:1081200000004083010000007C8705240000001847
:1081300001000000408705240C0040A4010000005D
:10814000CCA405240080007801000000C8A4052408
:108150006400005801000000C4A4052400800078D9
:1081600001000000C0A405246400005801000000C4
:10817000E0A40524D903005001000000DCA405247C
:10818000BF04005801000000D8A405240E010048D7
:108190000100000038A405240000002801000000B0
:1081A00014A40524270080A30100000038A405249E
:1081B000030040830100000038A40524030040832D
:1081C000030000000CA405245A0080A30CA405247D
:1081D000020040100CA40524000000000300000071
:1081E0000CA405245A0080A30CA40524030040100D
:1081F0000CA4052400000000030000000CA40524CA
:108200005A0080A30CA40524000040100CA40524EF
:10821000000000000100000008A40524150000A4CF
:108220000100000008A40524070000A401000000CC
:1082300004A405242000C0A30100000010A405240C
:10824000380080A30100000010A405245A0080A378
:108250000100000000A505240000805A0200000073
:108260009CA405240300C0ACACA40524100000208D
:108270000100000000A505240300809C010000000F
:10828000D4A405240100007801000000D0A4052436
:10829000F200008001000000588705240300805987
:1082A00001000000588705240C0000280100000090
:1082B000408705240C0040A40100000000A4052410
:1082C000000000080100000000A40524560583A05A
:1082D0000100000038A40524070040A401000000AC
:1082E00038A405240F0040A40100000038A4052490
:1082F000070040A40100000038A405240F0040A49A
:10830000010000009CA405240000002101000000E1
:108310009CA4052401000021010000009CA4052468
:108320000000C018010000009CA405240100C01832
:108330000200000094A405240100009494A40524E4
:10834000020000AD010000009CA405240000001004
:108350000100000000A505240300809C010000002E
:1083600000A505240000809C02000000A4A40524B0
:10837000000080A4A4A405240000008402000000E2
:10838000A4A40524000080A4A4A405240100008462
:1083900001000000A4A40524010080A40100000045
:1083A000A4A40524020080A40300000098A40524CE
:1083B000F80040A3A0A4052410008051A0A4052427
:1083C000010040AD01000000A0A40524000040AD64
:1083D000020000009CA405240000C049A0A40524BC
:1083E000000040AD05000000A0A40524000040AD41
:1083F0009CA405240200806298A40524F80040A3F0
:10840000A0A4052410008051A0A40524010040ADC3
:108410000200000098A40524F00040A3A0A40524B5
:10842000010040AD020000009CA405240200C049E8
:10843000A0A40524000040AD0200000098A405247B
:108440002F003EA8A0A40524200020A802000000C0
:10845000548705240100C0395887052401000021F4
:10846000010000005887052401008052030000002D
:1084700060870524030080AC748705240600409CB7
:10848000748705240400405A020000006087052418
:10849000030080AC70870524010040AD010000009E
:1084A000788705240900001801000000788705245A
:1084B000080000180500000074870524DA2422A8AB
:1084C0004887052400004083408705240C00408332
:1084D000708705240C00007B7087052404000010C1
:1084E00006000000748705240300804148870524A6
:1084F00000004083408705240300408370870524E3
:108500000200007B70870524070000107487052493
:10851000020000AD0100000040870524090040A4CE
:1085200001000000408705240C0040A40200000068
:108530005487052400000021448705240000408C56
:10854000020000005487052401000021448705240F
:108550000100408C13000000408705240C0040A45B
:1085600040870524BF00006048870524260000607E
:1085700048870524030040944C870524200300709D
:10858000688705240300C020448705240100C09C9F
:10859000608705240100801078870524070040418A
:1085A00058870524CC000058748705249A2412A803
:1085B0007487052403008041408705240800408318
:1085C000708705240500007B7087052404000010D7
:1085D00074870524020000AD708705240100008423
:1085E0007C8705240100408C388705240100801019
:1085F000090000009CA405240100C049A4A405248E
:108600000100008400A505241900C09B94A4052442
:108610000100801014A405240100006394A4052423
:108620000100008C94A40524020000ADACA4052434
:108630000000402910A5052401004029E921200857
:10864000C121200800000000000000000000000020
:10865000000000000000000000000000000000001A
:10866000000000000000000000000000000000000A
:1086700000000000000000000000000000000000FA
:1086800000000000000000000000000000000000EA
:1086900000000000000000000000000000000000DA
:1086A00000000000000000000000000000000000CA
:1086B00000000000000000000000000000000000BA
:1086C00000000000000000000000000000000000AA
:1086D000000000000000000000000000000000009A
:1086E000000000000000000000000000000000008A
:1086F000000000000000000000000000000000007A
:108700000000000000000000000000000000000069
:108710000000000000000000000000000000000059
:108720000000000000000000000000000000000049
:108730000000000000000000000000000000000039
:108740000000000000000000000000000000000029
:108750000000000000000000000000000000000019
:108760000000000000000000000000000000000009
:1087700000000000000000000000000000000000F9
:1087800000000000000000000000000000000000E9
:1087900000000000000000000000000000000000D9
:1087A00000000000000000000000000000000000C9
:1087B00000000000000000000000000000000000B9
:1087C00000000000000000000000000000000000A9
:1087D0000000000000000000000000000000000099
:1087E0000000000000000000000000000000000089
:1087F0000000000000000000000000000000000079
:108800000000000000000000000000000000000068
:108810000000000000000000000000000000000058
:108820000000000000000000000000000000000048
:108830000000000000000000000000000000000038
:108840000000000000000000000000000000000028
:108850000000000000000000000000000000000018
:108860000000000000000000000000000000000008
:1088700000000000000000000000000000000000F8
:1088800000000000000000000000000000000000E8
:1088900000000000000000000000000000000000D8
:1088A00000000000000000000000000000000000C8
:1088B00000000000000000000000000000000000B8
:1088C00000000000000000000000000000000000A8
:1088D0000000000000000000000000000000000098
:1088E0000000000000000000000000000000000088
:1088F0000000000000000000000000000000000078
:108900000000000000000000000000000000000067
:108910000000000000000000000000000000000057
:108920000000000000000000000000000000000047
:108930000000000000000000000000000000000037
:108940000000000000000000000000000000000027
:108950000000000000000000000000000000000017
:108960000000000000000000000000000000000007
:1089700000000000000000000000000000000000F7
:1089800000000000000000000000000000000000E7
:1089900000000000000000000000000000000000D7
:1089A00000000000000000000000000000000000C7
:1089B00000000000000000000000000000000000B7
:1089C00000000000000000000000000000000000A7
:1089D0000000000000000000000000000000000097
:1089E0000000000000000000000000000000000087
:1089F0000000000000000000000000000000000077
:108A00000000000000000000000000000000000066
:108A10000000000000000000000000000000000056
:108A20000000000000000000000000000000000046
:108A30000000000000000000000000000000000036
:108A40000000000000000000000000000000000026
:108A50000000000000000000000000000000000016
:108A60000000000000000000000000000000000006
:108A700000000000000000000000000000000000F6
:108A800000000000000000000000000000000000E6
:108A900000000000000000000000000000000000D6
:108AA00000000000000000000000000000000000C6
:108AB00000000000000000000000000000000000B6
:108AC00000000000000000000000000000000000A6
:108AD0000000000000000000000000000000000096
:108AE0000000000000000000000000000000000086
:108AF0000000000000000000000000000000000076
:108B00000000000000000000000000000000000065
:108B10000000000000000000000000000000000055
:108B20000000000000000000000000000000000045
:108B30000000000000000000000000000000000035
:108B40000000000000000000000000000000000025
:108B50000000000000000000000000000000000015
:108B60000000000000000000000000000000000005
:108B700000000000000000000000000000000000F5
:108B800000000000000000000000000000000000E5
:108B900000000000000000000000000000000000D5
:108BA00000000000000000000000000000000000C5
:108BB00000000000000000000000000000000000B5
:048BC00000000000B1
:00000001FF
