S018000073693931785F68656C6C6F5F776F726C642E73333724
S31500000000010000000D900D90DC8C01000100000045
S3150000001000102000A2088B7A0000000000000000FB
S3150000002000000000000000000000000000000000CA
S315000000300000000000000000000000000D900D9080
S31500000040A55A0000002020080000008000000000E3
S31500000050000000000000000000000000000000009A
S31500000060000000000000000000000000000000008A
S31500000070000000000000000000000000000000007A
S31500000080000000000000000000000000000000006A
S31500000090000000000000000000000000000000005A
S315000000A0000000000000000000000000000000004A
S315000000B0000000000000000000000000000000003A
S315000000C0000000000000000000000000000000002A
S315000000D0000000000000000000000000000000001A
S315000000E0000000000000000000000000000000000A
S315000000F000000000000000000000000000000000FA
S3150000010000000000000000000000000000000000E9
S3150000011000000000000000000000000000000000D9
S3150000012000000000000000000000000000000000C9
S3150000013000000000000000000000000000000000B9
S3150000014000000000000000000000000000000000A9
S315000001500000000000000000000000000000000099
S315000001600000000000000000000000000000000089
S315000001700000000000000000000000000000000079
S315000001800000000000000000000000000000000069
S315000001900000000000000000000000000000000059
S315000001A00000000000000000000000000000000049
S315000001B00000000000000000000000000000000039
S315000001C00000000000000000000000000000000029
S315000001D00000000000000000000000000000000019
S315000001E00000000000000000000000000000000009
S315000001F000000000000000000000000000000000F9
S3150000020000000000000000000000000000000000E8
S3150000021000000000000000000000000000000000D8
S3150000022000000000000000000000000000000000C8
S3150000023000000000000000000000000000000000B8
S3150000024000000000000000000000000000000000A8
S315000002500000000000000000000000000000000098
S315000002600000000000000000000000000000000088
S315000002700000000000000000000000000000000078
S315000002800000000000000000000000000000000068
S315000002900000000000000000000000000000000058
S315000002A00000000000000000000000000000000048
S315000002B00000000000000000000000000000000038
S315000002C00000000000000000000000000000000028
S315000002D00000000000000000000000000000000018
S315000002E00000000000000000000000000000000008
S315000002F000000000000000000000000000000000F8
S3150000030000000000000000000000000000000000E7
S3150000031000000000000000000000000000000000D7
S3150000032000000000000000000000000000000000C7
S3150000033000000000000000000000000000000000B7
S3150000034000000000000000000000000000000000A7
S315000003500000000000000000000000000000000097
S315000003600000000000000000000000000000000087
S315000003700000000000000000000000000000000077
S315000003800000000000000000000000000000000067
S315000003900000000000000000000000000000000057
S315000003A00000000000000000000000000000000047
S315000003B00000000000000000000000000000000037
S315000003C00000000000000000000000000000000027
S315000003D00000000000000000000000000000000017
S315000003E00000000000000000000000000000000007
S315000003F000000000000000000000000000000000F7
S3150000040000000000000000000000000000000000E6
S3150000041000000000000000000000000000000000D6
S3150000042000000000000000000000000000000000C6
S3150000043000000000000000000000000000000000B6
S3150000044000000000000000000000000000000000A6
S315000004500000000000000000000000000000000096
S315000004600000000000000000000000000000000086
S315000004700000000000000000000000000000000076
S315000004800000000000000000000000000000000066
S315000004900000000000000000000000000000000056
S315000004A00000000000000000000000000000000046
S315000004B00000000000000000000000000000000036
S315000004C00000000000000000000000000000000026
S315000004D00000000000000000000000000000000016
S315000004E00000000000000000000000000000000006
S315000004F000000000000000000000000000000000F6
S3150000050000000000000000000000000000000000E5
S3150000051000000000000000000000000000000000D5
S3150000052000000000000000000000000000000000C5
S3150000053000000000000000000000000000000000B5
S3150000054000000000000000000000000000000000A5
S315000005500000000000000000000000000000000095
S315000005600000000000000000000000000000000085
S315000005700000000000000000000000000000000075
S315000005800000000000000000000000000000000065
S315000005900000000000000000000000000000000055
S315000005A00000000000000000000000000000000045
S315000005B00000000000000000000000000000000035
S315000005C00000000000000000000000000000000025
S315000005D00000000000000000000000000000000015
S315000005E00000000000000000000000000000000005
S315000005F000000000000000000000000000000000F5
S3150000060000000000000000000000000000000000E4
S3150000061000000000000000000000000000000000D4
S3150000062000000000000000000000000000000000C4
S3150000063000000000000000000000000000000000B4
S3150000064000000000000000000000000000000000A4
S315000006500000000000000000000000000000000094
S315000006600000000000000000000000000000000084
S315000006700000000000000000000000000000000074
S315000006800000000000000000000000000000000064
S315000006900000000000000000000000000000000054
S315000006A00000000000000000000000000000000044
S315000006B00000000000000000000000000000000034
S315000006C00000000000000000000000000000000024
S315000006D00000000000000000000000000000000014
S315000006E00000000000000000000000000000000004
S315000006F000000000000000000000000000000000F4
S3150000070000000000000000000000000000000000E3
S3150000071000000000000000000000000000000000D3
S3150000072000000000000000000000000000000000C3
S3150000073000000000000000000000000000000000B3
S3150000074000000000000000000000000000000000A3
S315000007500000000000000000000000000000000093
S315000007600000000000000000000000000000000083
S315000007700000000000000000000000000000000073
S315000007800000000000000000000000000000000063
S315000007900000000000000000000000000000000053
S315000007A00000000000000000000000000000000043
S315000007B00000000000000000000000000000000033
S315000007C00000000000000000000000000000000023
S315000007D00000000000000000000000000000000013
S315000007E00000000000000000000000000000000003
S315000007F000000000000000000000000000000000F3
S3150000080000000000000000000000000000000000E2
S3150000081000000000000000000000000000000000D2
S3150000082000000000000000000000000000000000C2
S3150000083000000000000000000000000000000000B2
S3150000084000000000000000000000000000000000A2
S315000008500000000000000000000000000000000092
S315000008600000000000000000000000000000000082
S315000008700000000000000000000000000000000072
S315000008800000000000000000000000000000000062
S315000008900000000000000000000000000000000052
S315000008A00000000000000000000000000000000042
S315000008B00000000000000000000000000000000032
S315000008C00000000000000000000000000000000022
S315000008D00000000000000000000000000000000012
S315000008E00000000000000000000000000000000002
S315000008F000000000000000000000000000000000F2
S3150000090000000000000000000000000000000000E1
S3150000091000000000000000000000000000000000D1
S3150000092000000000000000000000000000000000C1
S3150000093000000000000000000000000000000000B1
S3150000094000000000000000000000000000000000A1
S315000009500000000000000000000000000000000091
S315000009600000000000000000000000000000000081
S315000009700000000000000000000000000000000071
S315000009800000000000000000000000000000000061
S315000009900000000000000000000000000000000051
S315000009A00000000000000000000000000000000041
S315000009B00000000000000000000000000000000031
S315000009C00000000000000000000000000000000021
S315000009D00000000000000000000000000000000011
S315000009E00000000000000000000000000000000001
S315000009F000000000000000000000000000000000F1
S31500000A0000000000000000000000000000000000E0
S31500000A1000000000000000000000000000000000D0
S31500000A2000000000000000000000000000000000C0
S31500000A3000000000000000000000000000000000B0
S31500000A4000000000000000000000000000000000A0
S31500000A500000000000000000000000000000000090
S31500000A600000000000000000000000000000000080
S31500000A700000000000000000000000000000000070
S31500000A800000000000000000000000000000000060
S31500000A900000000000000000000000000000000050
S31500000AA00000000000000000000000000000000040
S31500000AB00000000000000000000000000000000030
S31500000AC00000000000000000000000000000000020
S31500000AD00000000000000000000000000000000010
S31500000AE00000000000000000000000000000000000
S31500000AF000000000000000000000000000000000F0
S31500000B0000000000000000000000000000000000DF
S31500000B1000000000000000000000000000000000CF
S31500000B2000000000000000000000000000000000BF
S31500000B3000000000000000000000000000000000AF
S31500000B40000000000000000000000000000000009F
S31500000B50000000000000000000000000000000008F
S31500000B60000000000000000000000000000000007F
S31500000B70000000000000000000000000000000006F
S31500000B80000000000000000000000000000000005F
S31500000B90000000000000000000000000000000004F
S31500000BA0000000000000000000000000000000003F
S31500000BB0000000000000000000000000000000002F
S31500000BC0000000000000000000000000000000001F
S31500000BD0000000000000000000000000000000000F
S31500000BE000000000000000000000000000000000FF
S31500000BF000000000000000000000000000000000EF
S31500000C0000000000000000000000000000000000DE
S31500000C1000000000000000000000000000000000CE
S31500000C2000000000000000000000000000000000BE
S31500000C3000000000000000000000000000000000AE
S31500000C40000000000000000000000000000000009E
S31500000C50000000000000000000000000000000008E
S31500000C60000000000000000000000000000000007E
S31500000C70000000000000000000000000000000006E
S31500000C80000000000000000000000000000000005E
S31500000C90000000000000000000000000000000004E
S31500000CA0000000000000000000000000000000003E
S31500000CB0000000000000000000000000000000002E
S31500000CC0000000000000000000000000000000001E
S31500000CD0000000000000000000000000000000000E
S31500000CE000000000000000000000000000000000FE
S31500000CF000000000000000000000000000000000EE
S31500000D0000000000000000000000000000000000DD
S31500000D1000000000000000000000000000000000CD
S31500000D2000000000000000000000000000000000BD
S31500000D3000000000000000000000000000000000AD
S31500000D40000000000000000000000000000000009D
S31500000D50000000000000000000000000000000008D
S31500000D60000000000000000000000000000000007D
S31500000D70000000000000000000000000000000006D
S31500000D80000000000000000000000000000000005D
S31500000D90000000000000000000000000000000004D
S31500000DA0000000000000000000000000000000003D
S31500000DB0000000000000000000000000000000002D
S31500000DC0000000000000000000000000000000001D
S31500000DD0000000000000000000000000000000000D
S31500000DE000000000000000000000000000000000FD
S31500000DF000000000000000000000000000000000ED
S31500000E0000000000000000000000000000000000DC
S31500000E1000000000000000000000000000000000CC
S31500000E2000000000000000000000000000000000BC
S31500000E3000000000000000000000000000000000AC
S31500000E40000000000000000000000000000000009C
S31500000E50000000000000000000000000000000008C
S31500000E60000000000000000000000000000000007C
S31500000E70000000000000000000000000000000006C
S31500000E80000000000000000000000000000000005C
S31500000E90000000000000000000000000000000004C
S31500000EA0000000000000000000000000000000003C
S31500000EB0000000000000000000000000000000002C
S31500000EC0000000000000000000000000000000001C
S31500000ED0000000000000000000000000000000000C
S31500000EE000000000000000000000000000000000FC
S31500000EF000000000000000000000000000000000EC
S31500000F0000000000000000000000000000000000DB
S31500000F1000000000000000000000000000000000CB
S31500000F2000000000000000000000000000000000BB
S31500000F3000000000000000000000000000000000AB
S31500000F40000000000000000000000000000000009B
S31500000F50000000000000000000000000000000008B
S31500000F60000000000000000000000000000000007B
S31500000F70000000000000000000000000000000006B
S31500000F80000000000000000000000000000000005B
S31500000F90000000000000000000000000000000004B
S31500000FA0000000000000000000000000000000003B
S31500000FB0000000000000000000000000000000002B
S31500000FC0000000000000000000000000000000001B
S31500000FD0000000000000000000000000000000000B
S31500000FE000000000000000000000000000000000FB
S31500000FF000000000000000000000000000000000EB
S31500001000E0200200C54F2008794F2008794F2008BC
S31500001010794F2008794F2008794F200800000000FA
S31500001020000000000000000000000000C14420088D
S31500001030794F2008000000001145200827302008BD
S31500001040794F2008794F2008794F2008794F2008DA
S31500001050794F2008794F2008794F2008794F2008CA
S31500001060794F2008794F2008BD0500008D792008AA
S31500001070055B200801C42008794F2008794F200815
S31500001080794F2008794F200875B9200819BA200829
S31500001090794F20080DB92008794F2008794F20088C
S315000010A0794F2008794F2008794F2008794F20087A
S315000010B0794F2008794F2008E0200200794F200858
S315000010C0C54F20081505000051B02008794F2008AB
S315000010D0794F2008794F2008ED5A2008F95A200840
S315000010E0F54E2008794F2008E9C32008938DA96999
S315000010F0794F2008794F200841582008794F200859
S31500001100794F2008794F2008DDB82008F5B8200867
S315000011101DB8200835B820084DB8200865B8200845
S315000011207DB8200895B82008ADB82008C5B82008B5
S31500001130794F2008F5C32008794F2008794F2008F9
S31500001140794F2008794F2008794F2008794F2008D9
S31500001150794F2008794F2008794F2008794F2008C9
S31500001160794F2008794F2008794F200800000000A9
S315000011700000000000000000000000000000000069
S315000011800348044B834202D0034B03B11847704710
S31500001190701A0000701A0000000000000548064B97
S315000011A01B1AD90F01EBA301491002D0034B03B15F
S315000011B018477047701A0000701A000000000000FF
S315000011C010B5064C237843B9FFF7DAFF044B13B189
S315000011D00448AFF300800123237010BD701A00008D
S315000011E000000000207B210808B5054B1BB105490E
S315000011F00548AFF30080BDE80840FFF7CFBF00BF4A
S3150000120000000000741A0000207B210808B500F0D9
S315000012101DFE00F0D7F900F01BFE00F0A3FB00F066
S315000012204BFE00F05FF900F049FC00F0FBF800F01F
S3150000123047F847F230520749074802F0C9FC014611
S3150000124006480BF05DFD06480BF0C2FDBDE8084000
S3150000125000F014B8280121088C1A000060FF20084D
S3150000126066FF2008704708B5FFF7D0FF00F0C4FE00
S3150000127000B908BDFFF7F6FFF8E7000008B50A4A0F
S315000012800A48002100F02AFF60B1094A09480021F6
S3150000129000F024FF30B1BDE80840074A07480021A6
S315000012A000F01CBF08BD00BFD0FF20084D25200858
S315000012B0ACFF20083D24200888FF2008F1232008E1
S315000012C0002208B51146054800F0A9FC0022114687
S315000012D0012001F004F8024B186008BD110000005F
S315000012E0C88F00002DE9F0413A4C3B4D3B4EDFF8EC
S315000012F0FC803B4F0123237000232B703749404667
S3150000130000F04EFD2378012B06D133788BB900F01F
S31500001310D9FE386002230BE0023B032B09D8DFE835
S3150000132003F0020C113033780BB1012300E00323E4
S315000013302370142000F041FFE0E73378002BF8D04B
S315000013400423F5E73378002BF1D000F0BBFE3A68B2
S31500001350244B3860821A1A602B7840F6B7315BB19D
S315000013608A4206D80133DBB2012B2B7013D8052332
S31500001370DEE700232B70D8E78A420CD801232B70B6
S31500001380F5E73378002BC5D000F09CFE3B6803F5EB
S3150000139096739842CDD32B7863B1012B03D0022BE1
S315000013A005D0BDE8F081104B00221A70F9E70E4B0C
S315000013B00122FAE70B4B1A6842F20F739A420A4B64
S315000013C001D90422F1E741F287318A428CBF032218
S315000013D00222EAE710000000C58F0000C48F00005B
S315000013E0C08F0000BC8F0000C68F000011000000F7
S315000013F007B5094E094D0A4CFFF774FF306800F037
S31500001400F1FF2B788DF80730002320681A460DF17E
S31500001410070101F053F8EFE7C88F0000C68F000000
S31500001420CC8F000008B5002201210A2001F006F841
S31500001430014B186008BD00BFCC8F000007B5244ED5
S31500001440244C30680DF107014FF0FF33002201F004
S315000014506DF89DF80710012920D0022922D0002915
S31500001460EFD11D4B1A78002AEBD023781B480133A5
S31500001470DBB29A4288BF194621700BF041FC2078F6
S315000014801749043047F23052C00300F042FAC82030
S3150000149000F093FE124800F073FBD2E7084600F016
S315000014A07FFBCEE70C4D0E4800F06AFB287804302F
S315000014B0C00300F0B0F928780949043047F23052E9
S315000014C0C00300F0E8F92B7823705A1C2A70B8E79D
S315000014D0CC8F0000D08F0000D18F0000F4FF2008D1
S315000014E0D28F000013B50C4B009300246846ADF86C
S315000014F0044000F077F8094B00936846ADF80440C5
S3150000150000F070F801212246084600F0E8FE044B80
S31500001510186002B010BD00BF030100010101000107
S3150000152004050100FF220321012000F027B9002253
S315000015300321012000F022B90121FF22084600F014
S315000015401DB901210022084600F018B908B50D4C56
S315000015500D4D20684FF0FF3100F012FF2B78032B62
S31500001560F7D8DFE803F00205080BFFF7E5FFF0E721
S31500001570FFF7E7FFEDE7FFF7D5FFEAE7FFF7D7FF4E
S31500001580E7E700BFC88F0000C68F000070477047AE
S315000015907047704708B503F09DF807F011FCBDE8E9
S315000015A0084002F06DBE704700F070BD00F004B850
S315000015B07047704770470000014809F083BE00BFBE
S315000015C014000000064B00221A700F219A70DA7080
S315000015D01A715A71FF2259709A71DA71704700BFF9
S315000015E008050100F7B5037801279F4043780446B4
S315000015F0FEB2002B58D102794D4D012AAB7844D169
S315000016003343AB7004238DF804300222AB788DF897
S31500001610053001A9592000F031FC002833D1A27809
S31500001620AB79012A36D13343AB7112238DF80430DE
S315000016300222AB798DF8053001A9592000F01EFC75
S3150000164008BBE2782B79012A29D133432B71062373
S315000016508DF804302B798DF80530022201A9592026
S3150000166000F00CFC78B96178324B227803EBC103A9
S3150000167059209B5C8DF80430022263798DF8053081
S3150000168001A900F0FBFB03B0F0BD002ABAD123EAA2
S315000016900703B6E7002AC8D123EA0703C4E7002AEE
S315000016A0D5D123EA0703D1E7012BDCD10279204DFE
S315000016B0012AEB782CD13343EB7005238DF80430E7
S315000016C00222EB788DF8053001A9592000F0D6FBEF
S315000016D00028D8D1A278EB79012A1ED13343EB71C9
S315000016E013238DF804300222EB798DF8053001A919
S315000016F0592000F0C3FB0028C5D1E2786B79012A96
S3150000170010D11E436E7107238DF804306B79A2E762
S31500001710002AD2D123EA0703CEE7002AE0D123EA42
S315000017200703DCE7002AEED123EA07036B71EAE739
S315000017300805010028000000012307B503FA01F19E
S31500001740C9B280B90C4B1A781143197002238DF86F
S3150000175004308DF80510022201A9592000F08EFBF5
S3150000176003B05DF804FB0128F5D1034B5A78114309
S3150000177059700323EBE700BF0805010007B5084BC6
S315000017808DF8052003EBC00302225B5C8DF8043064
S3150000179001A9592000F072FB03B05DF804FB00BFFD
S315000017A02800000013B50523044603208DF80730F2
S315000017B000F072FB0DF107010122032000F0B2FBDD
S315000017C001222146032000F0B3FB032000F06CFB4E
S315000017D002B010BD07B50DF10700FFF7E3FF9DF856
S315000017E00730DB07F7D403B05DF804FB07B5062323
S315000017F003208DF8073000F04FFB01220DF10701A1
S31500001800032000F08FFB032000F04EFBFFF7E2FF02
S3150000181003B05DF804FB07B552238DF80430030CC2
S3150000182040BA8DF80530ADF80600FFF7DFFF03205C
S3150000183000F032FB04220DEB0201032000F072FBE4
S31500001840032000F031FBFFF7C5FF03B05DF804FB92
S3150000185037B502238DF80430030C40BA8DF80530F5
S315000018600C461546ADF80600FFF7C0FF032000F052
S3150000187013FB04220DEB0201032000F053FB2A4662
S315000018802146032000F04EFB032000F00DFBFFF77E
S31500001890A1FF03B030BD2DE9F04106468846154646
S315000018A000270DB9BDE8F081F4B2C4F58074A4B286
S315000018B0AC4208EB070105D92A463046BDE8F0419F
S315000018C0FFF7C6BF30462246FFF7C2FF274426442D
S315000018D02D1BE6E773B5030C032440BAADF80600EA
S315000018E020468DF805300D4616468DF8044000F06A
S315000018F0D3FA04220DEB0201204600F013FB324618
S315000019002946204600F014FB204600F0CDFA02B02E
S3150000191070BD2DE9F04106468846154600270DB9EB
S31500001920BDE8F081F4B2C4F58074A4B2AC4208EB11
S31500001930070105D92A463046BDE8F041FFF7CABF80
S3150000194030462246FFF7C6FF274426442D1BE6E70E
S3150000195004210120FFF7F0BE014800F0CDB900BF19
S315000019603800000007B500220A48114600F057F972
S3150000197060B9FFF7F1FF48B9074BADF804006846B8
S315000019800093FFF72FFE08B9FFF7E2FF03B05DF8FB
S3150000199004FB00BF3800000004010101002208B565
S315000019A00B48114600F03BF980B90246014609484A
S315000019B000F035F950B902460146074800F02FF904
S315000019C020B9BDE80840034800F096B908BD00BF3D
S315000019D0410000003E0000003B00000013B5064C2D
S315000019E00DF10701204600F0DBF918B99DF8073024
S315000019F0002BF5D002B010BD3B00000008B508482A
S31500001A0000F026F950B90A2000F0D7FB044800F090
S31500001A1073F918B9BDE80840FFF7E0BF08BD00BF7D
S31500001A203E00000013B58DF807000A4800F010F9D3
S31500001A30044658B900F030FA204601220DF107019C
S31500001A4000F070FA0446002000F02EFA204602B09C
S31500001A5010BD00BF4100000013B58DF807000A480D
S31500001A6000F04AF9044658B900F016FA2046012259
S31500001A700DF1070100F056FA0446002000F014FAB2
S31500001A80204602B010BD00BF4100000070B50546FB
S31500001A9009480E4600F030F9044650B900F0FCF94A
S31500001AA020463246294600F03DFA0446002000F062
S31500001AB0FBF9204670BD00BF4100000008B5FFF7E6
S31500001AC06DFF034688BBFFF799FF034668BBFFF728
S31500001AD0A9FF034648BBFFF781FF034628BB2F201B
S31500001AE0FFF7BAFF034600BB2920FFF7B5FF034601
S31500001AF0D8B95020FFF796FF0346B0B9FFF76EFF3F
S31500001B00034690B93720FFF7A7FF034668B9E920D7
S31500001B10FFF788FF034640B9FFF760FF034620B989
S31500001B20BDE808400120FFF797BF184608BD08B575
S31500001B300420FFF777FF18B9BDE80840FFF74EBF4E
S31500001B4008BD08B50220FFF76DFF034638B9FFF759
S31500001B5083FF034618B9BDE80840FFF73FBF1846A4
S31500001B6008BD08B5FFF7E3FF1220FFF75BFF002073
S31500001B70FFF772FFFFF732FFBDE80840FFF7E1BF4E
S31500001B8010B504461020FFF74DFFFFF727FF20464C
S31500001B9047F23051FFF77AFFBDE81040FFF7E1BF8B
S31500001BA038B505461020FFF73DFFFFF717FF47F250
S31500001BB03054032D06D8DFE805F0020D0F11002082
S31500001BC0FFF74AFF013CA4B2002CF2D1BDE8384031
S31500001BD0FFF7C7BF5520F3E7AA20F1E7FF20EFE79D
S31500001BE00378052B17D840781BB9392815D908F082
S31500001BF031BF5A1E012A05D9032B08D0042B08D061
S31500001C00062800E0102834BF0020212070470A284B
S31500001C10F9E70C28F7E7212070471846704770B59A
S31500001C200378164642780446807843EA022343EA5C
S31500001C3000400D4608F052FF48B93146607808F07A
S31500001C4046FD60782946BDE8704008F04BBD70BD82
S31500001C5070B50446002849D0FFF7C2FF054680BB91
S31500001C6026786478052E0AD921484FF4CE7109F0FA
S31500001C7049FD1F484FF4D27109F044FD2FE0032EB1
S31500001C800ED9042E29D10B2C04D9194840F2A111E2
S31500001C9009F038FD240104F1105404F598240EE0EF
S31500001CA08EB94B2C04D912484FF4CF7109F02AFD96
S31500001CB004EB0614240104F18C4404F59814002363
S31500001CC06360284670BD012E01D13B2CEAE7022E47
S31500001CD001D12B2CE6E71B2CE4E7052CC9D8054BD4
S31500001CE0A4001A596FF345121A51EAE72225E8E7CC
S31500001CF0030021081C86042470B50446002849D038
S31500001D00FFF76EFF054680BB26786478052E0AD954
S31500001D1021484FF49B7109F0F5FC1F484FF49F7161
S31500001D2009F0F0FC2FE0032E0ED9042E29D10B2C3E
S31500001D3004D9194840F23B1109F0E4FC240104F1EE
S31500001D40105404F598240EE08EB94B2C04D9124891
S31500001D504FF49C7109F0D6FC04EB0614240104F13F
S31500001D608C4404F5981401236360284670BD012E47
S31500001D7001D13B2CEAE7022E01D12B2CE6E71B2CE6
S31500001D80E4E7052CC9D8054BA4001A5942F02002F5
S31500001D901A51EAE72225E8E7030021081C860424F5
S31500001DA0F8B50E460446002849D0FFF719FF054648
S31500001DB088BB27786478052F0AD9224840F2D911C2
S31500001DC009F0A0FC1F4840F2E11109F09BFC30E04D
S31500001DD0032F0ED9042F2AD10B2C04D919484FF4FE
S31500001DE0EF7109F08FFC240104F1105404F59824D6
S31500001DF00EE097B94B2C04D9124840F2DB1109F0DA
S31500001E0081FC04EB0714240104F18C4404F59814B6
S31500001E106368DBB233702846F8BD012F01D13B2C35
S31500001E20E9E7022F01D12B2CE5E71B2CE3E7052C74
S31500001E30C8D8054B5B69E34003F00103EAE72225B6
S31500001E40E9E700BF030021080000081208F098BC6B
S31500001E5008B50949002009F0FDF8024648B90146CF
S31500001E6009F098F9024620B9BDE80840014609F094
S31500001E701DBA104608BD00BF2000000013460A46E2
S31500001E800146002009F0A0B9012804BF014B1870D3
S31500001E90704700BF44000000024B53F82000FFF7D4
S31500001EA0D7BE00BFC0002108024B53F82000FFF741
S31500001EB023BF00BFC000210870B5174E00250022C1
S31500001EC056F8040B1146FFF7AAFE0446F8B9013589
S31500001ED0EDB2042DF3D1E0B2FFF7E6FFC8B9013445
S31500001EE0042CF8D10D4D294608F060FF044670B960
S31500001EF00146286808F07EFF044640B9084928686C
S31500001F0008F0FAFF044610B9022002F093FC2046BE
S31500001F1070BD0446FBE700BFC000210810050100A4
S31500001F20892E2008014B186808F0CABF1005010069
S31500001F30014B186808F0A6BF1005010008B500F0AF
S31500001F4012F800F057F8FEE77047704708B5FFF73C
S31500001F5021FBFFF72BFBFFF72BFBFFF72AFBBDE867
S31500001F600840FFF727BB08B5FFF7EEFF02F036F88B
S31500001F70FFF7EBFF00F064F800F009F8FFF713FB3A
S31500001F8000F01EF8BDE80840FFF7E0BF704708B54F
S31500001F90FFF7FCFAFFF7FBFAFFF7FAFAFFF7F9FA91
S31500001FA0FFF7F4FF08BD000008B5FFF75CF9034B27
S31500001FB01868BDE8084000F0E6B800BF1405010047
S31500001FC030B5094D0FCD8BB001AC0FC40FCD0FC48A
S31500001FD02B680648236001AA002100F07FF8044B15
S31500001FE018600BB030BD00BFD0002108A92F200813
S31500001FF014050100FFF7D8BA0020704710B5EFF3BB
S31500002000058414B10124204610BD0CF089FF012877
S31500002010F9D0EFF31083002BF4D1EFF31184003CD9
S3150000202018BF0124EFE708B54FF0E0231B690CF059
S3150000203077FF012803D0BDE8084001F00FBB08BDBB
S3150000204008B5FFF7DBFF48B90CF06AFF0128034625
S3150000205007D1054A106820B9136008BD6FF0050066
S31500002060FBE74FF0FF30F8E70812010008B50CF067
S3150000207057FF38B1022804D0034B1868431E584254
S31500002080584108BD0320FCE70812010010B5FFF710
S31500002090B5FF044668B90CF043FF01280CD1084B84
S315000020A01A68012A08D102221A600CF0F9FE2046AD
S315000020B010BD6FF00500FBE74FF0FF30F8E700BFFB
S315000020C00812010008B5FFF799FF18B1BDE80840EE
S315000020D00CF022BFBDE808400CF032BF2DE9F041FC
S315000020E086B0002305460E4690460593FFF786FF09
S315000020F000BBFDB1B8F1000F3ED0D8F818402CB1A6
S31500002100631E372B03D906B0BDE8F0811824D8F832
S315000021100430DB0735D4D8F814306BB19A08D8E907
S315000021200270D8F8001057B1772803D9D8F81000F4
S3150000213000B1BBB90598E6E74FF48072EFE70028D7
S31500002140F8D1D8F81030002BF4D105AB013C01933F
S315000021500094334628460CF0EBFE01281CBF0023F2
S315000021600593E7E7013CCDE901070094334628468D
S315000021700CF0AEFE0590DDE7414618244FF4807260
S31500002180E3E70020BFE738B50546FFF737FF04460B
S3150000219050B965B128460CF08BFE04280AD02846B3
S315000021A00CF0DAFE204638BD6FF00500FBE76FF055
S315000021B00300F8E76FF00200F5E710B50446FFF7F5
S315000021C01DFF28B914B120460CF06EFE002010BD8C
S315000021D06FF00500FBE738B50546FFF70FFF10B1B6
S315000021E00024204638BD25B9BDE83840012000F05E
S315000021F092BC6B681A07F3D4D5E9021203F0010307
S3150000220079B14F2AECD99BB1042000F050FC04466A
S315000022100028E5D0296809B100F02CFF44F001043C
S31500002220DFE7002ADCD17BB1042000F074FCEEE786
S31500002230012000F03CFC04460028D1D02968002982
S31500002240CFD000F017FFCCE7012000F064FCF2E7E6
S31500002250F8B505460C4620F0010600F00107FFF729
S31500002260CDFEA0B9012D15D92146304667B100F043
S3150000227083FE012801D10020F8BD002C14BF6FF0A9
S3150000228001006FF00200F7E700F0C2FDF1E76FF022
S315000022900500F1E76FF00300EEE770B5044620F0A5
S315000022A0010500F00106FFF7A9FE90B9012C13D92C
S315000022B046B1284600F010FC01280CBF00206FF044
S315000022C0020070BD334632463146284600F033FBE5
S315000022D0F2E76FF00500F4E76FF00300F1E773B57E
S315000022E004460E461546FFF789FE70BB6CB3B44232
S315000022F02BD35DB9012C3BD120460322002100F0EF
S31500002300BCFA044608B396B905B32AE0D5E9023209
S31500002310CBB14F2A19D9012C1BD1032200920146B9
S315000023200246204600F068FA044670B1CEB100239A
S315000023301A461946204600F0FEFA0128E4D0204647
S3150000234000F0E2FE01E0002AD4D00024204602B0CC
S3150000235070BD20461A46314600F0BFFA04460028F2
S31500002360F3D029680029F1D0204600F083FEEDE77E
S315000023702046314600F0CAFA04460028C4D1E4E7F4
S3150000238037B50C46054618B96FF0030003B030BDEB
S31500002390FFF734FED8B1002CF6D101AA2146284613
S315000023A0019400F00AFE012802D06FF00200EDE76A
S315000023B0019B0BB90020E9E74FF0E0234FF0805274
S315000023C0C3F8042DBFF34F8FBFF36F8FF2E721469B
S315000023D0284600F01DFD0128ECD0002CE5D06FF05A
S315000023E00100D3E713B5044628B3FFF707FE0346FB
S315000023F0C8B1002301A92046019300F00AFC012878
S3150000240003D06FF0020002B010BD019B4BB14FF03C
S31500002410E0234FF08052C3F8042DBFF34F8FBFF374
S315000024206F8F0020EFE702460146204600F083FA50
S315000024300128F6D0E5E76FF00300E4E7F7B50546B7
S315000024400E461446FFF7DAFD18B10025284603B0FC
S31500002450F0BD002DF9D0002EF7D03CB3D4E90232FE
S31500002460BBB14F2AF1D92269002AEED0676906FB73
S3150000247005F18F42E9D300903146284600F0BCF9B9
S3150000248005460028E1D021680029DFD000F0F2FDE2
S31500002490DCE7002AD9D12369002BD6D16269002A4C
S315000024A0D3D13146284600F0E8F9E9E7224631461D
S315000024B0284603B0BDE8F04000F0DFB973B51C460E
S315000024C005460E46FFF79AFD0346F0B15DB356B3D7
S315000024D04CBB234601AA31462846019400F02DFB49
S315000024E0012803D06FF0020002B070BD019B0BB94A
S315000024F00020F9E74FF0E0234FF08052C3F8042D97
S31500002500BFF34F8FBFF36F8FF2E765B15EB122461F
S315000025103146284600F00FFA0128E9D0002CE1D018
S315000025206FF00100E0E76FF00300DDE773B50546E5
S315000025300E461C46FFF762FDE8B155B34EB344BBE9
S3150000254001AA31462846019400F037FD012803D040
S315000025506FF0020002B070BD019B0BB90020F9E7D5
S315000025604FF0E0234FF08052C3F8042DBFF34F8F96
S31500002570BFF36F8FF2E765B15EB12246314628465A
S3150000258000F0A7FB0128E9D0002CE1D06FF0010094
S31500002590E0E76FF00300DDE7034B0360034B0B60DE
S315000025A04FF480731360704790110100900D010085
S315000025B0034B0360034B0B604FF4007313607047CB
S315000025C0180D01001805010000F108034FF0FF3255
S315000025D0C0E90223436003610023036070470023C0
S315000025E00361704743684B609A688A6051609960DE
S315000025F00368086101330360704730B50C68631CDB
S315000026000AD103695A684A6091608B605960036811
S3150000261008610133036030BD00F1080213465268B9
S315000026201568A542FAD9EDE7D0E9011203698A6077
S3150000263051605968814208BF5A60002202611868D9
S3150000264001381860704710B5044600F0D3FFA46B3C
S3150000265000F0F0FFB4FA84F0400910BD70B51646DC
S31500002660026C856B044642B906689EB980680CF018
S315000026703BFCA6600135A56370BD6EB940680AF0E3
S3150000268037FD6368226C1344A2686360934224BFDB
S31500002690236863600020EDE7C0680AF029FD226C1C
S315000026A0E36851429B1A2268E36093423EBFA368E7
S315000026B05B18E360022EEDD10DB1013DEAE7284635
S315000026C0D8E7034610B41A6C08466AB1DC68996804
S315000026D014448C4228BF1968DC6028BFD960D968C9
S315000026E05DF8044B0AF004BD5DF8044B704770B505
S315000026F0044600F07FFF94F8455004F124066DB2BD
S31500002700002D14DCFF2384F8453000F093FF00F021
S3150000271071FF94F8445004F110066DB2002D12DCDE
S31500002720FF2384F84430BDE8704000F083BF636A3D
S31500002730002BE7D030460CF0DBFB08B10CF0E4FBD5
S31500002740013D6DB2DCE72369002BE9D030460CF081
S31500002750CFFB08B10CF0D8FB013D6DB2DEE770B5DA
S315000027600E46044640B94FF0140383F31188BFF3B5
S315000027706F8FBFF34F8FFEE7C56BA5B3036CA3FB4B
S31500002780053585BB00F036FFD4E90F31226862605B
S315000027904B43D0185B1A1A44FF23A563A06084F844
S315000027A04430E26084F84530A6B9236973B104F178
S315000027B010000CF09DFB48B14FF0E0234FF0805223
S315000027C0C3F8042DBFF34F8FBFF36F8F00F032FFB6
S315000027D0012070BD04F11000FFF7F6FE04F124009D
S315000027E0FFF7F2FEF2E74FF0140383F31188BFF30D
S315000027F06F8FBFF34F8FFEE737B50D461C4643B9C3
S315000028004FF0140383F31188BFF36F8FBFF34F8F1D
S31500002810FEE748B3B2B139B350230193019B502B65
S3150000282019D1019B22600121C4E90F0584F84610E5
S315000028302046FFF794FF9DF8183084F84C30204668
S3150000284003B030BD81B950230193019B502B02D1B7
S31500002850019B2246E6E74FF0140383F31188BFF38A
S315000028606F8FBFF34F8FFEE74FF0140383F311888A
S31500002870BFF36F8FBFF34F8FFEE72DE9F0410D4693
S315000028801746064600B3A1FB0038B8F1000F1BD16E
S31500002890484310F1510F17D8503000F0F1FF0446AD
S315000028A068B180F846806DB100F15003C4E90F6548
S315000028B0236001212046FFF752FF84F84C70204622
S315000028C0BDE8F0810346F1E74FF0140383F3118866
S315000028D0BFF36F8FBFF34F8FFEE713B513460C465A
S315000028E058B1884209D30222009200221146FFF70E
S315000028F083FF00B1846302B010BD4FF0140383F36D
S315000029001188BFF36F8FBFF34F8FFEE710B50C46EC
S3150000291040B1884206D302220021FFF7AEFF00B184
S31500002920846310BD4FF0140383F31188BFF36F8FD8
S31500002930BFF34F8FFEE7F0B585B00E4601921D46F8
S31500002940044640B94FF0140383F31188BFF36F8F29
S31500002950BFF34F8FFEE751B9036C43B14FF0140339
S3150000296083F31188BFF36F8FBFF34F8FFEE7022DFE
S315000029700BD1E36B012B08D04FF0140383F31188BE
S31500002980BFF36F8FBFF34F8FFEE70CF0C9FA08B99C
S31500002990019B03BB00F02EFEA26BE36B9A4223D28F
S315000029A02A4631462046FFF759FE636A1BB104F1F9
S315000029B024000CF09DFA48B14FF0E0234FF080520E
S315000029C0C3F8042DBFF34F8FBFF36F8F00F032FEB5
S315000029D0012005B0F0BD4FF0140383F31188BFF357
S315000029E06F8FBFF34F8FFEE7022DD9D000231F460E
S315000029F037E013B902A80CF04FFA00F01BFE0CF0FA
S31500002A0063FA00F0F7FD94F84430FF2B08BF84F812
S31500002A10447094F84530FF2B08BF84F8457000F0E9
S31500002A2009FE01A902A80CF047FA002839D100F0E6
S31500002A30E1FDA26BE36B9A421AD100F0FBFD01990E
S31500002A4004F110000CF04CFA2046FFF750FE0CF093
S31500002A505FFAD8B100F0CEFDA36BE26B9A429FD825
S31500002A600123019A002AC4D100F0E4FD0020B0E75A
S31500002A7000F0E0FD2046FFF73AFE0CF049FA00F0C0
S31500002A80B9FDA26BE36B9A42EAD289E74FF0E023E5
S31500002A904FF08052C3F8042DBFF34F8FBFF36F8FF3
S31500002AA0EDE72046FFF723FE0CF032FADEE713B51A
S31500002AB000220B46009011460120FFF79DFE0446BA
S31500002AC038B1002383600360C3601A461946FFF7D6
S31500002AD032FF204602B010BD38B5044640B94FF06B
S31500002AE0140383F31188BFF36F8FBFF34F8FFEE795
S31500002AF085680CF021FA85420BD1E368013BE3605F
S31500002B000BB1012038BD1A4619462046FFF713FFC0
S31500002B10F7E70020F6E710B5024600210120FFF78F
S31500002B20ACFE044638B1002383600360C3601A46D6
S31500002B301946FFF700FF204610BD2DE9F8438946E8
S31500002B4017461E46044640B94FF0140383F3118816
S31500002B50BFF36F8FBFF34F8FFEE751B9036C43B1DD
S31500002B604FF0140383F31188BFF36F8FBFF34F8FBA
S31500002B70FEE7022E0BD1E36B012B08D04FF01403B6
S31500002B8083F31188BFF36F8FBFF34F8FFEE700F01B
S31500002B9049FEEFF311884FF0140383F31188BFF356
S31500002BA06F8FBFF34F8FA26BE36B9A4201D3022E56
S31500002BB02DD194F84550A36B6DB232464946204656
S31500002BC0FFF74CFD6B1C0ED1636A3BB104F1240088
S31500002BD00CF08EF910B10FB101233B60012088F390
S31500002BE01188BDE8F8830CF06BF98542F6D27F2D8B
S31500002BF008D14FF0140383F31188BFF36F8FBFF32F
S31500002C004F8FFEE701356DB284F84550E6E70020A8
S31500002C10E5E7F8B50E46044640B94FF0140383F3D2
S31500002C201188BFF36F8FBFF34F8FFEE7036C43B17D
S31500002C304FF0140383F31188BFF36F8FBFF34F8FE9
S31500002C40FEE7036853B9836843B14FF0140383F377
S31500002C501188BFF36F8FBFF34F8FFEE700F0E2FDE1
S31500002C60EFF311874FF0140383F31188BFF36F8FCF
S31500002C70BFF34F8FA36BE26B9A4228D994F8452095
S31500002C800133FF2A55B2A3630DD1636A3BB104F148
S31500002C9024000CF02DF910B10EB101233360012090
S31500002CA087F31188F8BD0CF00BF98542F7D27F2D1A
S31500002CB008D14FF0140383F31188BFF36F8FBFF36E
S31500002CC04F8FFEE701356DB284F84550E7E70020E7
S31500002CD0E6E7F0B585B00E460192044640B94FF0DE
S31500002CE0140383F31188BFF36F8FBFF34F8FFEE793
S31500002CF051B9036C43B14FF0140383F31188BFF34A
S31500002D006F8FBFF34F8FFEE70CF00AF950B9019BA6
S31500002D1043B14FF0140383F31188BFF36F8FBFF3F2
S31500002D204F8FFEE700F066FCA56BDDB1314620460D
S31500002D30FFF7C7FC2369013DA56373B104F11000D9
S31500002D400CF0D6F848B14FF0E0234FF08052C3F8AC
S31500002D50042DBFF34F8FBFF36F8F00F06BFC012084
S31500002D6005B0F0BD019B1BB900F064FC0020F7E73D
S31500002D7002A80CF091F82F4600F05CFC0CF0A4F8C9
S31500002D8000F038FC94F84430FF2B08BF84F84470F8
S31500002D9094F84530FF2B08BF84F8457000F04AFCD4
S31500002DA001A902A80CF088F838BB2046FFF74BFCB7
S31500002DB0E8B1019904F124000CF092F82046FFF7DF
S31500002DC096FC0CF0A5F848B94FF0E0234FF080527E
S31500002DD0C3F8042DBFF34F8FBFF36F8F00F00AFCCB
S31500002DE0A56B002DA2D1019B002BC5D1BCE72046C7
S31500002DF0FFF77DFC0CF08CF8F0E72046FFF777FC38
S31500002E000CF086F82046FFF71EFC0028E6D0ADE75A
S31500002E10F0B585B00446019140B94FF0140383F331
S31500002E201188BFF36F8FBFF34F8FFEE7056C45B177
S31500002E304FF0140383F31188BFF36F8FBFF34F8FE7
S31500002E40FEE70CF06DF8064620B32E46002700F08C
S31500002E50D1FBA36B53B3013BA363236813B90CF0F7
S31500002E603BF8A060236973B104F110000CF040F840
S31500002E7048B14FF0E0234FF08052C3F8042DBFF362
S31500002E804F8FBFF36F8F00F0D5FB012005B0F0BD6B
S31500002E903546DBE7019B002BFAD04FF0140383F392
S31500002EA01188BFF36F8FBFF34F8FFEE7019B1BB9EE
S31500002EB000F0C0FB0020E9E716B902A80BF0ECFF12
S31500002EC000F0B8FB0CF000F800F094FB94F84430E6
S31500002ED0FF2B08BF84F8447094F84530FF2B08BFD9
S31500002EE084F8457000F0A6FB01A902A80BF0E4FFE8
S31500002EF050BB2046FFF7A7FB00B323683BB900F0A1
S31500002F0079FBA0680BF0F8FF054600F093FB0199EA
S31500002F1004F124000BF0E4FF2046FFF7E8FB0BF07A
S31500002F20F7FF48B94FF0E0234FF08052C3F8042D65
S31500002F30BFF34F8FBFF36F8F012688E72046FFF759
S31500002F40D6FB0BF0E5FFF7E72046FFF7D0FB0BF0CB
S31500002F50DFFF2046FFF777FB0028EDD0002DA9D034
S31500002F6000F048FB616A19B1236B1968C1F1380199
S31500002F70A0680BF0D9FF9BE770B50D46044640B933
S31500002F804FF0140383F31188BFF36F8FBFF34F8F96
S31500002F90FEE786680BF0D0FF864204D1E368013372
S31500002FA0E360012070BD29462046FFF731FF002867
S31500002FB0F8D0E3680133E360F4E72DE9F843894686
S31500002FC09046044640B94FF0140383F31188BFF3CB
S31500002FD06F8FBFF34F8FFEE751B9036C43B14FF0CC
S31500002FE0140383F31188BFF36F8FBFF34F8FFEE790
S31500002FF000F018FCEFF311874FF0140383F31188E8
S31500003000BFF36F8FBFF34F8FA66B86B394F8445010
S3150000301049466DB22046FFF754FB013E6B1CA66382
S3150000302011D1236953B104F110000BF061FF28B1EF
S31500003030B8F1000F02D00123C8F80030012087F351
S315000030401188BDE8F8830BF03BFF8542F6D27F2D51
S3150000305008D14FF0140383F31188BFF36F8FBFF3CA
S315000030604F8FFEE701356DB284F84450E6E73046EF
S31500003070E5E7000070B540B94FF0140383F31188FB
S31500003080BFF36F8FBFF34F8FFEE7B9B10C4A002332
S315000030901C4615465668864204D105EBC403C3E9AF
S315000030A000100BE01BB91668002E08BF134601344A
S315000030B0082C02F10802EDD1002BF0D170BD00BF43
S315000030C00C12010010B540B94FF0140383F31188B8
S315000030D0BFF36F8FBFF34F8FFEE7094A002352F805
S315000030E0331081424FEAC30406D1064A002142F852
S315000030F033102244516010BD0133082BEFD1FAE79B
S31500003100101201000C12010010B540B94FF0140363
S3150000311083F31188BFF36F8FBFF34F8FFEE7FFF77F
S31500003120D1FF90F846301BB9BDE8104000F07EBCD8
S3150000313010BD70B504460D46164600F05BFA94F8CD
S315000031404430FF2B04BF002384F8443094F8453004
S31500003150FF2B04BF002384F8453000F06BFAA36B05
S315000031602BB93246294604F124000BF0F1FE204625
S31500003170BDE87040FFF7BBBA914208B541600061F7
S315000031800AD8D21A83699A420DD2084B011D1868D3
S31500003190FFF733FA002008BD9A4201D2994202D2C3
S315000031A0034B011DF3E70120F5E700BFFC17010003
S315000031B00018010070B504460D461646A1692B4657
S315000031C0324629442046FFF7D7FF00B970BDA369F0
S315000031D020461D44236A9847F0E700000E4B1B6803
S315000031E0DB6870B5DC680546201D0E46FFF71CFA45
S315000031F094F828305A0709D5324629462046FFF763
S31500003200D9FF236A2046BDE87040184723F0010322
S3150000321084F82830F5E700BF00180100F8B50F4E16
S3150000322005460BF08DFE33688342044609D90C4FE0
S315000032303B681A6852B90B4A11683960136001235A
S3150000324000E000232B6034602046F8BDDB684FF0B9
S31500003250FF311868FFF7C2FFEAE700BFF017010069
S3150000326000180100FC1701002DE9F0415B4F5C4E90
S3150000327086B03B68D3F80080B8F1000F38D0DB6821
S31500003280D3F8008000240BF01FFE02A8FFF7C6FF4C
S31500003290029B0546002B48D164BB404530D30BF05A
S315000032A037FE29464046FFF799FF1022002102A863
S315000032B009F06EFE3068002202A9FFF70AFD002819
S315000032C0D7D0029B0498002B32DB049C6369002B49
S315000032D035D101A8FFF7A2FF029B013B0546082B4B
S315000032E0E8D8DFE803F03030535A733030535A00D1
S315000032F00124C8E73B4B1B681C68B4FA84F46409D4
S3150000330030682246A8EB0501FFF713FF0BF000FE1D
S315000033100028CAD14FF0E0234FF08052C3F8042DA5
S31500003320BFF34F8FBFF36F8FBFE70BF0F1FDBCE725
S31500003330039B05999847029B002BBBDBC5E7201D25
S31500003340FFF772F9C5E794F82830A16943F0010345
S3150000335084F82830039B024619442046FFF70CFFE9
S315000033600028A7D094F8283059070AD5A3690399ED
S315000033702A4619442046FFF71DFF236A2046984730
S3150000338098E723F0010384F82830F6E794F828300C
S3150000339023F0010384F828308CE794F8283043F0B2
S315000033A0010384F828300399A16141B94FF0140351
S315000033B083F31188BFF36F8FBFF34F8FFEE703468A
S315000033C0024601442046FFF7D7FE73E794F82830FB
S315000033D09A07DDD4204600F029FB6BE700180100B0
S315000033E0F8170100FC170100F7B5114C00F002F9BF
S315000033F02568BDB90F4F104E3846FFF7E5F8304641
S31500003400FFF7E2F80D4B0E4A1F600E4B10211E60AF
S3150000341005200D4B0095FFF7EFF9206010B10B4921
S31500003420FFF728FE03B0BDE8F04000F003B900BF87
S31500003430F81701001818010004180100001801000F
S31500003440A0170100FC17010050170100F900210820
S3150000345010B588B0FFF7C8FF124B1B68B3B1002444
S3150000346007AA06A905A8CDE90544FFF7A1F8059B1B
S315000034700293069B019337230093079A0A490B4848
S3150000348023460BF025FD0A4B186040B94FF0140394
S3150000349083F31188BFF36F8FBFF34F8FFEE70120D1
S315000034A008B010BDF8170100FE0021086942200887
S315000034B0F4170100000000000000000000000000FA
S315000034C0074B19680868B0E8F04F80F30988BFF326
S315000034D06F8F4FF0000080F311887047AFF30080C4
S315000034E04C17010008480068006880F308884FF010
S315000034F0000080F3148862B661B6BFF34F8FBFF346
S315000035006F8F00DF00BF000008ED00E00000000044
S31500003510EFF30980BFF36F8F154B1A681EF0100F7B
S3150000352008BF20ED108A20E9F04F10602DE9090050
S315000035304FF0140080F31188BFF34F8FBFF36F8FE6
S315000035400BF0DEFC4FF0000080F3118809BC19680F
S315000035500868B0E8F04F1EF0100F08BFB0EC108AF4
S3150000356080F30988BFF36F8F704700BFAFF3008009
S315000035704C170100DFF80C00016841F4700101608E
S315000035807047000088ED00E082B0002301930D4BE8
S315000035901B68013308D04FF0140383F31188BFF37F
S315000035A06F8FBFF34F8FFEE74FF0140383F311883D
S315000035B0BFF36F8FBFF34F8F019B002BFCD002B080
S315000035C0704700BF580000004FF0807340F8043C7D
S315000035D0074B40F80C3C21F001016FF0020340F864
S315000035E0081C40F8202C40F8243C4438704700BFA3
S315000035F0894520084FF0140383F31188BFF36F8FBA
S31500003600BFF34F8F0A4A13680133012B13600ED1A3
S315000036104FF0E023D3F8043DDBB243B14FF014037F
S3150000362083F31188BFF36F8FBFF34F8FFEE77047A9
S3150000363058000000084A136843B94FF0140383F397
S315000036401188BFF36F8FBFF34F8FFEE7013B136007
S315000036500BB983F3118870475800000008B54FF086
S31500003660140383F31188BFF36F8FBFF34F8F0BF0F3
S315000036706BFC28B14FF0E0234FF08052C3F8042DC5
S31500003680002383F3118808BD4FF0E0220023136165
S315000036909361054B4FF47A711B68B3FBF1F3013B61
S315000036A05361072313617047B4E001004FF0E02334
S315000036B037B5D3F8001D534A914208D14FF0140391
S315000036C083F31188BFF36F8FBFF34F8FFEE7D3F8F5
S315000036D0001D4D4A914208D14FF0140383F311881F
S315000036E0BFF36F8FBFF34F8FFEE7D3F8083D474A0E
S315000036F0D96A914208D04FF0140383F31188BFF3BF
S315000037006F8FBFF34F8FFEE79A6B414B9A4208D0FB
S315000037104FF0140383F31188BFF36F8FBFF34F8FFE
S31500003720FEE7002301933B4B1A78D2B28DF80220B4
S31500003730FF221A701B78384ADBB28DF803309DF8E9
S31500003740033003F01403137043B94FF0140383F3EB
S315000037501188BFF36F8FBFF34F8FFEE79DF80330DD
S31500003760DB4313F0140F10D04FF0140383F31188CA
S31500003770BFF36F8FBFF34F8FFEE7013301939DF8C1
S3150000378003305B00DBB28DF803309DF8033013F095
S31500003790800F019BF1D1082B18BF019B1F4A14BF54
S315000037A0C3F1070300231B0203F4E06313609DF8D3
S315000037B00230184A4FF0E024DBB21370D4F8203DF3
S315000037C043F47F03C4F8203DD4F8203D002543F0A0
S315000037D07F43C4F8203DC4F81C5DFFF755FF104B2E
S315000037E01D60FFF7C7FED4F8343F43F04043C4F8EA
S315000037F0343FFFF777FE0BF083FBFFF7C5FE284645
S3150000380003B030BD71C20F4170C20F41C1442008E0
S315000038101145200800E400E0301801002C180100D2
S3150000382058000000EFF305830F2B0ED9114A9B5C5D
S31500003830114A12789A4208D94FF0140383F311887B
S31500003840BFF36F8FBFF34F8FFEE74FF0E0230B4AB6
S31500003850D3F80C3D126803F4E063934208D94FF0A5
S31500003860140383F31188BFF36F8FBFF34F8FFEE707
S31500003870704700BFF0E300E0301801002C1801008B
S31500003880F8B5431E0A33624D24D90BF01DFB2B6895
S3150000389063BB00245F4A604853071FBFD11D21F058
S315000038A0070102F54842531A0CBF4FF448430A4633
S315000038B01344083B23F00703002141600260C3E97B
S315000038C00011991AC2E900312B60544B1960544B10
S315000038D019601BE010F0070300F108040BD10BF090
S315000038E0F3FA2B68002BD5D0002C11DA0BF010FB65
S315000038F000252846F8BDA3F10902A242C5D310301F
S31500003900C41A0BF0E1FA2B68002BC3D0002CEDDDB6
S31500003910DFF80CC1DCF80010A142E7D33E4ADFF81D
S31500003920F4E01368734502D33E4FBB4217D94FF0FC
S31500003930140383F31188BFF36F8FBFF34F8FFEE736
S31500003940764502D3BE421A4608D94FF0140383F3D4
S315000039501188BFF36F8FBFF34F8FFEE7334658686A
S31500003960A04202D21E68002EEAD12D689D42BDD02B
S3150000397015680835754501D3BD4208D94FF01403C3
S3150000398083F31188BFF36F8FBFF34F8FFEE71F6876
S315000039901760A0420FD3001B102819D91E1916F064
S315000039A0070F11D04FF0140383F31188BFF36F8F05
S315000039B0BFF34F8FFEE74FF0140383F31188BFF375
S315000039C06F8FBFF34F8FFEE770605C601F5116600C
S315000039D058680A1A1149CCF800200C68A24238BF70
S315000039E00A6000221A60104A40F0004058601368CE
S315000039F0013313600BF08CFA6B073FF47AAF4FF08C
S31500003A00140383F31188BFF36F8FBFF34F8FFEE765
S31500003A104418010050180100481801003C18010024
S31500003A20401801004FE0010038180100F8B50546BE
S31500003A3000286FD0384FA0F10804BC4212D3374E8D
S31500003A40B4420FD850F8043C002B14DA50F8082C76
S31500003A50D2B14FF0140383F31188BFF36F8FBFF316
S31500003A604F8FFEE74FF0140383F31188BFF36F8F78
S31500003A70BFF34F8FFEE74FF0140383F31188BFF3B4
S31500003A806F8FBFF34F8FFEE723F0004340F8043CEF
S31500003A900BF01AFA224A55F8041C13680B441360FB
S31500003AA0204B18461A461B689C42FBD882420CD013
S31500003AB0BA4201D3B24208D94FF0140383F31188F6
S31500003AC0BFF36F8FBFF34F8FFEE750681618B442EF
S31500003AD006D1014450188342516010D1144602E0C9
S31500003AE06018834213D11048006883421FBF58688C
S31500003AF04018606018682060A24218BF14600B4A24
S31500003B00136801331360BDE8F8400BF001BA45F8BD
S31500003B10083CF1E7F8BD00BF501801004FE0010076
S31500003B20401801004818010044180100341801002B
S31500003B30F0B5254D06460F460FCD89B06C460FC42D
S31500003B4095E80F00374484E80F003046B84228D184
S31500003B506B4600206A460321D4695D68AC4284BF87
S31500003B6096691F6801F1FF3184BFC2E90675C3E992
S31500003B7000648142A2F10802EED1022901F101009E
S31500003B8003F10803E6D1114B009A01219954029AD8
S31500003B9002219954049A9854069A0421995409B01A
S31500003BA0F0BD10F8014B062244FA02F308A903F00F
S31500003BB0030301EBC303023A53F81C1C013143F81B
S31500003BC01C1C931CF0D1C1E70801210850E001003C
S31500003BD02DE9F0410E460546114630461446FFF7DC
S31500003BE0A7FF0023DFF8ECC0321918461C46012156
S31500003BF0B24201D1BDE8F081062796F800E04EFA00
S31500003C0007FE0EF0030E1CF80EE00EF1FF3EBEF1AD
S31500003C10030F0BD8DFE80EF0021F10280133072B25
S31500003C2004D92C5403F0070301300024023F17F196
S31500003C30020FE2D10136DBE7C3F1070E01FA0EFEF1
S31500003C40013344EA0E04072BE4B281BF2C5403F07F
S31500003C50070301300024C3F1070E01FA0EFE44EA01
S31500003C600E04E4B20233DAE7C3F1070E01FA0EFEE0
S31500003C7044EA0E0403F1010EBEF1070F88BF0EF0F1
S31500003C80070EE4B2CEF1070388BF2C5401FA03F302
S31500003C9088BF002444EA030488BF0130BEF1070F41
S31500003CA0E4B20EF1010304D12C5401230130802427
S31500003CB0BCE7C3F1070301FA03F31C43BEF1060F89
S31500003CC0E4B204BF2C5400240EF1020304BF0130F9
S31500003CD02346ABE750E0010030B5114B93F858305E
S31500003CE0013BDBB2FD2B8FB018D80E4D0FCD6C46C5
S31500003CF00FC40FCD0FC40FCD0FC495E8030084E8A1
S31500003D000300094C6846D4F8443712F009FF05F061
S31500003D100DF9D4F8443700200FB030BD0120FBE781
S31500003D2000021F0858021F0800800524134B016873
S31500003D30D3F84437F0B50127013900D2F0BDD0F8E9
S31500003D4008C04668CCF38455C5EBDC6234680132A2
S31500003D500023013A0CD203FA05F203EA0C03C3F37B
S31500003D60150324EA0202AB40134333600830E3E74D
S31500003D7007FA02FE43EA0E03EBE700BF00800524C4
S31500003D8008B51848FFF7D2FF1748FFF7CFFF05F031
S31500003D9045FB05F057FB05F061FB05F073FB05F0ED
S31500003DA07DFB1248FFF7C2FF1148FFF7BFFF11481E
S31500003DB0FFF7BCFF1048FFF7B9FF1048FFF7B6FF43
S31500003DC00F48FFF7B3FF0F48FFF7B0FF0E48FFF7A6
S31500003DD0ADFF0E48FFF7AAFFBDE808400C48FFF705
S31500003DE0A5BF00BF1C1A000080190000BC1500000A
S31500003DF0881600007C1600009C1600005C1500006A
S31500003E00501500004415000098150000E01500004C
S31500003E10D415000010B5254CFFF7B2FF94F8040640
S31500003E2000F00100FFF758FF4FF4C023C4F86C34CC
S31500003E30D4F840311E4843F40023C4F84031D4F886
S31500003E40403143F00103C4F84031D4F8403143F027
S31500003E500203C4F84031FFF769FF16491648D1F846
S31500003E60103543F00203C1F81035636923F40033BB
S31500003E706361636943F480336361D0F84027D0F807
S31500003E807837C2F34342023A23F4F07343EA42130B
S31500003E90C0F87837D1F8943443F40023C1F8943449
S31500003EA0236943F46013236110BD00BF008004241E
S31500003EB0A817000000A005240080052408B550B10D
S31500003EC00748FFF733FF0748FFF730FF0648BDE80E
S31500003ED00840FFF72BBF0548FFF728FF0448F6E721
S31500003EE0F0170000981800008C18000064180000F5
S31500003EF0101800000B48D0F800D05DF804EB5DF810
S31500003F0004CB5DF804BB5DF804AB5DF8049B5DF87B
S31500003F10048B80BC40BC20BC10BC08BC04BC02BCEA
S31500003F2001BC704760E00100114AD2F8103623F454
S31500003F308073C2F810360F4B596B41F0010159637B
S31500003F40596B41F0020159630423C2F8383482B038
S31500003F5000238DF807309DF80730092B01D902B0F0
S31500003F60704700BF9DF807300133DBB2F1E700BFB1
S31500003F700080042400840424FEE7FEE7054B064A7D
S31500003F8006498B4200D3704752F8040B43F8040BE2
S31500003F90F7E700BF100000003C7D2108701A000002
S31500003FA0064B0748DA1C121AC11E22F00302994278
S31500003FB088BF0022002108F0EBBF00BFDCF0010043
S31500003FC0701A000008B5FFF7D9FFFFF7E9FF00F008
S31500003FD0BBF8BDE80840FDF7B1BF000038B562B6D2
S31500003FE03A4B3B4A1A603B4B3B4A93F806363B4CEE
S31500003FF03B4D03F00F030F2B15BF3A4B4FF00063F9
S31500004000D3F89312D3F837140CBF11601160364AF7
S315000040100CBFD3F83634D3F89232136005F0C8FCDF
S3150000402005F004F92A4BE363032005F0BDFB05F018
S31500004030FFF82E4BDB694FF08061D3F880304FF0EC
S315000040408C409847EB69022060F30E33EB61284BF6
S31500004050DA696FF30202DA6105F064F91D4B1A6A38
S31500004060042161F302021A621A6A1207FCD5AB69CF
S31500004070022262F38403AB61AB691B04FCD51D4BC2
S315000040801D4D5A6E6FF341025A665A6E6FF3000267
S315000040905A66FFF749FF19490D4B21614FF4FA4063
S315000040A0E16117496062002220624FF40040C4E9D2
S315000040B00033C4E90B15C4E90F33A2606261E36003
S315000040C0A06263636164A26138BD00BFB4E0010011
S315000040D0005A6202008004245CE0010064E00100F2
S315000040E00081042400001F0858E001000001300090
S315000040F00086042400840424002D310100B4C40485
S315000041000048E8014FF0E02384B0D3F8402F019235
S31500004110D3F8442F02920199094A91420DD102998E
S31500004120084A914209D1D3F8882D0392039A42F4A2
S3150000413070020392039AC3F8882D04B0704700BF3B
S31500004140210011101100001113B5002300930193F3
S315000041502F4BD3F810250092009A00922D4A116831
S3150000416021F00F01116011681160D3F89C1421F43D
S315000041706071C3F89C14D3F8041701910199C3F830
S315000041800415D3F8001701910199C3F80015D3F867
S31500004190101541F01C01C3F81015D2F8024014F4B2
S315000041A08074FAD11C48436943F480334361436900
S315000041B064F351434361FFF7A5FF184B4FF080723C
S315000041C05A60174BC0F84031164B5A6864F3C30265
S315000041D05A60036A0E4A43F480330362036A43F467
S315000041E000330362D2F8943443F40023C2F89434C3
S315000041F0036943F4601303610B4B1A6842F400220F
S315000042001A601A6842F480221A6002B010BD00BF1C
S3150000421000A005240000052400800424000030418D
S3150000422003000800008104240084042410B520F053
S315000042304044012C02D0022C05D010BD0A4A136856
S3150000424001331360F9E7094B09489B6947F230517E
S3150000425098470848084900680C7000231A46FEF77C
S315000042602DF9064AEBE700BFC0E00100D47621082D
S31500004270D28F0000CC8F0000B8E00100BCE0010046
S3150000428037B5114CE3689847A368104898472369E7
S3150000429002209847A56A01211520A847012116206A
S315000042A0A8474FF4E1310120A847094D286810B905
S315000042B0FDF791FF2860A3690648019347F2305144
S315000042C003B0BDE830401847D47621082D522008A7
S315000042D0C4E00100D28F000013B5094C00238DF80D
S315000042E004302360074B01219B6901A89847236886
S315000042F01BB19DF8040002B010BD00F009FCF6E702
S31500004300BCE00100D476210813B5094C8DF80700EE
S3150000431000232360074B01215B690DF107009847D5
S3150000432023680BB102B010BD00F0F2FBF8E700BF46
S31500004330C0E00100D476210803681B780022202BF8
S3150000434004D0093B042B01D9D0B270470368591C2D
S3150000435001605B780132F2E70120704708B508F08A
S3150000436069FE162303604FF0FF3008BD08B508F05C
S3150000437061FE16230360FEE770B50D461446FDF791
S3150000438075FE022805D10C4B4FF0FF311868FDF77A
S315000043905FFF2E46731BA34209DBFDF767FE02286B
S315000043A003D1054B1868FDF778FF204670BD16F857
S315000043B0010BFFF7A9FFEDE7C4E001004FF0FF3066
S315000043C070474FF400534B60002070470120704740
S315000043D0002070470FB42DE9F0438BB012AB0024D8
S315000043E053F8046B019304AD8DF81040A846FFF70F
S315000043F073FF0D2805F8010B04D00A2802D00134FA
S31500004400142CF4D19E4B019FE34004F1280213F0D3
S3150000441001030DEB02041ABF002304F8183C04F84C
S31500004420173C9DF81030CDE90268002B00F04E8154
S315000044300025029B1B78002B4DD0DDF80C9099F8D7
S315000044400060002E47D002A8FFF776FF044618B199
S3150000445003A8FFF771FFECE7029A1346517813F8A9
S31500004460010B0293252801D1252907D18E4232D18D
S3150000447009F10103023203930292DAE72646204647
S31500004480A0461A7806F07C01002A7CD100B102937E
S3150000449009B3002C08BF6324082900F0878020296F
S315000044A000F0AA80042916D157F8042B4946144473
S315000044B000200E780B460131002E6AD100286FD1FC
S315000044C0B7E7692A50D01ED8632A52D011D8392AA4
S315000044D007D82F2A34D8E8B20BB0BDE8F04304B0B1
S315000044E07047582AF7D146F0200601334FF01008DE
S315000044F032E0642AEFD146F4005646F02006013336
S315000045004FF00A0828E06F3AD1B20929E3D8092A00
S31500004510E1D801A151F822F05D552008D7542008B2
S31500004520D7542008D754200881552008D75420088E
S31500004530FB542008D7542008D7542008E7542008F5
S31500004540002CC8D10A211A78303A01FB042413F84A
S31500004550012F303A092AF6D9012092E746F02006C3
S3150000456001334FF00808F7E746F020060133884686
S31500004570F2E7012C46F0040638BF01240133EBE7CD
S3150000458046F00806FAE700299BD0002881D002935E
S315000045907FE702F8016BA2424FF0010089D10B467A
S315000045A0994503933FF445AF013542E703A8FFF76A
S315000045B0C3FE039E57F8043B314603EB040C002070
S315000045C00C4611F8012B12B960B103940AE00D2ACA
S315000045D00FD8082AF8D803F8012B63454FF00100DD
S315000045E0EED10391039A96423FF423AF00221A704C
S315000045F0DAE7202AEFD1E7E703A8FFF79DFE039B42
S31500004600B8F1000F10D0B8F1100F17D11A78302A70
S3150000461014D15A7802F0DF02582A0FD102330393DD
S31500004620023C4FF0100809E01A78302A16D15A7861
S3150000463002F0DF02582AF1D04FF00808039B1A78DF
S315000046402B2A0ED02D2A0FD101330393013C4FF0B4
S31500004650FF31039A00201444844616E04FF00A08FE
S31500004660ECE701330393013C0121F2E7A9F1410391
S31500004670052B02D920B3039222E0A9F1370317E0F4
S31500004680010010000CFB083C012092F800909646B1
S31500004690B9F1000FEED0A242ECD0A9F13003DBB2A3
S315000046A0092B06D9A9F16103052BDFD8A9F1570318
S315000046B0DBB2984502F10102E4D808B1CDF80CE06E
S315000046C057F8043B0CFB01F119606DE74FF0FF351D
S315000046D001E700BF044802231421C21801334B2B03
S315000046E082F80013F9D1704700E100E0064B186824
S315000046F0002382B262F30F03000C60F31F4382B003
S31500004700184602B0704700BFD076210809207047CE
S31500004710014803F071B900BF8476210837B5044615
S3150000472006200D4600F026FBE2B2132A0346084A8D
S3150000473002D11178A52908D0127800922946054A97
S31500004740204602F043FC03B030BD6FF00600FAE7E6
S315000047505C00000084762108014803F07BB800BFA6
S31500004760847621081FB5064B1B680293054B0193FF
S31500004770054B0093054B02F05BFF05B05DF804FBAB
S3150000478058E50100E4E101006C0000008476210890
S3150000479007B5064B064A1B680193064B0093064B6A
S315000047A002F046FE03B05DF804FB00BF58E50100C9
S315000047B084762108E4E101006C00000007B5064B91
S315000047C0064A1B680193064B0093064B02F078FDE0
S315000047D003B05DF804FB00BF58E5010084762108AC
S315000047E0E4E101006C000000014902F0D5BA00BF07
S315000047F0847621080149024802F0A6BA6C0000003E
S315000048008476210807B5064B0193064B0093064AAA
S31500004810064B074902F04EF903B05DF804FB00BFF2
S31500004820DCE4010058E501006C00000000FC020019
S3150000483084762108014B1870704700BF5C000000A9
S31500004840014803F041B800BF847621080F4BDA799E
S31500004850920714D51B79ABB90D4B5A6948B142F092
S3150000486010025A615A6939B142F001025A610020B8
S31500004870704760F30412F4E761F30002F6E74FF0C5
S31500004880FF3070476FF00100704700BFE4E00100A1
S3150000489000000345024BD87900F00100704700BFC5
S315000048A0E4E001000B28014603D1054A012002F08D
S315000048B0DABF0A2803D1024A012002F0EFBF70478F
S315000048C0847621080B28014603D1054A022002F00E
S315000048D0CABF0A2803D1024A022002F0DFBF70478E
S315000048E084762108014802F0BDBA00BF847621080B
S315000048F0064B1868002382B262F30F03000C60F3C4
S315000049001F4382B0184602B0704700BF487721089F
S31500004910014B1868704700BF78000000014804F09A
S3150000492003B900BF78000000014904F0BDB800BF1C
S3150000493078000000014804F095B800BF7800000038
S3150000494037B504460B200D4600F014FA064B1B68DB
S315000049500193064B00930246054B2946204603F079
S3150000496037FE03B030BD00BF54E501006000000013
S3150000497078000000014803F027BE00BF7800000061
S31500004980014803F01EBE00BF780000007FB5104B43
S31500004990D3E90354B2F5806F2E883ABF02F1FF3394
S315000049A0C3F3090340F2FF3363F30D162E80258807
S315000049B063F30D15074B25801B680293064B019385
S315000049C0064B0093024B03F0C3FD04B070BD00BF5D
S315000049D07800000054E50100F4E0010060000000EA
S315000049E00D4B1A69B1F5806F13B538BF01F1FF336E
S315000049F0148834BFC3F3090340F2FF3363F30D1485
S31500004A00064B14801B680193054B0093024A054B25
S31500004A1003F018FD02B010BD7800000054E5010057
S31500004A20F4E00100600000000D4BDA68B1F5806F1C
S31500004A3013B538BF01F1FF33148834BFC3F309033C
S31500004A4040F2FF3363F30D14064B14801B68019389
S31500004A50054B0093024A054B03F05EFC02B010BD05
S31500004A607800000054E50100F4E001006000000059
S31500004A70024B034A1B68034903F09ABB54E5010045
S31500004A806000000078000000034B044904484FF41E
S31500004A9000129A6403F02CBB00840424600000001A
S31500004AA07800000007B5064B0193064B0093064AB3
S31500004AB0064B074903F090FA03B05DF804FB00BF0C
S31500004AC064E4010054E5010060000000001C0624B7
S31500004AD078000000014AC9B203F0ECB97800000082
S31500004AE0014AC9B203F012BA78000000014803F087
S31500004AF0E1B800BF18010000014803F0DBB800BFB1
S31500004B00D4000000014803F0D5B800BF78000000CB
S31500004B10FFF7F8BF0128014602D1044A03F0CAB9DB
S31500004B2018B9024A012003F0F1B970477800000075
S31500004B300128014603D1054A022003F0BBB918B982
S31500004B40024A022003F0E2B9704700BF7800000075
S31500004B50354BDFED366AD3F8102242F04002C3F837
S31500004B60102207EE900AD3F81022F4EEE67A42F00D
S31500004B701002F1EE10FA07EE101A82B0C3F81022F6
S31500004B8006DCF0EE086AB4EEE67AF1EE10FA08D525
S31500004B90D3F8102242F02002C3F81022002002B0FF
S31500004BA070479FED237AF4EEC77AF1EE10FA10D52E
S31500004BB0D3F810226FF30302C3F81022D3F81022A1
S31500004BC06FF38612C3F81022D3F810226FF3041283
S31500004BD0E2E777EEC77ADFED176A134A87EEA67A21
S31500004BE0F7EE007A77EE277AFCEEE77ACDED017ADA
S31500004BF09DF80430F6EE007A77EE277A07EE103A43
S31500004C00B8EE477AB4EEE77AF1EE10FAC2BFFCEEE0
S31500004C10E77ACDED017A9DF80430D2F8101263F3ED
S31500004C200301C2F81012B9E70038042433333340C5
S31500004C30CDCCCC3F0AD7A33D0A4B9A6C013A052A44
S31500004C400ED8DFE802F003050705090B586C70471C
S31500004C50D86A7047D86B7047186B7047586B7047A7
S31500004C600020704764E0010006281DD8DFE800F048
S31500004C70040A0D10131619000C4B586809B1B0FB45
S31500004C80F1F07047094B186AF8E7084B586AF5E7E0
S31500004C90064B986AF2E7054BD86AEFE7034B186BA9
S31500004CA0ECE7024BD868E9E70020E7E764E001009B
S31500004CB010B5032814D8DFE800F0020A0D100F48DB
S31500004CC0C06A7AB1A3B981B1B0FBF1F00DE00B482F
S31500004CD0C069F6E709484069F3E708488068F0E7E5
S31500004CE00020EEE723B909B9400810BD4900EBE7FB
S31500004CF0CB07FAD50229F8D9E6E700BF64E0010040
S31500004D00F8B50C461546042828D8DFE800F003213C
S31500004D101B1E2400FFF790FF15B394B106F088FF21
S31500004D20064620460F4606F083FF104B002206F08B
S31500004D3043FE02460B463046394607F01DF907F09A
S31500004D408BFAF8BD0A4BD869E6E7094B5869E3E7E1
S31500004D50074B9868E0E7064BD868DDE70020DBE7FD
S31500004D60002CEED0B0FBF4F0EBE700BF0000E03F14
S31500004D7064E0010010B50E2800F28F81DFE810F024
S31500004D800F001E002D005300720084009600B30031
S31500004D90CA00DD00E70009013201600182014FF01F
S31500004DA08C43BDE81040D869D969DA69C1F3C301FB
S31500004DB0C2F3407200F00700FFF7A2BF4FF08C432A
S31500004DC0BDE81040D869D969DA69C1F38321C2F315
S31500004DD08072C0F3C210FFF793BF4FF08C42936905
S31500004DE09469C3F3C233C4F3C324052B19D8DFE88F
S31500004DF003F003090C0F1215FFF71EFF0CB1B0FBF1
S31500004E00F4F010BD8C4B9868F8E78B4B1869F5E702
S31500004E10894B5869F2E7884BD869EFE7864BD86823
S31500004E20ECE70020EAE74FF08C42936A946AC3F3FA
S31500004E304243C4F30554032B12D8DFE803F00208FB
S31500004E400B0EFFF7F9FE002CDBD06400D7E77A4B98
S31500004E505869F8E7784B9868F5E7774BD868F2E732
S31500004E600020F0E74FF08C43BDE81040986999693F
S31500004E709A69DB69C2F34022C3F30073C1F3C5012B
S31500004E8000F00700FFF714BF4FF08C43BDE8104059
S31500004E90D86F99699A69DB69C2F34022C3F300733C
S31500004EA0C1F3C501C0F34220FFF702BF4FF08C43A8
S31500004EB09B69C3F30263042B00F2EF80DFE803F083
S31500004EC003060A0D10005C4BD8689AE7BDE810404F
S31500004ED0FFF7B2BE584B986893E7574BD86990E7EF
S31500004EE0554B58698DE74FF08C42916993699269E9
S31500004EF011F4802F5049C2F3C0520CBF486988682C
S31500004F00C3F3C3431AB1002B3FF47BAF12E083B95E
S31500004F10400876E74FF08C439A6A9B6A12F4806FDA
S31500004F20454A0CBF9069D068C3F3C523002B3FF4F4
S31500004F3068AF5B00B0FBF3F063E7404B9869996993
S31500004F40BDE81040C1F34641000FFFF78DBE3B4B55
S31500004F50DA69DB69C2F34302C3F34713052A16D89D
S31500004F60DFE802F00306090C0F12334A5068DDE74A
S31500004F70314A106ADAE7304A506AD7E72E4A906A11
S31500004F80D4E72D4AD06AD1E72B4A106BCEE7002032
S31500004F90CCE72A4B1A6A1B6AC2F34302C3F34213D5
S31500004FA0072A1DD8DFE802F004070A0D10131619A8
S31500004FB0214A5068A7E7204A106AA4E71E4A506AA9
S31500004FC0A1E71D4A906A9EE71B4AD06A9BE71A4AE8
S31500004FD0106B98E7184AD06895E7174A506B92E726
S31500004FE0002090E7154B1B6BC3F34303062B54D8E5
S31500004FF001A252F823F000BF156020081B602008AC
S3150000500021602008276020082D60200833602008D2
S31500005010C75E2008084B5868F3E6074B186AF0E6A7
S31500005020054B586AEDE6044B986AEAE6024BD86AE5
S31500005030E7E6014B186BE4E664E001000014042483
S31500005040174B5B6BC3F34303082B26D801A252F818
S3150000505023F000BF156020081B602008216020088F
S31500005060276020082D60200833602008C75E2008CE
S31500005070796020087F6020080A4B586BC1E6094B0F
S315000050809869BEE6064BD86AD96ABDE81040C1F3F6
S315000050904711C0F34300FFF7E7BD0020B1E600BFAC
S315000050A00014042464E00100024B1B68D3F8BC30F2
S315000050B0184700BF00013000024B1B68D3F8CC3004
S315000050C0184700BF00013000024B1B68D3F8EC30D4
S315000050D0184700BF0001300007EE100AFDEEC77A40
S315000050E0F8EEE76AF4EEC76AF1EE10FA41BF17EE82
S315000050F0903A013307EE903AF8EEE76A16EE900A18
S3150000510070470000024B01219B69C0B2184700BFDF
S315000051100CE60100FFF7F6BF1346054A126810B405
S31500005120546C0A46A44600215DF8044B604700BF54
S315000051300001300010B54FF4006004F0B3F8094CDC
S31500005140094B4FF000725A6422782AB9074B084877
S315000051501B6A01219B6A9847237843F00103237059
S3150000516010BD00BF5CE9010000840424000130008A
S315000051700014042482B0ADF804000A4B4FF4006218
S315000051801A609DF80420084B2AB9D3F8082242F485
S315000051900062C3F808225A68002042F001025A60F1
S315000051A002B0704700E100E0003804242DE9F04F1A
S315000051B0224B234893F81CE0224B1A7800231C4606
S315000051C002F59875D9B28E450CD8DFF88080002399
S315000051D0A8F5107902F5907CDAB2964509D8002038
S315000051E0BDE8F08F30F815108C4238BF0C460133FD
S315000051F0E8E743B929F81C300133EDE7B5F820B0EC
S31500005200594489B20AE000271FFA83FABEB2B442B3
S31500005210F2D900220C4D104635F8021F8C4203D9F4
S31500005220B142EBD1013080B2013292B25245F3D392
S3150000523001370028EAD128F81360DDE70CE6010003
S315000052402CE6010008E601006AE801006CE80100AE
S31500005250012800D17047C30701D44008F8E70020B1
S31500005260704703460120834208DC00EBD072A3EBB3
S315000052706203B3EBA00FB8BF400870474000F2E7E7
S3150000528084B02DE9F7430AAC84E80F000023ADF89B
S3150000529006309DF8BC515F4B9DF8BD715A885B681E
S315000052A0B3FBF2F30DB9012F40D15B4901250A8802
S315000052B05A4C07EE903A92B20AAB03EB820393ED97
S315000052C0057AF8EE677AB8EE477AC7EE877A17EE70
S315000052D0900AFFF701FF07EE900A0B88FCEEE77ACB
S315000052E09BB203F5987317EE902A24F813200B88C7
S315000052F09BB203F5987334F81330012B06D80B884C
S315000053009BB203F59873022224F81320444E0DF144
S3150000531038094FF00008B7EE006A5FFA88F39F423B
S3150000532007D803B0BDE8F04304B070470DF106019D
S31500005330BDE7B8F1000F17D0D9ED007A3288B8EE84
S31500005340677AD9ED017AF8EE677AC7EE277A17EE13
S31500005350900AFFF7C1FE07EE900AFCEEE77A17EE19
S31500005360903A13FB02F37380012F08D0728810461F
S31500005370FFF76EFF18B91046FFF773FF70808DB107
S315000053800B880AAA9BB202EB4303B3F8F430012B55
S3150000539008D10B889BB203F5987334F81320920852
S315000053A024F81320DFED1F7A00231FFA88F09842B5
S315000053B0ADF806300AD2F4EEC67AF1EE10FA27DC22
S315000053C008F10108023609F10409A6E70A8892B233
S315000053D002F59872013334F8122007EE102AB8EE5F
S315000053E0477A9BB2C6EE076A77EEA67ADFE70A88A7
S315000053F092B202F59872013334F812C04FEA4C0C9F
S3150000540024F812C09BB29842ADF80630EFD2D7E727
S315000054100023F8E70CE6010008E601002CE601008F
S315000054208AE801000000000007EE100ADFED087AA6
S31500005430084837EE277AF7EE006AC6EE877AFCEE62
S31500005440E77A17EE903A834228BF0346184670471C
S3150000545095BFD633404B4C0084B0F0B506AC84E81B
S315000054600E00DFED957A002123AC0DF16B050A469F
S315000054700B46CEB2B04200F2B080002B00F0A48002
S31500005480B0EE007AF4EEC77AF1EE10FAB0EE047AD6
S3150000549005DBF4EEC77AF1EE10FA00F1DD80F4EEEA
S315000054A0C77AF1EE10FAB0EE087A05DBF4EEC77AA9
S315000054B0F1EE10FA00F1D680F4EEC77AF1EE10FAAA
S315000054C0B1EE007A05DBF4EEC77AF1EE10FA00F1E0
S315000054D0CC80F4EEC77AF1EE10FAB1EE047A05DB71
S315000054E0F4EEC77AF1EE10FA00F1C280F4EEC77A54
S315000054F0F1EE10FA07DBB1EE087AF4EEC77AF1EEB8
S3150000550010FA00F1B880B1EE0C7AF4EEC77AF1EE3B
S3150000551010FAB2EE007A05DBF4EEC77AF1EE10FA75
S3150000552000F1AC80F4EEC77AF1EE10FAB2EE027A30
S3150000553005DBF4EEC77AF1EE10FA00F1A280F4EE84
S31500005540C77AF1EE10FA07DBB2EE047AF4EEC77A08
S31500005550F1EE10FA00F19880B2EE087AF4EEC77A0E
S31500005560F1EE10FA06DBB2EE0C7AF4EEC77AF1EE43
S3150000557010FA61D4B3EE017AF4EEC77AF1EE10FABE
S3150000558006DBB3EE027AF4EEC77AF1EE10FA60D4D7
S31500005590B3EE097AF4EEC77AF1EE10FA06DBB3EE53
S315000055A00A7AF4EEC77AF1EE10FA70D9B3EE0B7AF6
S315000055B0F4EEC77AF1EE10FA06DB9FED407AF4EED0
S315000055C0C77AF1EE10FA74D9DFED3D7A9FED3D7A98
S315000055D0002A18BFF0EE477A65E015F8016FA6F1CC
S315000055E0140CBCF1020F2F7C0FD894ED007AF4EE68
S315000055F0C77AF1EE10FA03D50133DBB2F0EE477A43
S315000056000D2F16D00131043433E7A7F10A0CBCF193
S31500005610020F0CD894ED007AB4EEE77AF1EE10FAA8
S3150000562003DD0133DBB2F0EE477A182EE9E7182ED8
S31500005630E6D10132D2B2E5E7DFED237A9AB39FEDE8
S31500005640217AF4EEC77AF1EE10FA23D5F0EE477A16
S3150000565029E0DFED1E7AF1E7DFED1D7AD2B1DFED4D
S31500005660197A20E0DFED1B7AF8E7DFED1B7AF5E724
S31500005670DFED1A7AF2E7DFED1A7AEFE7DFED197A56
S31500005680ECE7DFED197AE9E7DFED187AE6E7DFED1B
S31500005690187A42B19FED0A7AF4EE477AF1EE10FAE3
S315000056A048BFF0EE477ABDE8F04017EE900A04B026
S315000056B07047DFED107AECE70000000000004C4276
S315000056C095BFD6338BE16A36EFE608369F9D4236A4
S315000056D02E5A823301A90C3437F859342439EC3464
S315000056E034580F35AD186335883E8A35ACC5A735B5
S315000056F0B1B49D36F2DD1C3770B50D46164604462C
S31500005700D0B9FFF7E1FCAA4807222146FFF704FDBE
S31500005710002D40F0AA81012E00F09F810B2C1DD098
S315000057200C2C40F0F5800520FFF7CEFCA0480722A0
S315000057300521FFF7F1FC98E0012818D10220FFF7B8
S31500005740C3FC9B4807220221FFF7E6FC002D76D119
S31500005750012E00F082810B2C40F0DA800320FFF747
S31500005760B3FC072203219248FFF7D6FC96E00228F5
S315000057700ED10420FFF7A8FC072204218C48FFF76E
S31500005780CBFC002D00F06681012D40F0778155E1BC
S31500005790032805D10620FFF797FC07220621EDE72F
S315000057A0042805D10820FFF78FFC07220821E5E72A
S315000057B0052805D10A20FFF787FC07220A21DDE725
S315000057C006280CD17B4B20225A601920FFF774FC67
S315000057D01920FFF769FC78480E221921B4E707283B
S315000057E01ED1744B20225A601B20FFF765FC1B203C
S315000057F0FFF75AFC0E221B216F48FFF78DFC002D88
S3150000580000F02881012D40F0D980012E00F0198189
S315000058100C2C21D10520FFF757FC07220521A2E712
S31500005820082840F0FD80634B20225A601D20FFF7B8
S3150000583043FC1D20FFF738FC0E221D21DCE70B2C54
S315000058401ED0012D40F01A81012E00F0FA800C2C9A
S31500005850E0D00D2C00F0C1800E2C50D00F2C6FD054
S31500005860102C75D12EE0022D40D0032D52D1012EE1
S3150000587059D00E2C70D00F2C62D0102C30D121E0D4
S315000058800320FFF721FC4A4807220321FFF744FCC7
S31500005890022D2BD0032D03D1012E44D0002070BD44
S315000058A0042D00F0A480052DDAD1012E40F0A3804E
S315000058B00720FFF709FC07223D481146FFF72CFC9D
S315000058C0102C5ED13B4B20225A601A20FFF7F4FBC6
S315000058D01A20FFF7E9FB38480E221A21FFF71CFCB5
S315000058E0112C50D0072D5CD1012E88E0012ED5D188
S315000058F069E0012E67D00D2C0FD00E2CBBD10920EC
S31500005900FFF7E2FB2A4807220921FFF705FCCAE751
S315000059100D2C62D00E2C68D1F1E70B20FFF7D4FBDB
S3150000592007220B211FE70B20FFF7CEFB204807229B
S315000059300B21FFF7F1FB8FE70E2CE0D00F2CB2D135
S315000059400720FFF7C1FB072219481146FFF7E4FBC2
S31500005950062DC5D1012E4FE00920FFF7B5FB072222
S31500005960092100E70920FFF7AFFB114807220921AB
S31500005970FFF7D2FB7FE70720FFF7A6FB07221146BA
S31500005980F1E6112C0DD10B4B20225A601C20FFF79B
S3150000599093FB1C20FFF788FB07480E221C21FFF70C
S315000059A0BBFB122C2FD0082D7FF478AF012E28E0F8
S315000059B000C004240000304100001346022D7FF48D
S315000059C054AF012E99D10520FFF77EFB2E48072202
S315000059D00521FFF7A1FB0D2CAED10B20FFF774FBC1
S315000059E0294807220B21FFF797FB042DA6D1012E8C
S315000059F0B8D00F2CBFD0102C3FF464AF112CC2D0FE
S31500005A00122C7FF44BAF214B20225A601E20FFF749
S31500005A1053FB1E20FFF748FB1D480E221E21A3E65E
S31500005A200A287FF475AE0120FFF74EFB16480722C1
S31500005A300121FFF771FB012D7FF415AF012E7FF4D5
S31500005A402DAF0320FFF740FB0F4807220321FFF786
S31500005A5063FB65E6012E7FF421AF0120FFF734FBDF
S31500005A60094807220121FFF757FB0B2C3FF408AF2B
S31500005A70012D3FF4E9AE0C2C3FF455AE022D3FF458
S31500005A8038AF0D2CA9D0F0E600C004240000304148
S31500005A900000134682B02DE9F0410F2906AC84E8D8
S31500005AA00C005FD8BDF82040BDF8225044EA05033B
S31500005AB0B3F5806F56D22E4B079E9DF824809DF835
S31500005AC025E043F8212001F1100701F1400C43F8CD
S31500005AD0276001F15007B24223F81C4023F8175003
S31500005AE042D0B8F1000F17D001F1300802EB4402A2
S31500005AF0C0F8D42143F8282044EAC12242F40048E1
S31500005B00C0F8D881D0F8D881C0F8D821D0F8D821EB
S31500005B1043F82C8043F82720BEF1000F1DD001F179
S31500005B20600204EB4504344443F82240CA0202F5FD
S31500005B3080622A43C0F8D44142F40044C0F8D841F8
S31500005B4001F17004D0F8D85143F824508031C0F8E0
S31500005B50D821D0F8D82143F821200020BDE8F04113
S31500005B6002B070470120F9E742F20210F6E700BFE3
S31500005B702CE601000F2910B528D892B1144A01F17C
S31500005B80300452F82440C0F8D44101F1400452F8E0
S31500005B902440C0F8D84101F1500452F82420C0F83E
S31500005BA0D8218BB10A4B01F1600253F82220C0F8CC
S31500005BB0D42101F17002803153F8222053F82130AC
S31500005BC0C0F8D821C0F8D831002010BD0120FCE76C
S31500005BD02CE6010010B5274B27485A685A6842F050
S31500005BE001025A60D3F8082242F48062C3F8082200
S31500005BF003F5B4331A68026852BBD3F8402442F462
S31500005C006752C3F840241D4AD2F80230DC05FBD4A3
S31500005C101B4BD3F80427D107FBD5D3F80427D207AB
S31500005C20FBD4D3F84824174C174B21681A60930805
S31500005C3003F4F8530B43910001F07C0112020B436D
S31500005C4002F47832134343F0810323600123036097
S31500005C500C4B1A680A4BC3F84424084AD2F802309F
S31500005C6013F48073FAD1034A516863F3000151605B
S31500005C7010BD00BF00380424FCE501000000052427
S31500005C8000A0052404E6010000E6010084B070B51A
S31500005C902DED028B82B008AC84E80F00444C6E9A5E
S31500005CA0A2610D9A43499DF8B531BDF814012377D9
S31500005CB0013A8A4278D20DA90122934209D8012BD2
S31500005CC06FD19DF8B43173B101280FD942F2061095
S31500005CD060E00E4651F8045F3668B54264D8002D80
S31500005CE062D00132E9E7B0F5806FEFD2FFF722FA12
S31500005CF0314B32485A689FED328A6FF38A225A60D6
S31500005D00DA686FF31842DA60DA68042161F309028F
S31500005D10DA605A682B4942F480625A60FEF718FF2F
S31500005D20294B5B686360FFF755FF03F0D5FB2081C5
S31500005D3003F0C6FB208203F0D5FBC0F30D0307EE8C
S31500005D40103AB8EEC77A830BC7EE086A07EE903AA8
S31500005D50F8EEE77A77EEA67AC4ED037A03F0B6FB9F
S31500005D60C0F30D0307EE103AB8EEC77A830BC7EE01
S31500005D70086A01A807EE903AF8EEE77A002377EE74
S31500005D80A67A0193C4ED057A04F0D4F9003818BF59
S31500005D900120404202B0BDEC028BBDE8704004B069
S31500005DA07047013B0F2B90E742F20410F2E700BF69
S31500005DB00CE60100A02526000038042433333340C6
S31500005DC000007A44CDCC4C4064E0010084B010B5AC
S31500005DD02DED028B82B006AC84E80F009DF81830DA
S31500005DE00F2B7FD84249434C0B706C99A16106A9D1
S31500005DF001EB8301404849699DF8AD2122770139BD
S31500005E00814271D2012A6AD106AA02EB43039DF8A8
S31500005E10AC21B3F8F43022B1012B05D942F20610B9
S31500005E2056E0B3F5806FF9D2FFF784F9334B344867
S31500005E305A689FED348A6FF38A225A60DA686FF3E4
S31500005E401842DA60DA68042161F30902DA605A68F6
S31500005E502D4942F480625A60FEF77AFEFFF7BAFED9
S31500005E602A4B5B68636003F037FB208103F028FB55
S31500005E70208203F037FBC0F30D0307EE103AB8EEAD
S31500005E80C77A830BC7EE086A07EE903AF8EEE77A10
S31500005E9077EEA67AC4ED037A03F018FBC0F30D0380
S31500005EA007EE103AB8EEC77A830BC7EE086A01A868
S31500005EB007EE903AF8EEE77A002377EEA67A01939A
S31500005EC0C4ED057A04F036F9003818BF01204042C7
S31500005ED002B0BDEC028BBDE8104004B07047013A39
S31500005EE00F2A9AE70120F3E742F20410F0E700BF19
S31500005EF008E601000CE60100A0252600003804246F
S31500005F003333334000007A44CDCC4C4064E001008A
S31500005F100F29024610B54FF001000CD8D2F8CC413B
S31500005F2000FA01F32343D2F8CC119BB263F30F01BD
S31500005F30C2F8CC11002010BD0F29024610B54FF053
S31500005F4001000DD8D2F8CC4100FA01F343EA14431C
S31500005F50D2F8CC119BB263F31F41C2F8CC110020DA
S31500005F6010BD30B50F299DF80C402CD81F2A2AD811
S31500005F700F2B28D8012C26D845686D060FD50901A8
S31500005F8034B14518AC6B44EA835343F08063AB638A
S31500005F9001448B6B43EA42438B63002030BD5CB106
S31500005FA0D0F8081241F40071C0F80812D0F80812AF
S31500005FB063F34811C0F80812D0F8083262F30403FC
S31500005FC0C0F80832E9E70120E8E7000029B9D0F86F
S31500005FD0083261F3CB23C0F80832064B5B68DB0757
S31500005FE041BF43686FF300034360002058BF4FF082
S31500005FF0FF30704700380424C1B2024882B002B0B4
S31500006000FFF7E4BF003804240F2915D80D4B5A6852
S31500006010520603D4D3F8DC31002B0FDAD0F8DC219A
S3150000602001238B401343D0F8DC219BB263F30F02AC
S31500006030C0F8DC2100207047012070474FF404505F
S31500006040704700BF00380424B1F5007F14D2B2F5C2
S31500006050806F11D243686FF38A234360C36861F38C
S315000060601843C360C36862F30903C360436843F41B
S315000060708063436000207047012070470F2925D8B0
S31500006080012A05D1436A6FF3D75343620020704754
S31500006090022A0BD1436A6FF300034362436A6FF32C
S315000060A004134362436A6FF3C303EEE7084BD3F866
S315000060B0DC31002BEADA436A0122C3F3CF138A40AC
S315000060C023EA0201436A61F3D613DEE70120704733
S315000060D0003804240F2903464FF0010014D81A6A29
S315000060E000FA01F189B2186AC2F30F220A4362F379
S315000060F0172018621A6AC2F30F2222EA0102196AED
S3150000610062F31721196200207047000010B510B124
S31500006110012804D010BDBDE81040FFF70BB84FF4BE
S31500006120006003F0D9F80A4A13786FF3000313707E
S31500006130DBB2002BEED1074B07484FF000729A6492
S31500006140064B1B6ABDE81040DB6B0221184700BFF7
S315000061505CE90100008404240014042400013000DA
S3150000616013B50D4BADF804004FF40062C3F8802060
S31500006170BFF34F8FBFF36F8F03220121002004F07E
S31500006180ADF8044628B90120FFF7C0FF204602B04B
S3150000619010BD4FF0FF30FAE700E100E04368064A21
S315000061A061F349234360D2F8403443EA4143C2F8DD
S315000061B040340020704700BF00A0052484B02DE9BC
S315000061C0F04F2DED028BF1B07CAC84E80F009DF80A
S315000061D0853365934FF4C47201237FA9684669939A
S315000061E09DED818A9DF8845306F082FF94E80E00A7
S315000061F06598BA4CFFF730F905EE900AFFF714F9E7
S3150000620094ED017A07EE900AB8EE476AF8EE677ADF
S31500006210B7EE007A87EE065AC7EE276AC6EE857A8B
S3150000622017EE900AFEF758FF07EE900AFCEEE77AA3
S3150000623017EE903AC5EE857A9EB217EE900AFEF7F3
S315000062404BFF07EE900AFCEEE77A17EE903A9FB204
S31500006250BE4204BF0136B6B2002D5ED1BDF884330E
S3150000626027804FF4C27280A9684666809C4CADF8C0
S31500006270843106F03DFF7CAB0FCBFFF701F8FEF74C
S3150000628095FF324639462046FFF7DEFE01212046BD
S31500006290FFF784FF6368934EDFF8409243F0006394
S315000062A06360636843F040036360636865F34103BA
S315000062B063603323C4F8E431636843F00403636026
S315000062C0D4F8DC3143F00043C4F8DC310DF2E223AC
S315000062D0669306F18103A8AF06F13E0B67930DF5B1
S315000062E0F878659AEBB29A4200F28D807E4B6A93FB
S315000062F000227E4B6B9369A9104603F053FF10B141
S31500006300452840F0E78069996AAA002003F0B8FFA3
S31500006310003818BF012040426EE0B8EE488A394680
S31500006320C6EE087A17EE900AFEF7D6FE07EE106A5A
S3150000633007EE900AB8EEC77A6948B4EEE77AF1EE4E
S3150000634010FA49BFFCEEE77A324617EE903A9AB257
S315000063504DBF6280278066802780FFF775FE01218A
S315000063605F48FFF71BFF5E4B5A6842F000625A60B7
S315000063705A686FF386125A606A1E012A5A684FF0ED
S31500006380000194BF42F0020265F341025A60C3F86D
S31500006390E4115A6842F004025A60D3F8DC2161F332
S315000063A0DF72C3F8DC219DF8F1219DF844029DF8C7
S315000063B054125AB1D3F8086262F34926C3F8086248
S315000063C0D3F8086261F34816C3F80862444ED6F85B
S315000063D0083260F30403C6F80832FFF78DF92A463F
S315000063E000213046FFF74AFE62886368B3FBF2F38A
S315000063F03F4A0020C2F8803271B0BDEC028BBDE886
S31500006400F04F04B0704798F854A098F8643064933D
S3150000641018F8013F6393009352462946649B204631
S31500006420FFF79FFD36F8021F328C012A08D0AB0019
S3150000643003F1105303F58723A3F83811C3F8782125
S3150000644029462046FFF7E0FDDDE963215046FFF7C8
S3150000645053F929462046FFF76FFD7B6E6C93D7F8FC
S31500006460A4306D93669B33F802AF669340F2011336
S31500006470ADF8BC31ADF8B8A1ADF8BAA170AB13E96F
S315000064800300DDE96C238DE8030029462046FFF76B
S3150000649001FB29462046FFF73BFD00222946204600
S315000064A0FFF7ECFDB9F80220D9F80430B3FBF2F39C
S315000064B0328CB3FBF2F34BF8043F57F8043FA6F8CF
S315000064C0D0A0CBF85030679B639A03F8012F0135B3
S315000064D0679306E74FF0FF308EE700BF0CE601003A
S315000064E0003804246AE801000561200815612008C7
S315000064F02CE6010084B02DE9F04FEDB076AC84E8CF
S315000065000F009DF8D8419DF86C639DF86DA301209E
S315000065100F2C659000F21281DFF840828A4D88F8D0
S3150000652000404FF4C47279A9684606F0E1FD76ABE7
S315000065300ECB5046FEF790FF05EE900AFEF774FF6D
S3150000654095ED017A07EE900AB8EE476AF8EE677A9B
S31500006550B7EE007AC7EE276AC7EE067AC6EEA77AC6
S3150000656017EE900AFEF7B8FD07EE900AFCEEE77A02
S3150000657017EE903A66EE257A9FB217EE900AFEF76E
S31500006580ABFD07EE900AFCEEE77A17EE903A1FFA9B
S3150000659083F94F4504BF0137BFB2002E51D1BDF874
S315000065A06C336A4C6F804FF4C2727AA96846A5F8BC
S315000065B00090ADF8843106F09BFD76AB0FCBFEF76D
S315000065C05FFEFEF7F3FD3A4649462046FFF73CFDDF
S315000065D001212046FFF7E2FD63685D4F43F000634B
S315000065E06360636843F040036360636866F3410376
S315000065F063603323C4F8E431636843F004036360E3
S31500006600D4F8DC3143F00043C4F8DC31F3B29A45E8
S3150000661000F2A6804F4B669300224F4B679365A905
S31500006620104603F0BFFD10B1452840F02A81659958
S3150000663066AA002003F024FE003818BF012040425D
S315000066407CE076AB03EB8404D4ED057AF8EE677A4A
S315000066504946C6EE277A17EE900AFEF73DFD07EE8D
S31500006660107A07EE900AB8EEC77A3848B4EEE77AA1
S31500006670F1EE10FA49BFFCEEE77A3A4617EE903A89
S315000066809AB24DBF6A80A5F800906F80A5F8009079
S31500006690FFF7DAFC01212D48FFF780FD2B4B5A68E6
S315000066A042F000625A605A686FF386125A60721E90
S315000066B0012A5A684FF0000194BF42F0020266F3C5
S315000066C041025A60C3F8E4115A6842F004025A6063
S315000066D0D3F8DC2161F3DF72C3F8DC2198F80020DF
S315000066E002F5EC726A4492F8540092F864105278FB
S315000066F05AB1D3F8084262F34924C3F80842D3F8E2
S31500006700084261F34814C3F80842104FD7F808321C
S3150000671060F30403C7F80832FEF7EEFF98F800406E
S31500006720324621463846FFF7A9FCA0346A886B68D2
S31500006730B3FBF2F3064A42F8243000206DB0BDE800
S31500006740F04F04B0704700BF0CE601000038042487
S315000067502CE60100056120081561200808E6010005
S3150000676098F80010639101F5EC736B44204693F89A
S31500006770642093F8549093F801B062921346CDF8D2
S3150000678000B04A46FFF7EDFB639901F5907337F8C1
S31500006790130001F5987337F81320012A08D08B00EF
S315000067A003F1105303F58723A3F83801C3F87821C2
S315000067B02046FFF729FC5A4662994846FEF79CFF99
S315000067C098F8009020464946FFF7B6FB76AB03EBF8
S315000067D089030136D3F81431689376AB03EB89034A
S315000067E0D3F85431699376AB03EB4903B3F8F4302D
S315000067F0ADF8A831ADF8AA3140F20113ADF8AC31CD
S315000068006CAB13E90300DDE968238DE80300494614
S315000068102046FFF73FF998F8009020464946FFF7D3
S3150000682077FB494600222046FFF728FC09F1A00223
S3150000683069886B68B3FBF1F309F5987137F81110A5
S31500006840B3FBF1F347F8223076AA02EB490209F5C9
S31500006850C473B2F8F42027F8132076AA02EB890253
S3150000686009F1B403D2F8B42047F8232009F5EC72F5
S3150000687007EB09030DEB020999F8012083F8C02202
S31500006880C4E64FF0FF3059E7D0F8E03143F001039A
S31500006890C0F8E031002070472DE9F341374B9A6A82
S315000068A00192019A16020DD5426A1502C2F3C05032
S315000068B008D45A6A42F400025A62314B9B69042199
S315000068C0984718E0019BDC0709D52C4A136A43F068
S315000068D0010313622A4B05219B690020F0E7019C06
S315000068E014F080740BD02548012100F095F8254B53
S315000068F002201B689847002002B0BDE8F0811F4BBC
S315000069005A68500603D4D3F8DC21002A25DA1E4D36
S315000069101A4FDFF86C80019BE21DD340D90716D5CC
S3150000692021463846FFF7D6FB2B78E6B2B3FA83F258
S31500006930520931463846FFF71DF9D8F818300021BC
S31500006940304698472B78B3FA83F35B092B700134F2
S31500006950102C05F10105DED1CDE75A689207CAD49D
S31500006960D3F8DC11C90FC6D15A6842F004025A6046
S315000069700198034BC0B29B69A2E700BF003804240C
S315000069800CE6010060E90100ECE501000148FFF7B3
S3150000699083BF00BF00380424030548BF20F400600D
S315000069A0174B58BF40F40060D1B11A8A93ED057AAF
S315000069B0821A07EE902AF8EEE77A67EE877AFDEEFE
S315000069C0E77A17EE903A18B2B0F5805F11DA002830
S315000069D012DDB0F5006F10DBA0F5006000B2704765
S315000069E01A8993ED037A821A07EE902AF8EEE77A6F
S315000069F0E3E740F6FF70EFE7002000F50060EDE703
S31500006A000CE60100406921B11146C0F30B00FFF707
S31500006A10C3BFC0F30B007047436A01291DBF43F093
S31500006A2002034362436A43F0807318BF43F00403D2
S31500006A30436200207047000010B4034C2468646869
S31500006A40A4465DF8044B60470001300010B4034CC7
S31500006A502468646CA4465DF8044B6047000130006E
S31500006A60024B1B68D3F8B830184700BF000130004E
S31500006A70024B1B68D3F8C030184700BF0001300036
S31500006A80024B1B68D3F8C830184700BF000130001E
S31500006A90024B1B68D3F8E830184700BF00013000EE
S31500006AA00828034B8CBF022201221A70704700BFD0
S31500006AB064E9010073B59B4B10229A600B69DD797E
S31500006AC015F001050C4640F03C819D809D711860D3
S31500006AD01C2229466069944E06F05AFA236901225F
S31500006AE0DA71F3694FF08061D3F880304FF08C4053
S31500006AF09847F36994F83010D3F8D4304FF08C40AF
S31500006B0098472268894B9A4240F0F980A3695878E1
S31500006B103F280CD94038C0B2FFF7BAFFA3698448B2
S31500006B205A78403A0623D2B22946FFF78FFFA36967
S31500006B30D87808B1FFF79CFFA3695878A0F119032C
S31500006B40052B01D8FFF78CFFA3695878FFF798FF4C
S31500006B50A16978488B784A780978FFF777FFE36967
S31500006B603BB358783F280CD94038C0B2FFF790FFA6
S31500006B70E3696F485A78403A0623D2B20021FFF7FC
S31500006B8065FFE369D87808B1FFF772FFE3695878C3
S31500006B90A0F11903052B01D8FFF762FFE3695878C6
S31500006BA0FFF76EFFE16963488B784A780978FFF74B
S31500006BB04DFF236A3BB358783F280CD94038C0B202
S31500006BC0FFF766FF236A5A485A78403A0623D2B23C
S31500006BD00021FFF73BFF236AD87808B1FFF748FF8B
S31500006BE0236A5878A0F11903052B01D8FFF738FF5F
S31500006BF0236A5878FFF744FF216A4E488B784A7813
S31500006C000978FFF723FF636A3BB358783F280CD90E
S31500006C104038C0B2FFF73CFF636A45485A78403AAD
S31500006C200623D2B20021FFF711FF636AD87808B1B4
S31500006C30FFF71EFF636A5878A0F11903052B01D8E8
S31500006C40FFF70EFF636A5878FFF71AFF616A394843
S31500006C508B784A780978FFF7F9FEA36A58783F28B7
S31500006C600CD94038C0B2FFF713FFA36A30485A78F0
S31500006C70403A0623D2B20021FFF7E8FEA36AD8788D
S31500006C8008B1FFF7F5FEA36A5878A0F11903052BA2
S31500006C9001D8FFF7E5FEA36A5878FFF7F1FEA16A6F
S31500006CA024488B784A780978FFF7D0FEE36A58784B
S31500006CB03F280CD94038C0B2FFF7EAFEE36A1C4809
S31500006CC05A78403A0623D2B20021FFF7BFFEE36AA4
S31500006CD0D87808B1FFF7CCFEE36A5878A0F119031B
S31500006CE0052B01D8FFF7BCFEE36A5878FFF7C8FE0C
S31500006CF0E16A10488B784A780978FFF7A7FEE368BF
S31500006D000BB9A368D3B12268084B9A4216D1002367
S31500006D1001A8019303F00EFA70B14FF0FF3002B0F4
S31500006D2070BD00BF0084042400013000000003454C
S31500006D3000C004240000134603F08AFC23690122E4
S31500006D40DA710020EBE700BF0369002210B5DA71A3
S31500006D50836804460BB9C068A8B122680D4B9A42F5
S31500006D6012D1E368197F03220131002003F0B6FA3D
S31500006D7060B9A368197F0322013103F0AFFA003826
S31500006D8018BF0120404210BD0020FCE74FF0FF3045
S31500006D90F9E700BF0000034538B50C4620B10228CC
S31500006DA035D06FF0030038BD91F90430002B0DDBB0
S31500006DB05A09012103F01F03994002F12003274AD3
S31500006DC042F82310BFF34F8FBFF36F8F2369002262
S31500006DD09A809A7194F90430934209DB5A09012189
S31500006DE003F01F03994002F160031C4A42F8231086
S31500006DF01C226069002106F0CBF82269D37923F0C2
S31500006E000203D371164B1022DA600020CBE70A6921
S31500006E10D379D9071ED513F00200F6D12568696823
S31500006E2043F0020341F40061696090809071D37170
S31500006E3094F90430002BE8DB03F01F015B099B008B
S31500006E4003F1604303F5614301228A40C3F88021C0
S31500006E501A60DAE74FF0FF30A5E700BF00E100E077
S31500006E60008404242DE9F84F03681A69C2F3400927
S31500006E701A69DF69DE69C2F3C038504A11696FF3D7
S31500006E800001044607F00F07C6F303161161156AE1
S31500006E9015F48065FBD193423BD1E169002938D0D6
S31500006EA0DFF824A14A78DAF800300978D3F800B080
S31500006EB043482B46D847E16941484A780978012377
S31500006EC0FFF7BAFDE1693E484A7809782B46FFF795
S31500006ED0BDFDE1694A783F2A1BD9403A097839480D
S31500006EE02B46D2B2FFF7B2FDE169DAF800304A78F4
S31500006EF0D3F800A009783348403A2B46D2B2D0479F
S31500006F00E16930484A780978403A0123D2B2FFF75E
S31500006F1093FD23681A6942F002021A611A6942F463
S31500006F2000421A61DA69012161F30302DA61DA6962
S31500006F300C2161F30712DA619A6A42F001029A6241
S31500006F4045F6A522C3F8802023681A6AD007FCD428
S31500006F50D3F880205A6A42F001025A62174A116930
S31500006F6041F001011161116A4905FCD5934212D124
S31500006F70E16981B14A788B7811480978FFF766FD97
S31500006F80E1694A783F2A06D9403A8B780D48097854
S31500006F90D2B2FFF75BFD23681A6969F341021A61F1
S31500006FA01A6968F3CF321A61DA6967F30302DA61A4
S31500006FB0DA6966F30712DA61BDE8F88F0000034567
S31500006FC00000134600C0042400013000F8B515691E
S31500006FD09DF8186095F807C01CF0020F0746144686
S31500006FE000F05B811268DFF8D4E27245C0B202D1CC
S31500006FF0022800F04981142809D11C226069002169
S3150000700005F0C6FF236900221A7100206BE095F88F
S3150000701004E0BEF1000F40F03A81132843D8DFE8C0
S3150000702010F014001D0039013901390142004200F7
S31500007030420042004200420042004200420042003A
S3150000704042002700600063006600AB682CF0040C69
S3150000705023F0FF03AB6085F807C0D6E7A86820F0E9
S31500007060FF0040F001004CF0040CA86085F807C052
S315000070708D48814233D8B3FBF1F35B0807D1106822
S3150000708040F002001060106840F001001060874870
S31500007090814203D9516841F001015160916BDBB225
S315000070A063F307019163AA68D3B2012B0CD107F4ED
S315000070B0C013B3F5801F00F0BD8072D8002B79D0C5
S315000070C0B3F5002F00F0818017F4E06100F0C38073
S315000070D0B1F5407F00F0D2806FF0070003E0012396
S315000070E0D8E7906BC0B2F8BD636919838DE7AB68CA
S315000070F0D8B2012840F0D18003F4C01359BBB3F5D0
S31500007100801F0BD1136966F34E331361136943F085
S3150000711001031361136A5905FCD576E7012E07D0E2
S31500007120022E07D00EB9E36933B96FF00400DAE72F
S31500007130236AF9E7636AF7E75A785D480123002175
S31500007140FFF77AFC23681A696FF300021A611A6A5C
S315000071505205FCD459E7B3F5801F0BD1136966F3CA
S315000071604E33136113696FF300031361136A5B05F2
S31500007170FCD44AE7012E0DD0022E0DD0002ED4D11C
S31500007180E369002BD1D05A78494800231946FFF706
S3150000719053FC3AE7236AF4E7236A002BC5D0636AF7
S315000071A0F1E7B3F5C01F8FD122F4C012AA606FF0C9
S315000071B00A0098E71A4619463D48FFF747FC226938
S315000071C0936823F4C01393607EE7012E2ED0022E1F
S315000071D02ED0002EA9D1E369002BA6D0D8785D78F1
S315000071E008B1FFF745FC3F2D07D9A5F1400231480C
S315000071F00623D2B20021FFF729FC002319462C48AA
S315000072002A46FFF723FC2C4B29481B681E680023DF
S3150000721019462A46B04701232A4625480021FFF78A
S315000072200BFC2269936843F40023CCE7236AD3E777
S31500007230636AD1E7E36922F4C012AA605B7833B9C6
S31500007240236A5B781BB9636A5B78002BAFD042F484
S315000072508012AA6038E723685A6861F341025A60CF
S3150000726023685A69C7F3053722F01002102F5A61B6
S3150000727016D89A6967F303029A61C6E622685368CC
S3150000728043F002035360EBE76FF003002BE76FF068
S31500007290010028E76FF0060025E74FF0FF3022E7F0
S315000072A06FF008001FE700BF80778E06005A620263
S315000072B00000134600C0042400013000000003450E
S315000072C0F0B584468BB01446002800F0A48000294F
S315000072D000F0A1801369DA79520740F19980187994
S315000072E0002840F09B8001279F8098716369C3E95D
S315000072F003005860C3F808C023689D691A6942F004
S3150000730002021A619A6942F080029A611A6960F370
S31500007310CF321A61E66815F00F0508BF1025002E5A
S3150000732045D0626BDF6992F803E06EF30307DF6115
S315000073309778DA6967F30712DA61327F394F8DF889
S315000073402700082D02F1010203F1800394BF0025F6
S3150000735001250092326804930323CDE9063540F2F5
S3150000736001130197ADF824302F4F736908916946D0
S31500007370CDE9027C05958DF8263002F013FF08B1A1
S31500007380452845D1009901AA002002F079FF00287E
S315000073903ED1009903AA02F0E5FF002838D1E36840
S315000073A0197F013103F036F900200BB0F0BD2846F5
S315000073B0FFF776FB1D4B626918782368414311601D
S315000073C0D96967F30301D961D9690C2565F30711FA
S315000073D0D961996A012841F0010199620BD11169BD
S315000073E090684D1C1561425CC3F880202268136AC0
S315000073F0DB07FCD4D8E70228F8D1116996684D1C42
S315000074001561705C02311161725D40EA0222EBE7A0
S315000074104FF0FF30C9E76FF00400C6E76FF00100D8
S31500007420C3E700BFA5582008C558200864E9010035
S315000074302DE9F0418CB045F6A5270E461446019776
S31500007440002800F0E880002900F0E5801269D37971
S31500007450590740F1BB801379002B40F0DF804FF0D5
S315000074600108A2F8048093716269C2E90103C2E9C6
S31500007470033323689D691A6942F002021A619A6908
S3150000748042F080029A611A6942F400421A61D4E914
S31500007490022115F00F0508BF1025002A40F088804C
S315000074A0002900F09680626BD869D77867F30300ED
S315000074B0D8619078DA6960F30712DA6100208DF8F6
S315000074C02F000A7FDFF86481564F0132082D0292A1
S315000074D003F180030A68069394BF00250125032360
S315000074E0CDE9083540F20113ADF82C304B69CDF8E3
S315000074F00C800DF1040C02A90497CDF814C0079571
S315000075000A968DF82E3002F04DFE08B145285DD161
S31500007510029903AA002002F0B3FE002856D1029970
S3150000752005AA02F01FFF002850D1A368002B4DD0FA
S315000075308DF82F001A7F21680132029280311A6875
S3150000754005916169496806910321CDE907154FF454
S315000075508171ADF82C105B698DF82E3002A9CDE94A
S315000075600387CDE9095602F01DFE08B145282DD145
S31500007570029903AA002002F083FE38BB029905AAED
S3150000758002F0F0FE054608BB2268136943F00403C7
S315000075901361E368197F013103F03CF8A368197F92
S315000075A02846013103F036F800200CB0BDE8F08122
S315000075B0626BD869D77867F30300D8619078DA6987
S315000075C060F30712DA6100297FF478AF4FF0FF30DD
S315000075D0EBE72846FFF764FA134B1A7863695643BC
S315000075E01E602368D96968F30301D961D9690C2043
S315000075F060F30711D961996A012A41F00101996284
S3150000760002D1C3F8807001E0022AFAD02268136A18
S31500007610DB07FCD4C8E76FF00400C6E76FF0010093
S31500007620C3E700BFC558200864E90100A558200833
S315000076302DE9F04116468AB01C460746002800F0A0
S31500007640FD80002900F0FA80002A00F0F7801B690F
S31500007650DA79520764D51A79002A40F0F2804FF0A1
S3150000766001089A71A3F804806369C3E90322C3E998
S31500007670011023689D691A6942F002021A619A692B
S3150000768042F080029A611A6942F400421A61D4E912
S31500007690022115F00F0508BF1025002A43D1002945
S315000076A000F09B80626BD86992F803C06CF303000C
S315000076B0D8619078DA6960F30712DA6100208DF8F4
S315000076C027000A7FDFF880C1013200920A68CDF8F0
S315000076D004C0DFF878C108968033082D0493CDE9FD
S315000076E002C794BF002301230327CDE90673059340
S315000076F040F20113ADF824304B698DF82630694607
S3150000770002F050FD08B145280AD1009901AA0020CF
S3150000771002F0B6FD20B9009903AA02F023FE80B15B
S315000077204FF0FF3056E0626BD86992F803C06CF3F5
S315000077300300D8619078DA6960F30712DA610029EC
S31500007740BCD1A368002B44D000208DF827001A7FF7
S315000077503D49013200921A6801913C490291216823
S3150000776080310391616949680491032105914FF4C1
S315000077708171082DADF8241094BF002501255B69A1
S3150000778008966946CDE906558DF8263002F00AFDC1
S3150000779008B14528C4D1009901AA002002F070FD65
S315000077A00028BDD1009903AA02F0DCFD0546002899
S315000077B0B6D12268136943F004031361A368197FE5
S315000077C0013102F027FFE368197F2846013102F0F4
S315000077D021FF00200AB0BDE8F0812846FFF760F9D6
S315000077E01B4B61691A78236856430E60D86968F3A3
S315000077F00300D861D8690C2565F30710D861986A2B
S31500007800012A40F0010098620BD10A698868551C6C
S315000078100D61825CC3F880202268136ADB07FCD402
S31500007820D7E7022AF8D10A698E68551C0D61B05C4B
S3150000783002320A61725D40EA0222EBE76FF0040051
S31500007840C8E76FF00100C5E7A5582008C55820080D
S3150000785064E901000369DB79024613F004001CBFEA
S315000078605369D8687047012870B50546144614D187
S31500007870126900231371636958681968196160B940
S31500007880136853B1E368197F013102F0DFFE236903
S3150000789028461B68BDE87040184770BD136901286B
S315000078A010B5144604BF00221A711B685BB1A368A9
S315000078B0197F0020013102F0C9FE23690120BDE8CD
S315000078C010401B68184710BDF0B40268116A136BAC
S315000078D011F0800F43F00103136301F0040169D135
S315000078E043695F680C46002F46D0DD681E68B542C6
S315000078F044D2404E3678012E1BD105F1010CD2F848
S315000079008020C3F80CC07A554369DD681A68954231
S3150000791022D30468626A42F00102626202690024AC
S31500007920147100294AD003691B681BB3F0BC0120FF
S315000079301847022EE8D1D2F8802005F1010CC3F8D1
S315000079400CC07A554369DD685F6805F1010CC3F820
S315000079500CC0C2F30722D6E79A68A2B9012E07D156
S31500007960036845F6A522C3F8802019B9436907E0E4
S31500007970022EF5D0F0BC7047D2F88020002CF9D149
S315000079809A6812B9F6E70029F4D119691D68A94267
S3150000799024D2184D06682D78012D14D14D1C1D6179
S315000079A0535CC6F880300268136ADB07FCD4002CEF
S315000079B0B9D1DFE70C460029DCD1D7E79A68002A5F
S315000079C0B1D00124E1E7022DEDD14F1C1F61555CBA
S315000079D002311961D35D45EA0323E2E75A68002ABA
S315000079E0E5D101684B6A43F001034B6203691A71E2
S315000079F099E700BF64E9010002695379117990792A
S31500007A005B0001F0010103F0020380000B4300F06C
S31500007A100400184370472DE9F04F92F806C092F81B
S31500007A2002A05378D5781679577992F807E092F83C
S31500007A30088092F8099092F80AB0D47A127802B3C4
S31500007A405B0643EA4B7343EA8A5343EA495343EAE4
S31500007A50085343EA4E4343EA0C4343EA47330901DA
S31500007A60026843EAC62301F1105143EA852301F572
S31500007A70872142F0004243EA44230260CB63BDE81B
S31500007A80F08F02686CF3C712026002686AF34F3225
S31500007A900260026863F313420260036865F3410300
S31500007AA00360036866F383030360036867F30613E2
S31500007AB0036003686EF30A230360036868F3CB234D
S31500007AC00360036869F30C33036003686BF31453B4
S31500007AD00360036864F300030360D0E710B4034C4B
S31500007AE02468646CA4465DF8044B604700013000CE
S31500007AF0034B1B680A469B6C01460248184700BFA9
S31500007B0000013000001404248A1E70B543680D4637
S31500007B10052A04D8DFE802F01B1D4C4E505284693A
S31500007B20B3F1884F60D163783F2B19D95B4B6078EE
S31500007B301B684038D3F8E830C0B298476278584896
S31500007B40403A0623D2B20021FFF7C8FF08E0C46915
S31500007B50E6E7B3F1884F046A32D160783F283AD815
S31500007B60E07820B14D4B1B68D3F8C0309847607859
S31500007B70A0F11903052B04D8484B1B68D3F8B8307D
S31500007B809847032D06D1454B60781B680121D3F831
S31500007B90D4309847414B60781B68D3F8C830984773
S31500007BA0A378627821783F48BDE87040FFF796BF1A
S31500007BB0446AB5E7846AB3E7C46AB1E7046BAFE722
S31500007BC0394A9342C9D0394A934211D160783F2845
S31500007BD0C6D9032DAAD1314B1B684038D3F8F030F3
S31500007BE00121C0B29847A1E72F4A9342EBD19AE709
S31500007BF02F4A934250D1002C4ED062783F2A18D992
S31500007C00032D07D1254B1B68403AD3F8F0300121EC
S31500007C10D0B29847214B60781B684038D3F8E830DB
S31500007C20C0B298476278A37821781D48403AD2B20C
S31500007C30BAE71C4821780923FFF750FFE07820B106
S31500007C40164B1B68D3F8C0309847032D06D1134B4B
S31500007C5060781B680121D3F8D43098470F4B6078C1
S31500007C601B68D3F8C830984721780D4862780023FE
S31500007C70FFF734FF6078A178A0F12E03032B02D81A
S31500007C802638C0B202E00F2804D10720BDE87040B4
S31500007C90FFF72EBF0638F4E770BD00BF00013000C5
S31500007CA000C0042400001346000100440000024501
S31500007CB000180424F0B5436885B00024B3F1884F5A
S31500007CC001940546029403940BD0774A934208D058
S31500007CD0764A934200F0D180754C181B44424441C9
S31500007CE064009A680192019A02F00602062A4FEA97
S31500007CF084742CD15B690293029B990710D56A693B
S31500007D0013686BB101215171202098476B6993F874
S31500007D102820032A04D193F826300BB144F010042E
S31500007D20029B5A0707D56A69136823B101211172AC
S31500007D304FF400709847029B1B0740F1A0806A69C8
S31500007D40136823B10121D1714FF480709847019BCC
S31500007D509E071DD56B691E6910201A6A69689642CE
S31500007D6009D09F690138BF5C0F6002F101021A62F7
S31500007D70F3D196420CD14A6822F002024A600022F0
S31500007D8083F826201B681BB144F00104204698475F
S31500007D90019B580738D56B691A68002A34D06A687F
S31500007DA05169C90725D511685A69DB69D1546B69D0
S31500007DB0DA69D96801328A42DA611AD169684A6891
S31500007DC022F001024A6093F82820023A0021012A93
S31500007DD0197164D893F8272083F82710022A5ED0F9
S31500007DE0032A59D0012A01D144F001041B68204618
S31500007DF098476B691A683AB1D969DB68994203D02A
S31500007E0044F0400420469047019B1A074AD16B680C
S31500007E109B6903936B78DB0608D5039BDF0705D5C3
S31500007E206B6944F480641B68204698476B785E064D
S31500007E3008D5039B980705D56B6944F400641B6855
S31500007E4020469847AB78D90708D5039B5A0705D52E
S31500007E506B6944F400541B682046984795F9013035
S31500007E60002B1FDA039B1B071CD56B691B6844F4A8
S31500007E70805005B0BDE8F0401847012431E7029B69
S31500007E80DF067FF564AF6A691368002B3FF45FAFC6
S31500007E9001219171802059E744F00404A6E744F0DB
S31500007EA00204A3E705B0F0BD00010044000002454E
S31500007EB000180424012810B41FD1536919691C68DD
S31500007EC01962002183F82610BCB15368B3F1884FBC
S31500007ED011D00B4A93420ED00A4A934204D00A4A62
S31500007EE09A1A5342534158008007234640F0010036
S31500007EF05DF8044B18470846F6E75DF8044B7047F3
S31500007F00000100440000024500180424012810B4B2
S31500007F102AD15369D968D96193F828100239002407
S31500007F2001291C7105D893F8271083F827400229E8
S31500007F3016D102201968B9B15368B3F1884F18D029
S31500007F400E4A934215D00E4A934214D00D4A9A1AFD
S31500007F50534253415B005DF8044B40EA8370084787
S31500007F60032904D00129E5D05DF8044B70470420AD
S31500007F70E0E70023EFE70123EDE700BF000100443F
S31500007F80000002450018042430B504460AB3B0F5D3
S31500007F90E10F1ED853688025DD608900B1FBF0F142
S31500007FA0D3F8C0006FF30500C3F8C00000201860C6
S31500007FB05860D860DD60C1F387151D60C1F3873551
S31500007FC001F03F015D60C3F8C010D8605369DC6200
S31500007FD030BD40F20160FBE737B54A6992F82930B7
S31500007FE013F001030C4657D1C2E90003137282F85D
S31500007FF0263082F824304B68B3F1884F02D0354AD8
S31500008000934212D1344B10229A60344BA26BDB6937
S31500008010019294F834200092D3F8A45094F83C20AE
S31500008020002301214FF08C40A84762682C4B9A42EE
S3150000803015D103F15F4303F5213310229A60274BD4
S31500008040A26BDB69019294F834200092D3F8A45015
S3150000805094F83C20012319464FF08C40A8476268EB
S31500008060204B9A4210D103F5D8434FF400125A64BC
S315000080701A4B228F1B6A0092DD6994F83C2094F813
S31500008080353019480121A847E3683BB923692BB964
S315000080906369012283F8292000200EE06368B3F1AA
S315000080A0884F0CD00B4A934209D00D4A934206D012
S315000080B00C4A93420BD04FF0FF3003B030BD002383
S315000080C00A48036002F036F80028E1D0F3E70123FE
S315000080D0F6E700BF000100440084042400013000DC
S315000080E000000245001804240014042468E9010075
S315000080F038B54368B3F1884F044602D0264A934206
S3150000810007D1264BDB690021D3F8E8304FF08C40CD
S3150000811098476268224B9A4207D1204BDB690121BE
S31500008120D3F8E8304FF08C40984762681D4B9A426E
S3150000813005D11A4B1C481B6A0821DB6B9847E2687D
S3150000814032B9236923B96369002083F8290038BD51
S315000081506368B3F1884F0BD00F498B4208D01049A2
S315000081608B4205D00F498B4202D04FF0FF30EEE72D
S3150000817011790E4D03222868013102F0AFF800286C
S31500008180F3D12369286819790322013102F0A6F890
S315000081900028D8D0E9E700BF000100440001300004
S315000081A000000245001804240014042468E90100B4
S315000081B010B50C4620B102287ED06FF0030010BD2A
S315000081C091F90830002B0DDB5A09012103F01F033A
S315000081D0994002F120034A4A42F82310BFF34F8F19
S315000081E0BFF36F8FE268616963683ABBD4E9042123
S315000081F06368002A3ED16368424AB3F1884F51D181
S315000082001023D36094F90830002B09DB5A090121A9
S3150000821003F01F03994002F16003394A42F8231024
S31500008220636900225A601A7283F8262093F829207F
S3150000823022F0020283F829200020C0E791F82610D8
S315000082400029D3D0B3F1884F0BD02F498B4208D0E9
S315000082502E498B4205D02E498B4202D04FF0FF307B
S31500008260ADE711792B4B0131186802F0EFF90028C0
S31500008270BCD0F3E709790029BDD0B3F1884F08D007
S3150000828021498B4205D021498B4202D020498B429D
S31500008290E4D111791F4B0131186802F0D7F9002893
S315000082A0A9D0DBE718498B42AAD018498B42A7D040
S315000082B04FF400139364A5E74A6992F82930D90769
S315000082C0CCD513F00203B7D161684B6053601372CB
S315000082D082F826304FF44073138594F90830002B4A
S315000082E0AADB03F01F015B099B0003F1604303F562
S315000082F0614301228A40C3F880211A609CE700BFCF
S3150000830000E100E00084042400010044000002456E
S315000083100018042468E901002DE9F0430E468BB0ED
S315000083209046074600287BD0002979D0536993F8F8
S315000083302920510704D44FF0FF300BB0BDE8F0837D
S3150000834093F82620002A6ED1012583F82650D8F806
S315000083500C90D8F8044098611E611A62B9F1000FBA
S315000083604AD0B4F1884F09D0304B9C4206D0304BEE
S315000083709C423FD02F4B9C42DDD103251422002185
S315000083800DEB020004F004FE99F804300494013366
S315000083900093294B0193294B294C0896CDE90237C6
S315000083A00323069320688DF8265040F2011301221C
S315000083B06946ADF8243001F0F5FE08B14528BAD17A
S315000083C00099206801AA01F05BFF0028B3D100994B
S315000083D0206803AA01F0C6FF0028ACD1D8F80C30FB
S315000083E020681979013102F015F9206802F030F998
S315000083F00020A2E70225C1E7626992060ED46368EF
S3150000840043F002036360F3E7501C1862BA5C226013
S315000084100139F4D01A6AB242F6D1F0E71021F9E731
S315000084206FF0040089E76FF0010086E70001004461
S315000084300000024500180424155B2008315B200863
S3150000844068E901002DE9F0430F468BB015468046DA
S3150000845000286BD0002969D0536993F82920520768
S3150000846061D51A79012A64D0002201245C601A724F
S31500008470D5F810906E68D9605861DA61B9F1000FCD
S315000084804CD0B6F1884F09D02B4B9E4206D02B4BD1
S315000084909E4241D02A4B9E4245D103241022002100
S315000084A006A804F075FD99F804308DF826400133CE
S315000084B00093244B0193244B244CCDF81080CDE936
S315000084C0023603230593206808974FF4817301222F
S315000084D06946ADF8243001F065FE08B1452822D181
S315000084E00099206801AA01F0CBFEE0B90099206846
S315000084F003AA01F037FFB0B92B6920681979013159
S3150000850002F088F895F8403013B9206802F0A0F818
S3150000851000200BB0BDE8F0830224BFE7736843F088
S3150000852001037360F4E74FF0FF30F2E76FF00400E9
S31500008530EFE76FF00100ECE70001004400000245A0
S3150000854000180424155B2008315B200868E9010047
S315000085502DE9F3470746DDE90AA8DDF8309008461D
S3150000856016461D461FB311B30AB35B6993F829205B
S31500008570520723D595F84040F4B12A7812F0060F39
S315000085801CD0032283F827203146CDE900895346C3
S315000085902A46FFF757FF60B953462A463146384602
S315000085A0CDE90A8902B0BDE8F047FFF7B5BE6FF026
S315000085B0040002B0BDE8F0872046FAE74FF0FF302E
S315000085C0F7E74369186A70474369D869704700003E
S315000085D02DE9F0471C465B69924693F829208046B0
S315000085E09007894603D44FF0FF30BDE8F0875FFA65
S315000085F088F5A5F11501052900F2E480DFE801F010
S31500008600031828416D98B9F1000F0CD002212046BD
S31500008610FFF77AFA626992F8293043F0080382F884
S3150000862029300020E1E722F0080283F82920F8E744
S31500008630B9F1000F09D003212046FFF765FA6269F8
S3150000864092F8293043F01003E9E722F01002ECE734
S31500008650B9F1000F0DD093F82620002A40F0F681DC
S315000086606168CA6842F04002CA60012283F8262087
S31500008670D7E76168CA6822F04002CA6083F826908C
S31500008680CFE76268516821F002015160D4E9031016
S31500008690F0B9C1B10D20906093F82630ABB1B2F1BC
S315000086A0884F08D08F4B9A4205D08F4B9A4202D002
S315000086B08E4B9A4209D109798D4B0131186801F028
S315000086C0C5FF10B18FE70523936063690022CDE7EC
S315000086D00D2090600029DFD1F7E76268516821F02C
S315000086E001015160216949B9E3682BB903239360FD
S315000086F0636900221A7194E70B23F8E70B20906058
S315000087001B79002BF4D0B2F1884F08D0754B9A42F2
S3150000871005D0754B9A4202D0744B9A42E8D109793A
S31500008720734B0131186801F091FF0028E0D05AE739
S315000087306268516821F003015160E16869B9D4E9C2
S315000087400421636812BBE368002B39D107236268F2
S315000087509360636900221A7188E793F82630002B2C
S31500008760EDD0B2F1884F08D05E4B9A4205D05E4BF1
S315000087709A4202D05D4B9A42E1D109795C4B0131B4
S31500008780186801F063FF0028D9D02CE70979B9B140
S31500008790B3F1884F08D053498B4205D052498B42DA
S315000087A002D052498B420BD11179514B01311868D5
S315000087B001F04CFF00287FF416AF2369002BC2D0CE
S315000087C00F23C4E76A1E132A00F24381DFE812F082
S315000087D03900140047005E006F009200410141011C
S315000087E0410141014101410141014101410197001E
S315000087F0170092009A00920094F8403013B96FF077
S315000088000600F2E66268374B9A42F8D12378990758
S3150000881017D501212046FFF777F963689A6D42F074
S3150000882001029A659A6D42F002029A6594F8411027
S315000088309A6D41B342F010029A659A6D42F0200299
S315000088409A6508F4E066B6F5A06F73D05ED8002E80
S3150000885073D0B6F5807F72D06FF00800C5E6626807
S31500008860204B9A42CBD123785A07C8D501212046FE
S31500008870FFF74AF963689A6D42F001029A659A6DAC
S315000088806FF34102D1E761F30412D5E721780B07B4
S31500008890D7D563681A6C42F001021A641A6C8F0706
S315000088A04CBF6FF3410242F002021A64C9E76368E3
S315000088B0B3F1884F02D00B4A9342A0D12378DE064B
S315000088C09DD506212046FFF71FF920460721FFF711
S315000088D01BF92378D80692D56268136943F04003E2
S315000088E01361AEE7000100440000024500180424AD
S315000088F068E90100257815F02005A2D07FE783F806
S3150000890024908EE6257815F04005F6E7B6F5C06F9B
S3150000891017D0B6F5E06F9FD10026022708F4405322
S31500008920B3F5805F10D0B3F5005F1BD073B16FF065
S3150000893009005AE600260027F0E70327EEE7092696
S31500008940F9E700260127E9E747F0180708F440434E
S31500008950B3F5804F09D0B3F5004F06D03BB16FF0A9
S315000089600A0042E647F00807F0E747F0040708F474
S315000089704033B3F5003F2FD007D8002B3BD0B3F5DB
S31500008980803F19D06FF00B002FE6B3F5403FF9D1C9
S31500008990637803F01803182B07D104212046FFF74C
S315000089A0B3F805212046FFF7AFF8238803F4C07318
S315000089B0B3F5C07F0BD0E5E76378190703D505212A
S315000089C02046FFF7A1F894F90030002BDADA626846
S315000089D0136943F022030DE06378DA0603D5042118
S315000089E02046FFF791F86378DB07CBD562681369F9
S315000089F043F020031361AB1E012B05D818F4802F1A
S31500008A002AD118F4002F2AD1D4F80480D8F81030CF
S31500008A1023F01003C8F81030224651464846FFF7A7
S31500008A20B3FA6369012183F82850C8F80810C8F81A
S31500008A300C70C8F8CC60D8F8AC2061F3C402C8F852
S31500008A40AC2093F8292042F00402EEE56FF0010015
S31500008A50CBE56FF00300C8E56FF00C00C5E56FF0DD
S31500008A600D00C2E542694368107A5969137981F0AD
S31500008A7080015B00C1F3C01103F002030B4351797F
S31500008A80C90001F008010B439179090101F01001B9
S31500008A900B43D179490101F0200180010B4300F01D
S31500008AA040001843704700004B6993F829305B0774
S31500008AB032D54B68002B32D0032830D8DFE800F0DF
S31500008AC0020B121F4A78120729D51A6922F00202F0
S31500008AD01A61002070474A78100720D51A6942F0BB
S31500008AE00202F5E7B3F1884F02D00E4A934216D13F
S31500008AF04A78910613D51A6922F00102E8E7B3F124
S31500008B00884F02D0074A934209D14A78920606D581
S31500008B101A6942F00102DBE74FF0FF3070476FF051
S31500008B200300704700010044024630B55368002038
S31500008B301BB3516991F8291049071ED555789969D3
S31500008B409278EB064CBFC1F30013034615F04004C0
S31500008B5018BFC1F3401412F0010218BFC1F380120E
S31500008B602D060FD5C1F3C01143EA440343EA81033E
S31500008B7043EAC20363F3070030BD024601460446DA
S31500008B800346F1E70021EFE741F20273984221D054
S31500008B9011DC41F2045398421CD005DCF8B10128DF
S31500008BA00CBF21200120704741F2017398420CBF8F
S31500008BB011200120704742F2041398420CD042F271
S31500008BC0061398420AD042F2031398420CBF2120A2
S31500008BD00120704721207047282070472B207047BE
S31500008BE0014BDB695B6E184700013000014BDB6906
S31500008BF09B6B184700013000014BDB695B6A184725
S31500008C0000013000404B994270B50C46154679D8A4
S31500008C103E4B99420AD93E4B4FF400125A623D4BE5
S31500008C2010229A615A6C42F010025A6401283FD011
S31500008C30022855D048BB384EF3690121A4220846C4
S31500008C40D3F8EC309847354B9C60FFF7D5FF344B93
S31500008C509D42344B02BF5A6822F440425A604FF498
S31500008C605942A3F86020F3692A469B6821464FF0D3
S31500008C708C40984750B92C4B9C420BD82B4B4FF449
S31500008C800032DA664FF48022DA660020BDE87040D2
S31500008C90FFF77ABF264B9C42F7D9244BDA6E920334
S31500008CA0F3D44FF480229A664FF400329A66ECE7CA
S31500008CB01A4B5C61FFF794FF1A4B4FF45942A3F825
S31500008CC0A020154BDB692A469B6D21464FF08C4050
S31500008CD098470028DAD1592CD0D95A2CDDD1D4E7BF
S31500008CE00E4B9C61FFF782FF0E4B4FF45942A3F8DF
S31500008CF0E020094BDB692A46DB6B21464FF08C40AE
S31500008D009847C3E7212070BD0095BA0AFF0D2707D3
S31500008D1000002820008000460001300064E00100C9
S31500008D20005A6202008018467F4A5D0500840424CA
S31500008D30BF8C6C051E4B994270B505460E460DD884
S31500008D401C4A536A23F4001353621B4B9A6922F0A0
S31500008D5010029A615A6C22F010025A6400221146DF
S31500008D604FF08C4000F0CEFB0446FFF70DFF0246A5
S31500008D70D8B9D5B1042D13D1104A31460120FFF7D9
S31500008D8041FF04B22046FFF7FFFE024668B92946B6
S31500008D904FF08C4000F0B6FBBDE87040FFF7F4BE24
S31500008DA0022DEFD1054A3146E9E7104670BD00BFF6
S31500008DB0FF0D27070000282000800046005A6202A7
S31500008DC0F7B503214FF08C4000F07CFC032000F047
S31500008DD0EBFC13490220FFF7ADFF0446E0B9114A48
S31500008DE011490120FFF70EFF0446A8B90F4E0125D1
S31500008DF0F36900950246D3F8A070022103464FF0AE
S31500008E008C40B847F3690095D3F8F45022462346C0
S31500008E1002214FF08C40A847204603B0F0BD00BFAA
S31500008E200095BA0A005A62020068890900013000FA
S31500008E30044BDB6803604FF08C43986A00F00F0028
S31500008E40704700BF64E00100044B4FF48072DA63A0
S31500008E50034B4FF400629A60704700BF0081042400
S31500008E600000081208B5284B4FF400621A60274A22
S31500008E70D2F88C3743F4004343F08003C2F88C37B2
S31500008E80D2F88C375B06FBD5D2F88C27204BDFED6A
S31500008E90216A9FED216A214902F03F021A601A6891
S31500008EA0262A84BF26221A601D4A9268EAB11D4806
S31500008EB0C2F315020260D3ED007A90ED007AF8EE67
S31500008EC0677AB8EE477A77EEA67A37EE267A67EEB5
S31500008ED0867AC7EE876AC1ED006AFFF7B5FF0A4BCF
S31500008EE04FF400625A60086808BDD3ED007AF8EEC8
S31500008EF0677A77EEA67ADFED0C6A67EE867A87EEFA
S31500008F00A67A81ED007AE8E70000081200A00524A1
S31500008F1074E9010089410B42333353406CE9010087
S31500008F20BC15000070E90100C4A08342F0B5A24C54
S31500008F30A24BA2680578A24E02EA0301027802F06B
S31500008F4001020A439F49A2608A6802EA0304427842
S31500008F5002F00102920042EA951222438A600A69EF
S31500008F60457802EA03040278C2F344022243964C8F
S31500008F700A61A26802EA0301827802F00302520142
S31500008F8042EAD5020A439149A2608A6884781A4067
S31500008F9042EA94028E4C8A60A268C1781A4001F0B7
S31500008FA01F011143A160B268047902EA030504F0C7
S31500008FB03F04C278640044EAD214C2F3411242EA82
S31500008FC084022A43B260834E4579B26802EA0304FA
S31500008FD0027905F07F05920942EA850222437E4D19
S31500008FE0B260AA6802EA0304C27902F00F022243C1
S31500008FF07A4CAA60A268C579067A1A4042EA151226
S31500009000774DA260AA6802EA0304427C02F07F025E
S315000090102243AA60734DAA6802EA0304027A02F0A8
S315000090207F022243AA60704DAA6802EA0304427ACC
S3150000903002F01F02520042EAD61222436B4EAA6089
S31500009040B268857A02EA0304C27A520042EAD5126D
S31500009050057B05F0010542EA45222243644DB260D4
S31500009060AA68467A02EA0304827A02F07F02D200F4
S3150000907042EA56122243AA605E4D5F4EAA6802EA91
S315000090800304B0F80D202243AA60B268457D02EAC7
S315000090900304027D05F00F0542EA05222243574DDF
S315000090A0B260AA68564E02EA0304427DC2F3021277
S315000090B02243AA60B268C57D477902EA0304827D2D
S315000090C005F00F0542EA05222243B2604D4EC57DEA
S315000090D0B26802EA0304027E120142EA1512457ED4
S315000090E005F00F0542EA05322243474DB260AA68F1
S315000090F0467E02EA0304827E120142EA16122243E7
S31500009100AA60424DAA6802EA0304B0F81B20224373
S31500009110AA603F4DAA6802EA03048279560802F063
S315000091200102520042EAD71242EA86022243847CB6
S31500009130AA60457C90F8246004F00F02520052EABF
S31500009140D512344D1EBFA96819401143A960324D8E
S315000091501A4AAB6803EA0201437F03F00F030B438D
S31500009160AB602E4DAB6803EA0201837FC3F3830332
S315000091700B43AB602A4DAB6803EA020190F8253039
S3150000918003F007035B0043EAD6130B43AB60254DA0
S31500009190AB6803EA0201C37C03F003035B0043EA06
S315000091A0D4130B432049AB608B681A40837CC3F30E
S315000091B0021313438B60F0BD9C1600000000C0FF35
S315000091C024160000881600007016000058160000CD
S315000091D04C16000008160000E0150000D41500002B
S315000091E064160000C8150000BC150000B01500008C
S315000091F0B416000098150000A41500001415000010
S315000092008C1500008015000074150000681500001C
S31500009210EC150000401600005C150000501500001B
S31500009220441500002C15000038150000FAF7F2BDB1
S31500009230F0B5194D194C2B88E5B004F11001002644
S3150000924000274FF4C2726846ADF88431CDE96267F3
S3150000925003F04EFF94E80F0000F088FD62A800F0CE
S3150000926025FE2B78687843EA002000F0CFFEDDE982
S31500009270624532463B462046294602F0E3FF48B1A6
S31500009280074B00222046294602F0C8FF10B10020F5
S31500009290FAF714FE65B0F0BD180300008401000063
S315000092A000004E4010B50A4A0A4BD2F80815D3F80A
S315000092B00240E405FBD440EA5110C2F80805D3F891
S315000092C00220D205FBD4024BD3F8083510BD00BFEF
S315000092D000A005240000052410F4405F0F4B0BD0BE
S315000092E0D3F8042522F48012C3F80425D3F8042504
S315000092F022F40012C3F80425D3F80825084BD3F846
S315000093000210C905FBD4C04300EA5210034AC2F852
S315000093100805D3F80220D205FBD4704700A0052427
S31500009320000005240D4A0E49D2F81035013823F005
S31500009330030310B5C0B2C2F81035D1F80230DC050F
S31500009340FBD4D2F81045012383402343C2F81035DD
S31500009350D1F80230DB05FBD410BD00BF00A0052408
S31500009360000005242DE9F04F88B305687DB3002180
S3150000937000F1040C01275CF83160013150F83130FE
S31500009380C3F38454C4EBD3620132162A1FD84FF0BC
S315000093900009D6F80080A646CA46224407FA0EFB04
S315000093A00EF1010E28EA0B08724507FA09FB4AEA94
S315000093B00B0A09F10109F1D803EA0A03A34043EABB
S315000093C00803A9423360D6D10020BDE8F08F012002
S315000093D0FBE7F0B500B30768F7B100254FF0010CC5
S315000093E0013550F83530C3F38454C4EBD3620132EF
S315000093F0162A11D800210E4622440CFA01FE01312C
S3150000940046EA0E0604EB010E7245F6D8BD42E7D1D8
S3150000941003EA0600A040F0BD0120FCE7064B074A20
S31500009420996C0748DA620229D96C08BF1A600229CA
S3150000943008BF5A60FFF796BF64E001000048E801E4
S3150000944070160000024B034A03485A63FFF78ABFAF
S3150000945064E001000048E80158160000064B074A80
S31500009460996C07481A630529D96C08BF1A60052943
S3150000947008BF5A60FFF776BF64E00100002D310196
S31500009480C8150000034B04484FF4FA421A62FFF76E
S3150000949069BF00BF64E001004C160000034B04489E
S315000094A04FF4FA425A62FFF75DBF00BF64E0010065
S315000094B0EC1500000148FFF78CBF00BFA4150000A3
S315000094C00148FFF786BF00BF8C1500000148FFF773
S315000094D080BF00BF801500000148FFF77ABF00BFBC
S315000094E0741500000148FFF774BF00BF681500003F
S315000094F00148FFF76EBF00BF9815000001B108478D
S315000095007047000010B5002852D03E2A50D82B4B89
S31500009510DB689C0748BF5208052949D8DFE801F0F7
S3150000952003481B26313C836A6FF303038362244B93
S315000095301B6824490B60846DE405FCD5846A62F3DC
S315000095400914846212B1B3FBF2F30B601C4B0A6878
S31500009550DA60002010BD836D9B062BD5836A02213D
S3150000956061F303038362164B9B68E2E7836D5C0637
S3150000957020D5836A032161F303038362104B1B69C1
S31500009580D7E7836D190715D5836A042161F30303B1
S3150000959083620B4B5B69CCE70B4B5B6A5B0709D5B8
S315000095A0836A052161F303038362054B9B6BC0E766
S315000095B00120CFE741F20170CCE700BF008604240A
S315000095C064E00100B4E001000014042407B50B4672
S315000095D0114606281ED8DFE800F00421333B475821
S315000095E06400364A106A40025EBF106A40F480008A
S315000095F0106213B90A20FFF781FF314BD3F81C2103
S3150000960022F08012C3F81C21D3F81C2142F001225B
S31500009610C3F81C21002003B05DF804FB274A106A3A
S31500009620800207D4106A40F480101062106A40F479
S3150000963000101062002BEDD10A20FFF75FFFE9E76B
S315000096401E4A106AC002F5D4106A40F48010F0E792
S315000096501A4A106A00035EBF106A40F400201062C6
S31500009660002BD7D10220E8E7144B1A6A5203D1D453
S315000096701A6A42F480221A624FF4FA700191FFF7D7
S315000096803DFF019940F2DC50D7E70C4A106A80038F
S315000096905EBF106A40F400301062002BBAD1FA2087
S315000096A0CBE7064A106AC0035EBF106A40F48030FA
S315000096B01062002BAED19620BFE700BF00810424C4
S315000096C00080042410B50446002858D00139052925
S315000096D055D8DFE801F003131D273445294BD96916
S315000096E0012262F30201D961274B9A645B6C264A18
S315000096F01360A36D002BFCDA002010BD214BD96945
S31500009700022262F30201D9611F4B9A64DB6AEEE71B
S315000097101C4BD969032262F30201D9611A4B9A6480
S31500009720DB6BE4E7194B40229A83164BD969042276
S3150000973062F30201D961144B9A641B6CD7E7114B93
S315000097401A6AD2025EBF1A6A42F480121A62D96994
S31500009750052262F30201D9610B4B9A641B6BC6E7C3
S31500009760012100220846FFF731FF064BD969062280
S3150000977062F30201D961044B9A645B6BB7E701207F
S31500009780BBE700BF0081042464E0010000801341B0
S31500009790044B1A6822F00F021A601A681043186008
S315000097A0704700BF00000524013808B5052850D8C9
S315000097B0DFE800F003101A243140274BD969012253
S315000097C062F31241D961254BDA645B6C234A0020AF
S315000097D0536008BD204BD969022262F31241D96158
S315000097E01E4BDA64DB6AF1E71B4BD969032262F38D
S315000097F01241D961194BDA64DB6BE7E7184B40225B
S315000098009A83154BD969042262F31241D961134B2D
S31500009810DA641B6CDAE7002201210220FFF7D6FE8C
S315000098200D4BD969052262F31241D9610B4BDA64FB
S315000098301B6BCBE7012100220846FFF7C7FE064B4C
S31500009840D969062262F31241D961044BDA645B6B73
S31500009850BCE70120BDE700BF0081042464E00100ED
S31500009860008013412DE9F04190461F46044600282A
S3150000987000F09880FF2A00F29580072900F2928076
S315000098800139494D494E062905D8DFE801F00E1D7C
S31500009890455463727C000020FFF77AFF63696FF31B
S315000098A04403636173682B601DE00020FFF770FFBF
S315000098B000213A460520FFF789FE6369012262F31B
S315000098C044036361336AEEE70020FFF761FF00217E
S315000098D03A460620FFF77AFE736A2B606369022216
S315000098E062F344036361A36A1B07FCD562695FFAEE
S315000098F088F363F34C126261636943F001036361A9
S31500009900B8F1000F03D02B68B3FBF8F32B602B687C
S31500009910F3600020BDE8F0810020FFF739FF002149
S315000099203A460420FFF752FE6369032262F34403BA
S315000099306361B36AB7E70020FFF72AFF00213A46C2
S315000099400320FFF743FE6369042262F34403636165
S31500009950F36AA8E70020FFF71BFF00213A46022022
S31500009960FFF734FE6369052262F344036361336BD8
S3150000997099E70220FFF70CFF6369062262F34403AE
S315000099806361F3688FE70020FFF702FF00213A4684
S315000099900120FFF71BFE6369072262F3440363613C
S315000099A0736B80E70120B5E7B4E0010064E00100D5
S315000099B0084B1B689A6A12F00E0FFBD1FF22C3F800
S315000099C004211A6A42F002021A629A6A5207FCD409
S315000099D0704700BF5C01000041F20273984221D03B
S315000099E011DC41F2045398421CD005DCF8B1012881
S315000099F00CBF21200120704741F2017398420CBF31
S31500009A0011200120704742F2041398420CD042F212
S31500009A10061398420AD042F2031398420CBF212043
S31500009A200120704721207047282070472B2070475F
S31500009A300378012B06D84378013B0F2B94BF0020F7
S31500009A402120704721207047002370B5194600F188
S31500009A50F2041A4634F8026FDDB2013336B1013230
S31500009A60D2B2012A01D99A420BD12946102BF1D143
S31500009A701A4B1B78934204D1012A04D103789942E8
S31500009A8002D0232017E00023C2185278012A22D8D8
S31500009A9000EB83004369D3B1114A934219D8D0F839
S31500009AA01431104A934207D9D0F854010E4B98420C
S31500009AB08CBF2120002070BDB3F53D3F0BD8D0F8F8
S31500009AC05431B3F53E3F34BF00202120F3E72D206B
S31500009AD0F1E72820EFE72120EDE700BF78E9010054
S31500009AE0A0252600FFFF0524001B062411B104292A
S31500009AF000D07047014B1B68184700BF7CE9010086
S31500009B0007B500230193FFF7ADF901909DED017AAA
S31500009B10DFED067AB4EEE77AF1EE10FA02D50448E4
S31500009B20FFF720FC019803B05DF804FB9A991940F1
S31500009B30FC17000084B010B52DED028BE4B068ACC4
S31500009B4084E80F00CDA89DEDCE8AFFF771FF0028AF
S31500009B504CD1334B9DF835431C7068A8FFF774FF52
S31500009B60002843D1012C08BF9DF8A0019DF834239D
S31500009B7068AB03EB4000012AB0F8F43003D1012BA7
S31500009B803BD02B2032E0013B9BB240F2FE318B42B0
S31500009B90F7D892BB012C30D9224B62934FF4C27294
S31500009BA0BDF83433ADF884316CA9684603F0A0FAE9
S31500009BB068AB0FCBFCF76AF8FFF70EFFB0B9FFF7FB
S31500009BC09FFFDFED197AB4EEE78AF1EE10FA01464F
S31500009BD024D4DFED167AB4EEE78AF1EE10FA1DDC36
S31500009BE018EE100AFAF7B4FFFFF7F6FE64B0BDEC04
S31500009BF0028BBDE8104004B070470A4B62936CA913
S31500009C00BDF83433ADF884314FF4C272684603F0C0
S31500009C106FFA68AB0FCBFCF7D9F8CDE72120E5E763
S31500009C2078E90100EDAA20086666E63F66666640AA
S31500009C3084B000B5E3B00DF5C87C8CE80F00C9A868
S31500009C40FFF7F6FED0B964A8FFF7FEFEB0B99DF89F
S31500009C502423BDF82433B2B99DF82523012A12D94D
S31500009C604FF4C27268A96846ADF8843103F040FA31
S31500009C7064AB0FCBFCF7A2FAFFF7AEFE63B05DF85C
S31500009C8004EB04B0704768A94FF4C2726846ADF899
S31500009C90843103F02DFA64AB0FCBFCF72BFCEBE71A
S31500009CA0034620B1044A106818B913607047222091
S31500009CB070470420704700BF7CE9010008B50348DF
S31500009CC0FCF7E2FDBDE80840FFF786BE0038042435
S31500009CD007B5ADF8040001A8FFF7AAFE20B9019860
S31500009CE0FBF748FAFFF778FE03B05DF804FB07B50B
S31500009CF0ADF8040001A8FFF79BFE20B90198FCF718
S31500009D007BF9FFF769FE03B05DF804FB07B5ADF814
S31500009D10040001A8FFF78CFE20B90198FCF720FA91
S31500009D20FFF75AFE024B00221A6003B05DF804FBEF
S31500009D307CE90100042902BF014B01221A70704719
S31500009D4088E90100437853B94269074B9A4208D81B
S31500009D50B0F8F430012B14BF2B20002070472120CF
S31500009D6070472820704700BFA025260084B000B5A4
S31500009D70E5B00DF5CC7C8CE80F009DF82C33012B5B
S31500009D8034D19DF82D33013B0F2B2FD86046FFF7BA
S31500009D90D9FF30BB164B62934FF4C272BDF82C3319
S31500009DA0ADF884316AA9684603F0A2F966AB0FCB19
S31500009DB0FFF7C0FEA8B9BDF82C33ADF884314FF4D7
S31500009DC0C2726AA9684603F093F966AB0FCBFFF738
S31500009DD02FFF30B90748FFF763FF10B9CB98FFF79D
S31500009DE077FF65B05DF804EB04B070472120F8E713
S31500009DF03D0A274035AD200884B000B5E3B00DF527
S31500009E00C87C8CE80F0014238DF8E4316046104BB3
S31500009E108193FFF797FFA8B901460E4A0E48FDF752
S31500009E20FAFD0E4B4FF4C2721B88ADF8843168A957
S31500009E30684603F05DF964AB0FCBFFF7F9FE003817
S31500009E4018BF012063B05DF804EB04B0704700BF93
S31500009E5000004C4260010000143A0424180300007C
S31500009E6084B000B5E3B00DF5C87C8CE80F00604601
S31500009E70FFF768FF98B9FFF721FF80B917238DF820
S31500009E80E431094B4FF4C2721B88ADF8843168A9DE
S31500009E90684603F02DF964AB0FCBFFF7C9FE63B03C
S31500009EA05DF804EB04B07047180300002DE9F04399
S31500009EB02DED028B0646E3B0002800F092804A4D55
S31500009EC04FF4C27205F11001684603F011F995E8E6
S31500009ED00F00FFF791FF2F460446002873D1434B2E
S31500009EE01A7862B118706A7841480121FCF78AFD38
S31500009EF007EE900A3F4BF8EEE77AC3ED007A3E494B
S31500009F004FF4C272684603F0F3F897E80F00FFF7C4
S31500009F10A7FF0446002856D1DFF8D490374F4FF0FC
S31500009F200A086A7800214846FCF76CFD07EE900A9D
S31500009F3008F1FF38F8EEE77A18F0FF08C7ED007A67
S31500009F40EFD1020545D520F400631B041B0C07EE78
S31500009F50903AF8EEE77AC7ED007AFFF7BDFA08EE19
S31500009F60100AFFF7A7FA08EE900AFFF7C1FA214B8D
S31500009F7097ED007AD3ED007ADFED216AB8EE488AD4
S31500009F80C0F5707037EE487A77EEC87A0130C7EEC2
S31500009F90275A07EE900AF8EEE77AF8EE688A87EE17
S31500009FA0A67A88EEA66AF0EE477A45EE867ADFED67
S31500009FB0156A9FED157A17EEA67A17EE100A01F0CC
S31500009FC059FEC6E90001204663B0BDEC028BBDE830
S31500009FD0F08340F400631BB207EE903AF8EE677A1E
S31500009FE0B9E72224EFE700BF8401000088E90100F9
S31500009FF00038042480E901009401000084E901008E
S3150000A00000007A4400009B430080884307B5ADF802
S3150000A0100400C0B2012816D19DF80530013B0F2B74
S3150000A02011D80A4B5B68DB0705D4019803B05DF8CD
S3150000A03004EBFFF76BBE0198FFF759FE0028F4D03A
S3150000A04003B05DF804FB2120FAE700BF00380424C2
S3150000A0501A4B1B499A680868110703D508225A61EA
S3150000A060026022E09A68120302D54FF40022F6E756
S3150000A0709A68D10701D50122F1E79A68920701D5BE
S3150000A0800222ECE79A68510701D50422E7E79A68AD
S3150000A090D20302D54FF48032E1E79A68910307D5DF
S3150000A0A04FF400325A6102230360064B1B681847BF
S3150000A0B09A685203F9D54FF48022D0E7000006458E
S3150000A0C08CE9010090E90100014BDB681B69184728
S3150000A0D0000130000346012B084602D0022B08D0AF
S3150000A0E07047074B182202FB01339B683BB10021E6
S3150000A0F01847034B182202FB0133DB68F6E770476B
S3150000A100B4EA01000346012B084602D0022B08D010
S3150000A1107047074B182202FB01339B683BB10021B5
S3150000A1201847034B182202FB0133DB68F6E770473A
S3150000A13094E90100F8B50468012C054622D8124EB0
S3150000A14056F8242042B1536810498B4204D0104976
S3150000A1508B4201D01120F8BD0E4B0F49DB680F482A
S3150000A1601F680F4B51F8241053F8243050F8240080
S3150000A170B8472B6846F8240056F82330002BE9D060
S3150000A1800020E8E72120E6E7A4EE010000000344F2
S3150000A19000800724000130001C0300002C0300008F
S3150000A1A034030000F0B529B1012803D80B6818B9AB
S3150000A1B0202B0CD921202AE00C2BFBD8012AF9D818
S3150000A1C02C4C6468002C51D073BB0C2707E0012A85
S3150000A1D0F0D8284C2468002C48D02BBB202701251A
S3150000A1E0254C264BAC46A8B926792EB90D60C4E994
S3150000A1F00200226084F804C00E6836BBBD4205F139
S3150000A200010604F1180403F1180301D14620F0BD3C
S3150000A2103546E8E71E79002EEED10D60C3E90266E9
S3150000A2201A6083F804C0E7E7013B182578B9124C99
S3150000A2306B43E6183679DEB9E2500B68013B05FB45
S3150000A2400343C3E9020001221A710020DFE70B482D
S3150000A2506B43C41824795CB9C2500B68013B05FBFB
S3150000A26003030122C3E902441A71EEE71120CEE787
S3150000A2704520CCE7A4EE0100B4EA010094E9010010
S3150000A280012810B503D811B118B9202909D9212000
S3150000A29016E00C29FBD8C2B10D4B5B688BB91120B7
S3150000A2A00EE092B10A4B1B68002BF8D01068094BE0
S3150000A2B00139182404FB013398605268DA600020E3
S3150000A2C010BD1068044B0139F3E72220F8E700BF00
S3150000A2D0A4EE0100B4EA010094E90100012830B5BA
S3150000A2E036D8002934D0E8B9202931D8531E022B9C
S3150000A2F02ED8194B53F8203063B302F00203D2076D
S3150000A30021D54C1E182578B9144A05FB0422906005
S3150000A31033B1124B0139182202FB01310023CB6005
S3150000A320002030BD0C29E0E70D4A05FB0422002081
S3150000A3309060002BF4D00A4B1822013902FB01333E
S3150000A3400022DA60ECE7002BEAD00028E1D0F2E741
S3150000A3502120E6E71120E4E7A4EE0100B4EA0100BB
S3150000A36094E901002DE9F04F012897B005460C4607
S3150000A370164600F21C81002900F01981002840F0E1
S3150000A3800481202900F21381D6F814C0BCF1000F15
S3150000A39000F00D8133680893002B00F00681736886
S3150000A3A00993002B00F00181D6F80CA0BAF1030F37
S3150000A3B000F2FD80B3680A93032B00F2F880777EE3
S3150000A3C007F0FD03012B40F0F280327E022A00F2F4
S3150000A3D0EE80B07E072800F2EA8033690793022BED
S3150000A3E000F2E580754B53F825300B93002B00F0F7
S3150000A3F0E080013C1823002D40F0C980DFF8C0E161
S3150000A40063430EEB030898F80480B8F1000F00F0E0
S3150000A410D280B7F1010818BF4FF00108CDF840808F
S3150000A4205EF8033003F1FF3EDEF1000343EB0E035B
S3150000A43002F1FF3E5FFA8EFEBEF1020F0F9300F1AE
S3150000A440FF33DBB235BF4FF0010E4FF0000E002197
S3150000A4500A21CDF84CE0072B4FF0000E28BF7046BE
S3150000A460012F14BF4FF003084FF00108BCF5806FB1
S3150000A47038BF0CF1FF33CDE91404CDE911EE0D918F
S3150000A48034BFC3F3090340F2FF331827002D40F011
S3150000A49081804B48DFF838E107FB0400C0E9042857
S3150000A4A0484A494F52F825200C92002268F30202CE
S3150000A4B06FF3C30263F30D1257F8250002F0070B82
S3150000A4C0BBF1020F01BFD0F80880D8F808906BF3F3
S3150000A4D00209C8F8089003F10108C445DFF8F480C2
S3150000A4E0D8F80C1038BF0CF1FF33D1F808900D994D
S3150000A4F0CDF800C038BFC3F309031B0143EA81331B
S3150000A50007994FEA016B0BF0407B43EA0B0B0A9B62
S3150000A5109B0603F04063090701F040514BEA030331
S3150000A5200B4343EA8A7302F00F021A430B9B05930F
S3150000A5300C9BE4B2CDE903E30FABCDE90123214641
S3150000A540DDE90823C847E8B9367EDEB9DFF86C9046
S3150000A550D8F80C3059F82520DB6857F82510204626
S3150000A560984759F8251057F82500FFF7ADFD1F2C21
S3150000A57018D859F825305A6801235169A3400B436E
S3150000A5805361304617B0BDE8F08F0C29FAE6DFF8C4
S3150000A5903CE035E70D48DFF840E007FB0400C0E982
S3150000A5A004287DE740F20130ECE72220EAE721208B
S3150000A5B0E8E71120E6E74820E4E700BFA4EE010043
S3150000A5C0B4EA0100240300002C03000094E9010012
S3150000A5D0D5B020080001300005B12008012813D8A5
S3150000A5E091B160B920290FD8094B1B6873B10139A5
S3150000A5F05A68C9B201238B40D362002070470C29E8
S3150000A60002D8034B5B68F1E72120704711207047A1
S3150000A610A4EE0100012813D891B160B920290FD802
S3150000A620094B1B6873B101395A68C9B201238B40C3
S3150000A6309362002070470C2902D8034B5B68F1E750
S3150000A6402120704711207047A4EE0100FFF7C6BF16
S3150000A650012808B50CD8084B53F8201051B1074B08
S3150000A66053F82000FFF730FD003818BF012008BD61
S3150000A6702120FCE71120FAE7A4EE01002C030000DC
S3150000A680034BC0001A580AB107221A50704700BF80
S3150000A69004121346392808B503D800F047FF0020F6
S3150000A6A008BD2120FCE7222808B503D800F048FFA2
S3150000A6B0002008BD2120FCE708B5A0F11903052BF1
S3150000A6C003D800F053FF002008BD2120FCE73928FD
S3150000A6D008B505D8032903D800F05CFF002008BDA3
S3150000A6E02120FCE7392808B505D8032903D800F04E
S3150000A6F05BFF002008BD2120FCE7012808B503D830
S3150000A70000F074FF002008BD2120FCE70B2808B5E7
S3150000A71003D800F085FF002008BD2120FCE70528AE
S3150000A72008B505D8072903D800F09CFF002008BD0E
S3150000A7302120FCE7052808B505D8012903D800F033
S3150000A7409BFF002008BD2120FCE7102808B503D890
S3150000A75000F0A6FF002008BD2120FCE70F2808B561
S3150000A76003D800F0BBFF002008BD2120FCE701282C
S3150000A77008B503D800F0BCFF002008BD2120FCE787
S3150000A7801F4B70B500211F4D19610C46084601315B
S3150000A790FFF776FF082945F8044BF7D11A4D00203C
S3150000A7A0FFF7ABFF01202C60FFF7A7FF6C600024CA
S3150000A7B0164D2646E0B20134FFF7C7FF052C45F8D3
S3150000A7C0046BF7D10024124E254620460134FFF7CC
S3150000A7D0C5FF082C46F8045BF7D10E4C0020FFF7A6
S3150000A7E0C6FF01202560FFF7C2FF0020656000F06C
S3150000A7F0E5FE012000F0E2FE074B00201D6070BD63
S3150000A80000000812F0EE0100E8EE0100ACEE0100D7
S3150000A810C8EE0100C0EE010010EF010010B50020E7
S3150000A820FFF72EFF024BBDE810401B6800201847BB
S3150000A830F0EE010010B50120FFF722FF024BBDE844
S3150000A84010405B6801201847F0EE010010B50220A9
S3150000A850FFF716FF024BBDE810409B680220184721
S3150000A860F0EE010010B50320FFF70AFF024BBDE82A
S3150000A8701040DB6803201847F0EE010010B50420F5
S3150000A880FFF7FEFE024BBDE810401B690420184787
S3150000A890F0EE010010B50520FFF7F2FE024BBDE811
S3150000A8A010405B6905201847F0EE010010B5062040
S3150000A8B0FFF7E6FE024BBDE810409B6906201847ED
S3150000A8C0F0EE010010B50720FFF7DAFE024BBDE8F7
S3150000A8D01040DB6907201847F0EE010010B5002094
S3150000A8E000F084FE024BBDE810401B6800201847AC
S3150000A8F0E8EE010010B5012000F078FE024BBDE83D
S3150000A90010405B6801201847E8EE010010B500F022
S3150000A910D5FEC00702D5002000F0C8FE00F0CEFE2E
S3150000A92010F0020403D0012000F0C0FE012400F064
S3150000A930C5FE410703D5022000F0B8FE022400F050
S3150000A940BDFE020703D5032000F0B0FE032400F08D
S3150000A950B5FEC30603D5042000F0A8FE0424044B6C
S3150000A96053F824301BB12046BDE81040184710BDEF
S3150000A970ACEE010010B5002000F0A8FE012802D1BF
S3150000A980002000F0ABFE012000F0A0FE01280446E6
S3150000A9903ED100F0A3FE022000F098FE012803D16C
S3150000A9A0022000F09BFE0224032000F08FFE012807
S3150000A9B003D1032000F092FE0324042000F086FE5B
S3150000A9C0012803D1042000F089FE0424052000F0AC
S3150000A9D07DFE012803D1052000F080FE0524062017
S3150000A9E000F074FE012803D1062000F077FE06244D
S3150000A9F0072000F06BFE012803D1072000F06EFE51
S3150000AA000724044B204653F82430BDE8104018476D
S3150000AA100024C0E7C8EE010010B50021042000F0B4
S3150000AA20EFFD012802D1002000F062FE0121042082
S3150000AA3000F0E6FD0128044608D100F059FE044B5B
S3150000AA40204653F82430BDE8104018470024F6E7A6
S3150000AA50C0EE0100044B1B684038C34013F0010FE1
S3150000AA600CBF21200020704710EF01000378052B52
S3150000AA7017D840781BB9392815D9FFF7EBBF5A1EEE
S3150000AA80012A05D9032B08D0042B08D0062800E09C
S3150000AA90102834BF0020212070470A28F9E70C2827
S3150000AAA0F7E7212070471846704770B516460546E9
S3150000AAB078B1FFF7DBFF044648B90F290BD8012E02
S3150000AAC009D80A4628786978334600F0DBFC204628
S3150000AAD070BD2224FBE72124F9E7000073B5C4B258
S3150000AAE0032C01903DD801A8FFF7C0FF60BB304B97
S3150000AAF09DF8055003EB04132601585D60B3092841
S3150000AB002AD0C4B9A5F11903052B22D8FFF7D4FD25
S3150000AB10D0B92846FFF7BEFDB0B90022114601A8FC
S3150000AB20FFF7C3FF80B99DF806202946204600F0AE
S3150000AB30DDFC002008E0012C08D1A5F10903052B56
S3150000AB4004D8FFF7B9FD48B102B070BDFFF7ABFD01
S3150000AB50F9E7FFF7A8FDDBE7002CDAD0A819C0B2A9
S3150000AB60D8E7042C0ED19DF80550124B585DFFF71F
S3150000AB709AFD0028E8D12846FFF7C8FD0028E3D152
S3150000AB800246CBE7052CD4D19DF80540012120468D
S3150000AB90FFF7D0FD0028D7D101462046FFF7BFFDBD
S3150000ABA00028D1D19DF80610204600F06FFDC0E7C1
S3150000ABB0587721084C77210870B50E460546E0B156
S3150000ABC0FFF754FF0446B0B90F2918D80346697831
S3150000ABD02878062200F056FC0A4A68781168012394
S3150000ABE083400B4300F140011360C9B2234632464D
S3150000ABF0204600F047FC204670BD2224FBE72124B6
S3150000AC00F9E700BF10EF0100F8B50E46054600282B
S3150000AC1000F09680FFF72AFF044618BB0F2900F2C2
S3150000AC2091802F78002F46D16978474FA1F11903FB
S3150000AC30052B06F00706034616D80B2200F022FC69
S3150000AC406978133923462246C9B2042000F01AFC5B
S3150000AC506B78133BDBB2183357F8232066F30202F6
S3150000AC6047F823202046F8BD092200F00BFC69783E
S3150000AC700F2908D1234622460721042000F002FCB2
S3150000AC806B78083BE6E7A1F12E03032B09D826399A
S3150000AC9023462246C9B2042000F0F4FB6B78263B1B
S3150000ACA0D8E7063923462246C9B2042000F0EAFB5B
S3150000ACB06B78063BCEE7012F19D1034669780B2244
S3150000ACC0384600F0DFFB6978033923462246C9B2CD
S3150000ACD0042000F0D7FB6B78033BDBB21A4A18332B
S3150000ACE052F8231066F3020142F82310BAE7022F46
S3150000ACF016D16978A1F10E03012BB3D806390346A4
S3150000AD000246C9B2042000F0BDFB6B780E4A063B32
S3150000AD10DBB2183352F8231066F3020142F823100F
S3150000AD202B78032B9ED1697801299BD800230A3101
S3150000AD301A46C9B2042000F0A5FB6B780A33CCE7AB
S3150000AD4022248FE721248DE7001404240B300B28DE
S3150000AD509ABF024B185C0120704700BFA4772108F8
S3150000AD6008B5044B01215B6A13209847BDE80840EB
S3150000AD70FFF7ECBF58762108012810B5044609D123
S3150000AD80074B1B6833B1074A934203D15B6A002124
S3150000AD9013209847044B20461B68BDE8104018470F
S3150000ADA018EF0100587621081CEF010038B505465A
S3150000ADB00C46F9F76FFD012812D09CB123689BB9A8
S3150000ADC095B90A4D0A48AB6825609847FFF7BEFF5C
S3150000ADD038B92B6902209847BDE83840FFF7B6BF5F
S3150000ADE0042038BD2220FCE72120FAE75876210806
S3150000ADF079BD200838B5002837D01E4A904236D192
S3150000AE001D4C1E4BE168994231D8636813B1B3F506
S3150000AE10407F2CD1A078451E0F2D28D8A568B5F502
S3150000AE20801F24D8102804BF0020A070A07800033B
S3150000AE302B4300F47C30184340F00100536A9847D6
S3150000AE40FFF784FF90B961782078F9F7FFFC0C4B87
S3150000AE501A78044622B12046BDE83840FFF776BF8F
S3150000AE6001221A70F9F73EFDF5E7222038BD2120B0
S3150000AE70FCE700BF587621083C0300000005EA06FF
S3150000AE8014EF010070B5044616460D4691B188B11F
S3150000AE900A4B984210D1531EB3F5FA4F0CD2FFF766
S3150000AEA05FFF40B9A369314628469847BDE8704020
S3150000AEB0FFF74CBF222070BD2120FCE75876210801
S3150000AEC070B5044616460D4679B170B1094B9842E5
S3150000AED00DD162B1FFF744FF40B963693146284698
S3150000AEE09847BDE87040FFF731BF222070BD212092
S3150000AEF0FCE700BF5876210810B5034660B159B18A
S3150000AF00084A90420AD1084C22684AB9074A106892
S3150000AF1030B92160136010BD2220FCE72120FAE73A
S3150000AF200420F8E7587621081CEF010018EF01000D
S3150000AF3030B1012806D00228034818BF0020704708
S3150000AF40024870470248704700000424000001448C
S3150000AF500000044707B5002301A80193FDF768FF29
S3150000AF60019B0B4A934210D80A4883428CBF0320A8
S3150000AF70022042F21072B3FBF2F34FF4FA6253432B
S3150000AF80B3FBF0F003B05DF804FB0420F1E700BF6B
S3150000AF90FF94BA0A7F4A5D05044BDB690A46D3F87B
S3150000AFA0DC3001464FF08C40184700BF00013000EE
S3150000AFB00E4B984209D10E4B4FF48062C3F88420A1
S3150000AFC0BFF34F8FBFF36F8F70470A4B984203D181
S3150000AFD0074B4FF00052F1E7074B9842F4D1044B70
S3150000AFE04FF40052C3F88020EAE700BF0000014496
S3150000AFF000E100E00000044700000424114B9842E1
S3150000B00010B5044619D0104B984218D00F48211A93
S3150000B010484248414000E36A5A0612D5D4F88030C7
S3150000B0205B0704D00A4B062153F820309847636D1E
S3150000B0302046BDE81040FFF7BBBF0020EBE701202C
S3150000B040E9E710BD000001440000044700000424A5
S3150000B05080EF01002DE9FF4104460D46002960D02E
S3150000B06002285ED80A78012A5BD84E78731E032B15
S3150000B07057D891F802E0BEF1010F52D83D4F57F86C
S3150000B0802010002973D1DFF808818DF80C6008EBD9
S3150000B09040134FEA401C8DF8042008F80C009E70FF
S3150000B0A083F803E05A70FFF743FF334B9842064696
S3150000B0B03BD103F1604303F5613310229A6001200E
S3150000B0C0FFF76AFF6B78033B012B48D8022C48D167
S3150000B0D02A4B1B6AD3F8008000231A4601214FF041
S3150000B0E08C40C047002326481A460621FEF7BAFBC5
S3150000B0F06B78013B012B34D8224B5B6802936B685B
S3150000B10047F8243001A9304600F004FCAB78012B47
S3150000B1102BD1A31E5C425C4168460094FFF70AF8F7
S3150000B12018B30F2004B0BDE8F081174B984207D141
S3150000B13003F15D4303F5044310229A600121BEE743
S3150000B140124B9842BED103F504434FF080725A6405
S3150000B1500A4B0B481B6A01229B6B9847B2E7022CED
S3150000B160C6D002A8FDF764FEC9E70020DAE70D2085
S3150000B170D8E700BF80EF0100000001440001300065
S3150000B1800014042464E001000000044700000424C5
S3150000B19020EF0100022808B513D8FFF7C9FEC36ED9
S3150000B1A06FF30003C366C36B61F30703C363836B6B
S3150000B1B062F307038363C36E43F00103C366002093
S3150000B1C008BD0F20FCE70000F8B50646002A68D047
S3150000B1D0022866D8B1F5806F63D2334CFFF7A8FE1C
S3150000B1E0770104EB46160546707800F0FF0658B95D
S3150000B1F068687F2994BF66F30C3040F4805068601D
S3150000B200686861F3090068603C446260002262611C
S3150000B210E360E668771E63699E4201D8002011E06C
S3150000B2206378012B19D16B6B58060CD4FFF792FE8D
S3150000B2306B6B990603D4431E01281846F8D80128DB
S3150000B24003D81020F8BD6B6DEDE762686369591C81
S3150000B2506161D35C2B612B6DDDE76369BB421AD15B
S3150000B260237F6268C3B96369591C6161D35C43F487
S3150000B27000732B61FFF76EFE2B6F5A0703D4431E34
S3150000B28001281846F8D80128DBD96B6B5B06C2D5B6
S3150000B2906B6D0620D6E762686369591C6161D35CF1
S3150000B2A0E7E70F20CEE700BF20EF010002289FBF8F
S3150000B2B0034B03EB40130020197788BF0F2070471C
S3150000B2C020EF010037B5027943798DF8013001216D
S3150000B2D003788DF800200446042A40788DF8021081
S3150000B2E08DF804308DF805008DF8061001D0042B7A
S3150000B2F037D13C4B4FF080725A64012000F05EF962
S3150000B3002579042D2DD1607900F08AF9237A022B54
S3150000B3101FD1A27961790123284600F0B3F860793C
S3150000B320012100F087F92578042D3ED1607800F0E0
S3150000B33077F9237A022B30D1A27861780123284647
S3150000B34000F0A0F86078012100F074F9002003B045
S3150000B35030BDE07900F0F4F8A1796846FFF72CFCDF
S3150000B360DDE7237A0098012B9EBF1E4B10229A60C0
S3150000B370FFF7B4FB237AA279012B09D861792079EA
S3150000B380012300F07FF86079012100F00DF9CAE78A
S3150000B39011466846FFF738FCF5E7E07800F0D0F88C
S3150000B3A0A17901A8FFF708FCCCE7237A0198012BC5
S3150000B3B09EBF0C4B10229A60FFF790FB237AA2786F
S3150000B3C0012B09D861782078012300F05BF86078BA
S3150000B3D0012100F0E9F8B9E7114601A8FFF714FCCE
S3150000B3E0F5E700BF008404240148FFF707BE00BF4D
S3150000B3F0000001440148FFF701BE00BF00000447FA
S3150000B4000148FFF7FBBD00BF00000424032809D84C
S3150000B41001EB0011090101F18C4101F5981101239D
S3150000B4204B607047042805D1090101F1105101F55F
S3150000B4309821F4E7034B89005A5842F020025A50EB
S3150000B440704700BF1C860424032809D801EB0011AD
S3150000B450090101F18C4101F5981100234B607047F9
S3150000B460042805D1090101F1105101F59821F4E7ED
S3150000B470034B89005A586FF345125A50704700BF64
S3150000B4801C86042470B506460C4672B9042820D1E1
S3150000B49014480901455862F3850545502146304652
S3150000B4A0E3B1BDE87040FFF7B1BF02F00F056BB125
S3150000B4B0FFF7ACFF042E16BF04EB0614094B0A4B2C
S3150000B4C024011A5965F385021A5170BDFFF7BCFFB6
S3150000B4D0F0E701EB001109010348DBE7BDE8704026
S3150000B4E0FFF7B2BF00C0042400001346032802F091
S3150000B4F0010208D80A4B01EB00110901585862F302
S3150000B500000058507047042801D1064BF5E7064B5A
S3150000B51089000B44596862F304115960704700BFF3
S3150000B5200000134600C0042418860424034B03EBD2
S3150000B5308000036843F01003036070470040004634
S3150000B5401528094A4FF0010307D9D2F818161638FC
S3150000B55083400B43C2F818367047D2F81016834062
S3150000B5600B43C2F81036704700003041A0F11903B2
S3150000B570052B09D8054B20225A60054A0C38516C18
S3150000B580012383400B435364704700BF00003041E2
S3150000B59000800046034B03EB8000036861F3010360
S3150000B5A00360704700400046034B03EB80000368CE
S3150000B5B061F38713036070470040004650B94FF0AF
S3150000B5C08C431A6942F480321A619A6842F4001276
S3150000B5D09A607047044B1A6842F480421A601A68EF
S3150000B5E042F480121A60704700140424034BC00012
S3150000B5F01A5842F001021A50704700BF441213460F
S3150000B60001F5127104284FEAC1010BBF01F1105177
S3150000B61001F18C4101F5982101F5981148687047B0
S3150000B620034A0123916883400B439360704700BF30
S3150000B63000A0042403280A4B01F0030104D81A6869
S3150000B64061F387121A6070470438032803D81A6812
S3150000B65061F38F32F6E75A6861F387125A607047D2
S3150000B66000A00424034B80001A5861F302021A500A
S3150000B670704700BF1C860424034B80001A5861F3F0
S3150000B680C3021A50704700BF1C860424034B800077
S3150000B6901A5861F304121A50704700BF1C8604241E
S3150000B6A0014B40009860704700000812024A0223CE
S3150000B6B083409360704700BF00000812024BD868B1
S3150000B6C0C0F34400704700BF00000812024BC000E0
S3150000B6D0185800F00100704704D20424034BC00040
S3150000B6E01A5842F001021A50704700BF04D20424CF
S3150000B6F0034BC0001A5842F001021A50704700BFAF
S3150000B70044D2042470470000C36E43F00103C366AD
S3150000B710C36E6FF30003C3660023036003634360D5
S3150000B72083600E4B984209D10D4B4FF48062C3F8EB
S3150000B7308420BFF34F8FBFF36F8F7047094B98423A
S3150000B74003D1074B4FF00052F1E7074B9842F4D173
S3150000B750034B4FF40052C3F88020EAE7000001448F
S3150000B76000E100E00000044700000424000000009F
S3150000B770591E38B5644DB2FBF5F5044603296DD85C
S3150000B780DFE801F002224B222368012262F3420322
S3150000B7904FF47A716422236001FB05F3B3FBF2F3E5
S3150000B7A041F25C220F3B6A43B2FBF1F2934290B244
S3150000B7B055D91B1AA26960F30F02A26162699BB296
S3150000B7C063F30F02626149E02168022060F34201DF
S3150000B7D0042B216049D04FF47A714FF4C87201FBF3
S3150000B7E005F3B3FBF2F340F232520F3B6A43B2FB6E
S3150000B7F0F1F2934290B2226A60F30F0298BF4FF4BF
S3150000B80091632262E26996BF6B431B1AB3FBF1F3A5
S3150000B8109BB263F30F02E26120E0236843F0060364
S3150000B8202360D4F8A430012262F30703C4F8A430DD
S3150000B830A123A16A4FF47A726B43B3FBF2F30E3B7A
S3150000B8409BB263F30F01A16284236B43B3FBF2F354
S3150000B850626A113B9BB263F30F02626238BD41F22A
S3150000B86050436B43B3FBF1F3A4E7D4F8A0300120B7
S3150000B87060F30703C4F8A030A5F120032F2B26D8C8
S3150000B880284600F0D5F91AA3D3E9002300F04AFAB6
S3150000B89019A3D3E9002300F08DF800F0DDFCC0B257
S3150000B8A04FF4FA735D434FF47A73B5FBF3F5ADB21B
S3150000B8B06B1E226A1B1A9BB263F30F022262083DBB
S3150000B8C0E3692D1AADB265F30F03E361C6E70F4BCB
S3150000B8D09A42E5D9284600F0ABF909A3D3E900233B
S3150000B8E000F020FA0A4B002200F066F8D5E700BF08
S3150000B8F0736891ED7C3FB53F666666666666FA3F9D
S3150000B9009A9999999999A93F40420F00FFB3C404A7
S3150000B9100000F03F10B5C36E6FF30003C366FFF778
S3150000B920F3FE0B780446FBB9036843F0010303609A
S3150000B930036843F040032360236843F02003236039
S3150000B940236B23F010032363144B9C4216D1144B34
S3150000B9504FF48062C3F884210B7A4A68204600219E
S3150000B960BDE81040FFF704BF012BE5D103686FF374
S3150000B9700003036003686FF38613DCE7094B9C4200
S3150000B98003D1074B4FF00052E4E7074B9C4202BF3E
S3150000B990034B4FF40052C3F88021DDE70000014459
S3150000B9A000E100E0000004470000042481F00041AB
S3150000B9B002E000BF83F0004330B54FEA41044FEA8E
S3150000B9C0430594EA050F08BF90EA020F1FBF54EA29
S3150000B9D0000C55EA020C7FEA645C7FEA655C00F0C5
S3150000B9E0E2804FEA5454D4EB5555B8BF6D420CDD96
S3150000B9F02C4480EA020281EA030382EA000083EA19
S3150000BA00010180EA020281EA0303362D88BF30BDB8
S3150000BA1011F0004F4FEA01314FF4801C4CEA11310E
S3150000BA2002D0404261EB410113F0004F4FEA03336D
S3150000BA304CEA133302D0524263EB430394EA050FF8
S3150000BA4000F0A780A4F10104D5F1200E0DDB02FA67
S3150000BA500EFC22FA05F2801841F1000103FA0EF2FB
S3150000BA60801843FA05F359410EE0A5F120050EF1C1
S3150000BA70200E012A03FA0EFC28BF4CF0020C43FAF2
S3150000BA8005F3C01851EBE37101F0004507D54FF0FF
S3150000BA90000EDCF1000C7EEB00006EEB0101B1F54F
S3150000BAA0801F1BD3B1F5001F0CD349085FEA300095
S3150000BAB04FEA3C0C04F101044FEA445212F5800FA0
S3150000BAC080F09A80BCF1004F08BF5FEA500C50F13D
S3150000BAD0000041EB045141EA050130BD5FEA4C0C20
S3150000BAE0404141EB0101013C28BFB1F5801FE9D27D
S3150000BAF091F0000F04BF01460020B1FA81F308BFA0
S3150000BB002033A3F10B03B3F120020CDA0C3208DD6B
S3150000BB1002F1140CC2F10C0201FA0CF021FA02F146
S3150000BB200CE002F11402D8BFC2F1200C01FA02F1B6
S3150000BB3020FA0CFCDCBF41EA0C019040E41AA2BFDB
S3150000BB4001EB0451294330BD6FEA04041F3C1CDAA3
S3150000BB500C340EDC04F11404C4F1200220FA04F0C3
S3150000BB6001FA02F340EA030021FA04F345EA03016D
S3150000BB7030BDC4F10C04C4F1200220FA02F001FA2F
S3150000BB8004F340EA0300294630BD21FA04F02946B1
S3150000BB9030BD94F0000F83F4801306BF81F480114A
S3150000BBA00134013D4EE77FEA645C18BF7FEA655CBD
S3150000BBB029D094EA050F08BF90EA020F05D054EA8F
S3150000BBC0000C04BF1946104630BD91EA030F1EBF94
S3150000BBD00021002030BD5FEA545C05D14000494198
S3150000BBE028BF41F0004130BD14F580043CBF01F58B
S3150000BBF0801130BD01F0004545F0FE4141F4700171
S3150000BC004FF0000030BD7FEA645C1ABF194610464B
S3150000BC107FEA655C1CBF0B46024650EA013406BF4C
S3150000BC2052EA033591EA030F41F4002130BD00BF0B
S3150000BC3090F0000F04BF0021704730B54FF48064C8
S3150000BC4004F132044FF000054FF0000150E700BF49
S3150000BC5090F0000F04BF0021704730B54FF48064A8
S3150000BC6004F1320410F0004548BF40424FF0000195
S3150000BC703EE700BF42004FEAE2014FEA31014FEAD8
S3150000BC8002701FBF12F07F4393F07F4F81F0605127
S3150000BC90704732F07F4208BF704793F07F4F04BF72
S3150000BCA041F40021704730B54FF4607401F000454F
S3150000BCB021F000411CE700BF50EA010208BF7047AF
S3150000BCC030B54FF000050AE050EA010208BF7047A0
S3150000BCD030B511F0004502D5404261EB41014FF409
S3150000BCE0806404F132045FEA915C3FF4D8AE4FF011
S3150000BCF003025FEADC0C18BF03325FEADC0C18BFF4
S3150000BD00033202EBDC02C2F1200300FA03FC20FA44
S3150000BD1002F001FA03FE40EA0E0021FA02F1144491
S3150000BD20BDE600BF70B54FF0FF0C4CF4E06C1CEAAA
S3150000BD3011541DBF1CEA135594EA0C0F95EA0C0F1B
S3150000BD4000F0DEF82C4481EA030621EA4C5123EA8E
S3150000BD504C5350EA013518BF52EA033541F48011BD
S3150000BD6043F4801338D0A0FB02CE4FF00005E1FB70
S3150000BD7002E506F00042E0FB03E54FF00006E1FBBA
S3150000BD8003569CF0000F18BF4EF0010EA4F1FF04FD
S3150000BD90B6F5007F64F5407404D25FEA4E0E6D413D
S3150000BDA046EB060642EAC62141EA55514FEAC5204E
S3150000BDB040EA5E504FEACE2EB4F1FD0C88BFBCF5CA
S3150000BDC0E06F1ED8BEF1004F08BF5FEA500E50F17B
S3150000BDD0000041EB045170BD06F0004646EA010141
S3150000BDE040EA020081EA0301B4EB5C04C2BFD4EB73
S3150000BDF00C0541EA045170BD41F480114FF0000E6C
S3150000BE00013C00F3AB8014F1360FDEBF002001F0D9
S3150000BE10004170BDC4F10004203C35DA0C341BDC53
S3150000BE2004F11404C4F1200500FA05F320FA04F025
S3150000BE3001FA05F240EA020001F0004221F0004159
S3150000BE4010EBD37021FA04F642EB06015EEA430ECC
S3150000BE5008BF20EAD37070BDC4F10C04C4F12005FC
S3150000BE6000FA04F320FA05F001FA04F240EA0200AF
S3150000BE7001F0004110EBD37041F100015EEA430E80
S3150000BE8008BF20EAD37070BDC4F1200500FA05F2A0
S3150000BE904EEA020E20FA04F301FA05F243EA02031F
S3150000BEA021FA04F001F0004121FA04F220EA02002E
S3150000BEB000EBD3705EEA430E08BF20EAD37070BD74
S3150000BEC094F0000F0FD101F00046400041EB010154
S3150000BED011F4801F08BF013CF7D041EA060195F036
S3150000BEE0000F18BF704703F00046520043EB0303F0
S3150000BEF013F4801F08BF013DF7D043EA06037047DD
S3150000BF0094EA0C0F0CEA135518BF95EA0C0F0CD0E7
S3150000BF1050EA410618BF52EA4306D1D181EA03012D
S3150000BF2001F000414FF0000070BD50EA410606BF27
S3150000BF301046194652EA430619D094EA0C0F02D16C
S3150000BF4050EA013613D195EA0C0F05D152EA0336B1
S3150000BF501CBF104619460AD181EA030101F00041CF
S3150000BF6041F0FE4141F470014FF0000070BD41F018
S3150000BF70FE4141F4780170BD70B54FF0FF0C4CF4F2
S3150000BF80E06C1CEA11541DBF1CEA135594EA0C0F11
S3150000BF9095EA0C0F00F0A7F8A4EB050481EA030E5E
S3150000BFA052EA03354FEA013100F088804FEA033345
S3150000BFB04FF0805545EA131343EA12634FEA022213
S3150000BFC045EA111545EA10654FEA00260EF00041D4
S3150000BFD09D4208BF964244F1FD0404F5407402D226
S3150000BFE05B084FEA3202B61A65EB03055B084FEAB7
S3150000BFF032024FF480104FF4002CB6EB020E75EBB4
S3150000C000030E22BFB61A754640EA0C005B084FEADB
S3150000C0103202B6EB020E75EB030E22BFB61A754658
S3150000C02040EA5C005B084FEA3202B6EB020E75EBA3
S3150000C030030E22BFB61A754640EA9C005B084FEA1B
S3150000C0403202B6EB020E75EB030E22BFB61A754628
S3150000C05040EADC0055EA060E18D04FEA051545EA17
S3150000C06016754FEA06164FEAC30343EA52734FEAC0
S3150000C070C2025FEA1C1CC0D111F4801F0BD141EA39
S3150000C08000014FF000004FF0004CB6E711F4801F9E
S3150000C09004BF01430020B4F1FD0C88BFBCF5E06F7E
S3150000C0A03FF6AFAEB5EB030C04BFB6EB020C5FEA8E
S3150000C0B0500C50F1000041EB045170BD0EF0004EE3
S3150000C0C04EEA113114EB5C04C2BFD4EB0C0541EA15
S3150000C0D0045170BD41F480114FF0000E013C90E612
S3150000C0E045EA060E8DE60CEA135594EA0C0F08BFD6
S3150000C0F095EA0C0F3FF43BAF94EA0C0F0AD150EAD5
S3150000C10001347FF434AF95EA0C0F7FF425AF104667
S3150000C11019462CE795EA0C0F06D152EA03353FF48F
S3150000C120FDAE1046194622E750EA410618BF52EA0C
S3150000C13043067FF4C5AE50EA41047FF40DAF52EAE0
S3150000C14043057FF4EBAE12E74FF0FF3C06E000BF7D
S3150000C1504FF0010C02E000BF4FF0010C4DF804CD8A
S3150000C1604FEA410C7FEA6C5C4FEA430C18BF7FEA4A
S3150000C1706C5C1BD001B050EA410C0CBF52EA430C78
S3150000C18091EA030F02BF90EA020F0020704710F1F8
S3150000C190000F91EA030F58BF994208BF90422CBF87
S3150000C1A0D8176FEAE37040F0010070474FEA410C80
S3150000C1B07FEA6C5C02D150EA013C07D14FEA430C9E
S3150000C1C07FEA6C5CD6D152EA033CD3D05DF8040B0F
S3150000C1D0704700BF8446104662468C461946634641
S3150000C1E000E000BF01B5FFF7B7FF002848BF10F118
S3150000C1F0000F01BD4DF808EDFFF7F4FF0CBF01205D
S3150000C20000205DF808FB00BF4DF808EDFFF7EAFFD8
S3150000C21034BF012000205DF808FB00BF4DF808ED93
S3150000C220FFF7E0FF94BF012000205DF808FB00BF88
S3150000C2304DF808EDFFF7CEFF94BF012000205DF812
S3150000C24008FB00BF4DF808EDFFF7C4FF34BF01201F
S3150000C25000205DF808FB00BF4A0011D212F500125B
S3150000C26011D20DD56FF47873B3EB62520ED44FEA48
S3150000C270C12343F0004343EA505323FA02F07047C8
S3150000C2804FF00000704750EA013002D14FF0FF3006
S3150000C29070474FF0000070472DE9F04F89B0DDE997
S3150000C2A01598002B1D461446BCBF03F100431446E7
S3150000C2B028F0200A149AB6BF1D4600232D23BAF192
S3150000C2C0460FDDE9126B137005D0BAF1450F00D1A8
S3150000C2D00136022300E0032307AA049206AACDE949
S3150000C2E00292CDE9003622462B4600F0A1FFB8F1B6
S3150000C2F0670F074619D11BF0010F0ED007EB060892
S3150000C3000022002320462946FFF774FF08B1CDF826
S3150000C3101C803022079B434521D3079B179ADB1BC2
S3150000C3203846136009B0BDE8F08FB8F1470FE2D088
S3150000C330BAF1460F00EB0608E2D10378302B0AD19A
S3150000C3400022002320462946FFF754FF18B9C6F1FC
S3150000C3500106C9F80060D9F800309844D0E7591CA6
S3150000C36007911A70D6E7F7B50029BABF49422D23BF
S3150000C3702B2309290270437029DD0DF107031D46A1
S3150000C3800A271A46B1FBF7F607FB1614303402F8F3
S3150000C390014C0C46632C03F1FF333146F1DC30319E
S3150000C3A0941E03F8011C411C2346AB420AD30DF12F
S3150000C3B009039B1AAC4288BF002302330344181AB0
S3150000C3C003B0F0BD13F8016B01F8016FEDE7302300
S3150000C3D030318370C170031DF1E700002DE9F04F85
S3150000C3E091B00C46DDF8688016461F46054600F0FB
S3150000C3F0D7FD03680893184600F088FE00230E93C5
S3150000C400D8F800300990073323F0070303F1080238
S3150000C41094F818A0D4F800B0C8F80020D3E9008931
S3150000C42029F000430B93CDF82880C4E91289DDE991
S3150000C4300A019C4B4FF0FF3202F0E2FC70BBDDE9D3
S3150000C4400A01984B4FF0FF32FFF7E8FE30BB00229F
S3150000C450002340464946FFF7D7FE10B12D2384F846
S3150000C4604330914A914BBAF1470F94BF9046984694
S3150000C470032323612BF0040323604FF00009009788
S3150000C48033460FAA2146284600F0DEF9013040F077
S3150000C49099804FF0FF3011B0BDE8F08F42464B4611
S3150000C4A04046494602F0ACFC40B14B46002BBCBFAF
S3150000C4B02D2384F843307E4A7E4BD4E763685A1CAA
S3150000C4C029D1062363604BF4806300222360069221
S3150000C4D00EAACDE904A20DAA03920DF13302CDE90D
S3150000C4E001326368009342464B462846FFF7D4FE66
S3150000C4F0BAF1670F0D99804615D1CB1C3BDB6368FB
S3150000C500994238DC0E9B994255DB23682161D80796
S3150000C51045D54B1C42E00AF0DF02472AD3D1002B57
S3150000C520D1D10123CEE7BAF1470F07D1C81C25DBCD
S3150000C53063688B4222DB4FF0670AE3E7BAF1650FC7
S3150000C5401FD80139524604F150000D91FFF70BFF39
S3150000C5500E9A1318012A8146236102DC2268D2074B
S3150000C56001D5013323619DF83330002B87D02D236D
S3150000C57084F8433083E74FF0650AE2E74FF0450A57
S3150000C580DFE7BAF1660FBDD1002963680BDD2161D3
S3150000C59013B92268D00702D501330B442361A16584
S3150000C5A04FF00009DFE713B92268D20701D502333D
S3150000C5B0F4E70123F2E70029D4BFC1F10202012208
S3150000C5C01344EBE723685A0507D4236942463146EC
S3150000C5D02846B84701302BD15BE7BAF1650F40F228
S3150000C5E0DC80D4E9120100220023FFF703FE0028B5
S3150000C5F033D0314A012331462846B84701303FF44B
S3150000C60048AFDDE90D38434502DB2368D8070FD56F
S3150000C610DDE9082331462846B84701303FF439AFF3
S3150000C6204FF0000908F1FF3804F11A0AC84509DC81
S3150000C63023689B0700F10281E0680F9B9842B8BF10
S3150000C640184628E70123524631462846B8470130A6
S3150000C6503FF41FAF09F10109E8E70D9B002B38DC19
S3150000C660154A012331462846B84701303FF411AF39
S3150000C670DDE90D3959EA030302D12368D907D7D575
S3150000C680DDE9082331462846B84701303FF401AFBB
S3150000C6904FF0000A04F11A0B0D9B5B4253450DDC6B
S3150000C6A04B4693E7FFFFEF7FB0772108B477210869
S3150000C6B0B8772108BC772108C077210801235A469C
S3150000C6C031462846B84701303FF4E3AE0AF1010A85
S3150000C6D0E2E7A36DDDF838A05345A8BF5346002B0B
S3150000C6E0994636DC4FF0000B29EAE97904F11A0283
S3150000C6F0A36D0A93A3EB09035B4531DC0D9B9A45B9
S3150000C7003ADC2368DA0737D40D9BAAEB03090A9BA8
S3150000C710AAEB03039945A8BF9946B9F1000F33DC8C
S3150000C7204FF0000829EAE97904F11A0B0D9BAAEBF0
S3150000C7300303A3EB090343457FF77AAF01235A4668
S3150000C74031462846B84701303FF4A3AE08F1010848
S3150000C750ECE7424631462846B8470130C2D198E652
S3150000C7600123314628460A92B84701303FF491AE7C
S3150000C7700A9A0BF1010BBBE7DDE90823314628468F
S3150000C780B8470130C0D184E60A9A4B464244314646
S3150000C7902846B8470130C3D17BE6DDF838A0BAF1A8
S3150000C7A0010F01DCDB0736D5012342463146284618
S3150000C7B0B84701303FF46DAEDDE90823314628461F
S3150000C7C0B84701303FF465AED4E9120100220023D8
S3150000C7D00AF1FF3AFFF70EFDC0B9534608F1010210
S3150000C7E031462846B84701300CD152E601235A4655
S3150000C7F031462846B84701303FF44BAE08F10108F0
S3150000C800D045F3DB4B4604F15002E0E64FF000085A
S3150000C81004F11A0BF4E701234246E1E701234A46F5
S3150000C82031462846B84701303FF433AE08F10108D7
S3150000C830E3680F995B1A4345F0DCFDE64FF000080C
S3150000C84004F11909F4E700BF2DE9F04716469846AA
S3150000C8508A680B69DDF820909342B8BF13463360AF
S3150000C86091F8432007460C460AB10133336023682A
S3150000C870990642BF336802333360256815F0060512
S3150000C88006D104F1190AE36832689B1AAB4226DC2A
S3150000C89094F843302268003B18BF012392062BD43C
S3150000C8A004F1430241463846C84701301ED023688A
S3150000C8B0226903F00603042B02BFE5683368ED1A0C
S3150000C8C0A3680CBF25EAE57500259342C4BF9B1AF1
S3150000C8D0ED1800261A34B5421AD1002008E00123CB
S3150000C8E0524641463846C847013003D14FF0FF3023
S3150000C8F0BDE8F0870135C6E7E1185A1C302081F8FB
S3150000C9004300224494F8451082F843100233C7E7E7
S3150000C9100123224641463846C8470130E6D0013653
S3150000C920D9E700002DE9FF470F7E0C9E782F914630
S3150000C93080460C469A4601F1430207D8622F0AD870
S3150000C940002F00F0DD80582F00F0C38004F142066E
S3150000C95084F842703AE0A7F16303152BF6D801A1DB
S3150000C96051F823F0BDD92008D1D920084DD9200887
S3150000C9704DD920084DD920084DD92008D1D92008F5
S3150000C9804DD920084DD920084DD920084DD9200869
S3150000C990E7DA20085FDA20089FDA20084DD9200858
S3150000C9A04DD9200809DB20084DD920085FDA200878
S3150000C9B04DD920084DD92008A7DA200833681A1D5A
S3150000C9C01B68326004F1420684F842300123A8E075
S3150000C9D031682368081D30601E0601D50D6803E026
S3150000C9E05D06FBD5B1F900506168002D78DA2D207F
S3150000C9F0002984F84300A1602DDA5E486D420A23BF
S3150000CA001646B5FBF3F103FB1157C75D06F8017D2A
S3150000CA102F46BB420D46F4D9082B0BD12368DF07FE
S3150000CA2008D5236961689942DEBF302306F8013CC8
S3150000CA3006F1FF36921B2261CDF800A04B4603AAF1
S3150000CA4021464046FFF700FF01306FD14FF0FF301F
S3150000CA5004B0BDE8F08723F004032360CDE7216826
S3150000CA603368080653F8045B02D4490648BFADB2E2
S3150000CA706F2F4048336014BF0A230823002184F82F
S3150000CA8043106668A660002EBADB216821F0040117
S3150000CA902160002DB4D1002EB2D11646BCE7236822
S3150000CAA043F0200323603448782784F845702368D0
S3150000CAB031681F0651F8045B02D45F0648BFADB269
S3150000CAC03160D90744BF43F0200323601DB1102312
S3150000CAD0D4E72848E9E7236823F020032360F6E734
S3150000CAE024480A23CDE7336825686169181D30603C
S3150000CAF02E061B6801D5196002E06806FBD5198071
S3150000CB0000232361164697E733681A1D32601E68B4
S3150000CB1062680021304600F09BFA08B1801B606015
S3150000CB2063682361002384F8433085E7236932462E
S3150000CB3049464046D047013088D023689B0714D425
S3150000CB40E068039B9842B8BF184681E70123324646
S3150000CB5049464046D04701303FF478AF0135E36897
S3150000CB6003995B1AAB42F1DCEAE7002504F11906EA
S3150000CB70F5E700BFC2772108D3772108002310B557
S3150000CB800446C0E90033C0E904338360818143660B
S3150000CB90C2818361194608225C3000F0F9F90D4B19
S3150000CBA063620D4BA3620D4BE3620D4B23630D4B8A
S3150000CBB024629C4206D003F16802944202D0D0332C
S3150000CBC09C4205D104F15800BDE8104000F038BA87
S3150000CBD010BD00BFE1DD200803DE20083BDE200893
S3150000CBE05FDE20088CEF0100024A0349034800F08B
S3150000CBF069B800BF4C0300000DFB20085C03000071
S3150000CC0041680C4B994210B5044601D001F07EFFF5
S3150000CC10A168094B994202D0204601F077FFE168EE
S3150000CC20064B994204D02046BDE8104001F06EBF85
S3150000CC3010BD00BF8CEF0100F4EF01005CF00100B5
S3150000CC4010B50B4B0B4C0C4A1A60204600220421EF
S3150000CC50FFF794FF04F1680001220921FFF78EFF18
S3150000CC6004F1D0000222BDE810401221FFF786BF72
S3150000CC70C4F001008CEF0100E9DB2008014800F058
S3150000CC80E0B900BFCDF00100014800F0DBB900BFFC
S3150000CC90CDF0010010B50446FFF7F0FF236A1BB183
S3150000CCA0BDE81040FFF7F0BF044B2362044B1B683E
S3150000CCB0002BF5D1FFF7C4FFF2E700BF01DC200827
S3150000CCC0C4F001002DE9F8430746884614460026BD
S3150000CCD0D4E90195B9F1010905D52468002CF7D1ED
S3150000CCE03046BDE8F883AB89012B07D9B5F90E307C
S3150000CCF0013303D029463846C04706436835E9E77D
S3150000CD000FB407B5064904AB086853F8042B8168CD
S3150000CD10019301F05FFD03B05DF804EB04B07047CA
S3150000CD2058030000036A70B5846805460E460BB9C1
S3150000CD30FFF7B0FF636EDB0705D4A389980502D41D
S3150000CD40A06D00F07EF9A389190702D52369002B8F
S3150000CD5035D12146284600F0C5F880B34FF0FF359F
S3150000CD60636EDA0705D4A3899B0502D4A06D00F093
S3150000CD7069F9284670BD002B15DB23685A1C226012
S3150000CD801970A36816F8011F013BA3600029F2D1B0
S3150000CD90002B16DA22460A21284600F064F80130F4
S3150000CDA0DCD00A25DCE7A2699A4201DC0A29E4D133
S3150000CDB02246284600F057F80130E2D1CEE7013E80
S3150000CDC0DFE723685A1C22600A221A70E9E700008E
S3150000CDD0024B01461868FFF7A5BF00BF58030000C5
S3150000CDE010B50C46B1F90E1000F000F90028ABBFE3
S3150000CDF0636DA3891B1823F48053ACBF6365A381BD
S3150000CE0010BD2DE9F0411F468B89DB0505460C4612
S3150000CE10164605D5B1F90E100223002200F0D4F80B
S3150000CE20A389B4F90E1023F48053A38132463B46FE
S3150000CE302846BDE8F04100F0EBB810B50C46B1F954
S3150000CE400E1000F0C1F8431CA38915BF606523F4DA
S3150000CE50805343F48053A38118BFA38110BDB1F959
S3150000CE600E1000F0A1B8F8B50E461446054618B1E6
S3150000CE70036A0BB9FFF70EFFA369A360A3891A071C
S3150000CE8001D5236943B92146284600F02BF818B18D
S3150000CE904FF0FF373846F8BD23682269981A636950
S3150000CEA0F6B28342374605DC2146284601F02EFEBF
S3150000CEB00028EDD1A368013BA36023685A1C2260B9
S3150000CEC01E706269431C9A4204D0A389DB07E1D530
S3150000CED00A2EDFD12146284601F018FE0028D9D0B7
S3150000CEE0D6E7000038B5294B054618680C4618B138
S3150000CEF0036A0BB9FFF7CEFEB4F90C30190722D43A
S3150000CF00DA0607D409222A6043F04003A3814FF0D2
S3150000CF10FF3033E0580712D5616B41B104F1440389
S3150000CF20994202D0284600F0ADFF00236363A3892F
S3150000CF3023F02403A3810023636023692360A3896C
S3150000CF4043F00803A38123694BB9A38903F4207333
S3150000CF50B3F5007F03D02146284601F025FEB4F93B
S3150000CF600C3013F001020AD00022A260626952421C
S3150000CF70A261226942B913F08000C5D138BD990774
S3150000CF8058BF6269A260F4E70020F7E75803000083
S3150000CF9002440346934200D1704703F8011BF9E7A8
S3150000CFA0004870479804000038B5064D0023044633
S3150000CFB008462B60F7F702FA431C02D12B6803B12F
S3150000CFC0236038BDC8F0010038B5074D0446084651
S3150000CFD0114600222A601A46F7F7FAF9431C02D1D5
S3150000CFE02B6803B1236038BDC8F0010038B5074D82
S3150000CFF004460846114600222A601A46F7F7EAF95F
S3150000D000431C02D12B6803B1236038BDC8F0010070
S3150000D01038B5074D04460846114600222A601A46CE
S3150000D020F7F7AAF9431C02D12B6803B1236038BD78
S3150000D030C8F00100014B1868704700BF5803000094
S3150000D04070477047704700000000000000000000B5
S3150000D05001F0FF01102A2BDB10F0070F08D010F8A3
S3150000D060013B013A8B422DD010F0070F42B3F6D1A7
S3150000D070F0B441EA012141EA014122F007047FF0C0
S3150000D08000070023F0E80256083C85EA010586EA17
S3150000D090010685FA47F5A3FA87F586FA47F6A5FA53
S3150000D0A087F68EB9EED1F0BC01F0FF0102F007025F
S3150000D0B032B110F8013B013A83EA010313B1F8D10A
S3150000D0C00020704701387047002D06BF35460338EB
S3150000D0D0073815F0010F07D1013015F4807F02BF24
S3150000D0E0013015F4C03F0130F0BC0138704700BF75
S3150000D0F00A44914200F1FF3300D1704710B511F890
S3150000D100014B03F8014F9142F9D110BD034613F8C4
S3150000D110012B002AFBD1181A013870472DE9F74F69
S3150000D12003690C69A34207467EDB013C01F1140842
S3150000D130A30000F11405009305EB8403019358F84E
S3150000D140243055F8242001339A4208EB8409B2FBB7
S3150000D150F3F62ED34FF0000AC446AE46D3465CF82B
S3150000D160043B98B206FB00A0020C1B0C06FB032333
S3150000D170DEF8002080B292B2121A5A44DEF800009D
S3150000D1804FEA134A9BB2C3EB224303EB104392B21E
S3150000D19042EA0342E1454EF8042B4FEA234BDED226
S3150000D1A0009BEB582BB9019B043B9D421A462FD39B
S3150000D1B03C61384601F0DCF9002825DB29460020D1
S3150000D1C058F8042BD1F800C01FFA82FE1FFA8CF320
S3150000D1D0A3EB0E030344120CC2EB234202EB1C42E8
S3150000D1E09BB243EA0243C14541F8043B4FEA224061
S3150000D1F0E6D255F8242005EB840322B9043B9D4270
S3150000D2001A460BD33C610136304603B0BDE8F08FB9
S3150000D2101268043B002ACBD1013CC6E71268043BE6
S3150000D220002AEFD1013CEAE70020EEE7000000000B
S3150000D2302DE9F04FC76997B014461D46CDE9044560
S3150000D240239E83467FB9102000F066FE0246CBF887
S3150000D2501C0020B9A64BEF21A64801F013FDC0E93A
S3150000D26001770760C760DBF81C30196859B15A6846
S3150000D2704A60012393408B60584600F03BFFDBF881
S3150000D2801C3000221A602B1EB9BF23F00043059301
S3150000D29000233360059F984BBCBF01223260BB431D
S3150000D2A019D1229A42F20F731360C7F31303234373
S3150000D2B000F0DE85249B53B9904B21E0904B0893F8
S3150000D2C00833249A1360089817B0BDE8F08F8B4B8B
S3150000D2D008930333F5E79DED047B002251EC170B11
S3150000D2E000238DED0C7BFEF785FF804650B1229A18
S3150000D2F001231360249B13B1249A824B1360824B43
S3150000D3000893E0E714AB019315AB00935846DDE9AB
S3150000D3100C2301F0DDF9C7F30A560390002E79D0ED
S3150000D3200D9BCDF84C80C3F31303DDE90C0143F0EC
S3150000D3307F5343F44013A6F2FF3619460022734B7F
S3150000D340FEF738FB64A3D3E90023FEF7EBFC64A3E6
S3150000D350D3E90023FEF730FB044630460D46FEF7C0
S3150000D36077FC61A3D3E90023FEF7DCFC02460B46FB
S3150000D37020462946FEF720FB04460D4601F056FDE1
S3150000D38000220746002320462946FEF73DFF40B10E
S3150000D3903846FEF75DFC22462B46FEF72BFF00B90A
S3150000D3A0013F162F53D85A4B03EBC703D3E900238B
S3150000D3B0DDE90C01FEF728FF00284AD0013F0023D3
S3150000D3C01293149B9B1B5A1E45BFC3F1010309937D
S3150000D3D0002300230A9254BF09930A93002F3ADBD5
S3150000D3E00A9B0F973B440A9300230B93209B092B20
S3150000D3F067D8052BC4BF043B2093209BA3F10203EF
S3150000D400CCBF00240124032B00F28680DFE803F062
S3150000D4102B383657DDE914631E4406F23243202BBF
S3150000D420C1BFC3F140039F4006F2124324FA03F33F
S3150000D430D6BFC3F1200347EA030004FA03F0FEF760
S3150000D440F7FB0122A1F1F873013E139275E7012360
S3150000D450B6E71290B5E7099BDB1B09937B420B935A
S3150000D46000230F93C2E700230E93219B002B56DC6B
S3150000D4700123069399461A4621920CE00123F3E70D
S3150000D48000230E93219BFB1803F1010906934B46DB
S3150000D490012BB8BF0123DBF81C000021042202F196
S3150000D4A014059D423FD94160584600F0E3FD0890BF
S3150000D4B000283BD1174B024640F2AF11CCE60123C0
S3150000D4C0DFE70124002320930E944FF0FF330693E9
S3150000D4D0994600221223CFE761436F63A787D23FA5
S3150000D4E0B3C8608B288AC63FFB799F501344D33F4D
S3150000D4F0F1772108087821080000F07FED772108F0
S3150000D500E4772108C1772108C07721080000F83F99
S3150000D510007921086178210801230E93D5E7219B24
S3150000D52006939946B7E701315200B8E7DBF81C309D
S3150000D530089A1A60B9F10E0F6FD8002C6DD0002F23
S3150000D54036DDA14B07F00F0203EBC20393ED007B20
S3150000D550F8058DED107B4FEA271417D59B4BDDE9B7
S3150000D5600C01D3E90823FEF707FDCDE9040104F019
S3150000D5700F044FF00308954D5CB9DDE91023DDE992
S3150000D5800401FEF7F9FCCDE904012BE04FF0020897
S3150000D590F1E7E10709D5DDE91001D5E90023FEF73A
S3150000D5A0C1FBCDE9100108F1010864100835E3E775
S3150000D5B000F007817C42844B844D04F00F0203EB9C
S3150000D5C0C203D3E90023DDE90C01FEF7ABFBCDE98D
S3150000D5D00401241100234FF00208002C40F0E580DE
S3150000D5E0002BD0D1129BDDE90445002B00F04B81C6
S3150000D5F0774B002220462946FEF706FE002800F05B
S3150000D6004281B9F1000F00F03E81069B002B00F32A
S3150000D610E380DDE90C34CDE90434159B002B02DBF5
S3150000D6200E2F40F341820E9A002A40F066820B9C30
S3150000D630DDF824800025B8F1000F0DD00A9B002BE1
S3150000D6400ADD4345099AA8BF4346D21A09920A9AA7
S3150000D650A8EB0308D31A0A930B9B0BB30E9B002B64
S3150000D66000F0A582002C00F0A082294622465846EA
S3150000D67000F0B8FE039A01460546584600F008FE3B
S3150000D68003990646584600F035FD0B9B1B1B0B9372
S3150000D69000F090820B9A3146584600F0A3FE0390A4
S3150000D6A00121584600F0DEFD0F9B0446002B00F0DA
S3150000D6B083821A460146584600F094FE209B012BB1
S3150000D6C0044603DC049B002B00F07B8200262369C2
S3150000D6D004EB8303186900F075FD0F96C0F1200076
S3150000D6E00A9B184410F01F0000F09082C0F120033E
S3150000D6F0042B40F38082099BC0F11C00034409936C
S3150000D7000A9B034480440A93099B002B05DD039979
S3150000D7101A46584600F0C0FE03900A9B002B05DD12
S3150000D72021461A46584600F0B7FE0446129B002BC7
S3150000D73000F075820398214600F01AFF002880F257
S3150000D7406E82002303990A22584600F0F5FC0E9BD0
S3150000D75003907E1E002B00F05B82002329460A22DE
S3150000D760584600F0E9FC069B002B054603DC209B8F
S3150000D770022B00F35D82B8F1000F05DD2946424613
S3150000D780584600F089FE05460F9B002B00F0CF821D
S3150000D7906968584600F06EFC0746002840F07E8215
S3150000D7A00C4B024640F2EF2156E5E20706D5D5E9D5
S3150000D7B00023FEF7B7FA08F10108012364100835C3
S3150000D7C00BE74FF002080DE700792108D878210809
S3150000D7D00000F03F617821082046AD4B0022294623
S3150000D7E0FEF7A0FACDE90401069C7E1E08F10108A9
S3150000D7F04046FEF72DFADDE90423FEF793FAA54B22
S3150000D8000022FEF7D9F8A1F15073CDE9100111936A
S3150000D810002C3BD1DDE904019F4B0022FEF7CAF83C
S3150000D82002460B46CDE90423DDE91023FEF70AFD87
S3150000D830002840F05781DDE9102101F10043DDE9C0
S3150000D8400401FEF7E1FC00283FF4E3AE0024254680
S3150000D850219BDDF820A0DE434FF000082146584604
S3150000D86000F048FC002D00F0A980B8F1000F05D0AB
S3150000D870A84503D04146584600F03CFC2946584688
S3150000D88000F038FC9AE03E464C46B1E7834B03EB8A
S3150000D890C40353E90201089B1C440E9B002B4AD08B
S3150000D8A002460B4600207E49FEF766FBDDE91023A3
S3150000D8B0FEF780F8CDE91001DDF820A0DDE90401CE
S3150000D8C001F0B4FA0546FEF7C3F902460B46DDE958
S3150000D8D00401FEF76FF83035CDE9040102460B4628
S3150000D8E00AF8015BDDE91001FEF7ACFC002865D102
S3150000D8F0DDE904236B490020FEF75CF802460B467F
S3150000D900DDE91001FEF79EFC002840F00D81A245DE
S3150000D91000F0EA80DDE910015D4B0022FEF702FA15
S3150000D9205B4BCDE910010022DDE90401FEF7FAF9AF
S3150000D930CDE90401C2E7DDE91023FEF7F3F9CDE9ED
S3150000D9401001DDF820A0A046DDE9040101F06EFA21
S3150000D9500546FEF77DF902460B46DDE90401FEF7B2
S3150000D96029F830350AF8015B02460B46A245CDE997
S3150000D97004234FF0000223D1494BDDE91001FEF7E5
S3150000D9801BF802460B46DDE90401FEF75BFC0028A6
S3150000D99040F0CA80DDE9102341490020FEF70AF86D
S3150000D9A002460B46DDE90401FEF72EFC70B1C246C5
S3150000D9B008F1FF381AF8013C302BF8D0374655E00D
S3150000D9C0334BFEF7AFF9CDE90401BDE7DDE90C34D1
S3150000D9D0CDE90434159B002BFFF629AE0E2F3FF739
S3150000D9E026AE2E4B03EBC70393ED007B219B002B4A
S3150000D9F08DED067B02DAB9F1000F64D0DDE904454E
S3150000DA00DDF820A0DDE9062320462946FEF7B4FA14
S3150000DA1001F00CFA0646FEF71BF9DDE90623FEF7D0
S3150000DA2081F902460B462046294606F13004FDF7E9
S3150000DA30C1FF0AF8014B089CAAEB0404A145024663
S3150000DA400B4640F08280FDF7B7FFDDE9062304466A
S3150000DA500D46FEF7F7FB002865D1DDE906232046D3
S3150000DA602946FEF7C7FB08B1F3075CD4039958466D
S3150000DA7000F040FB00238AF80030229B01371F602C
S3150000DA80249B002B3FF41FACC3F800A01BE400BF8F
S3150000DA900000244000001C400000144000792108CA
S3150000DAA00000E03F0000F03FA24B03EBC70393EDFD
S3150000DAB0007B219B002B8DED067B9FDAB9F1000FD1
S3150000DAC09CDC7FF4C3AE9C4B0022DDE90601FEF729
S3150000DAD029F9DDE90423FEF7ABFB044600287FF4B1
S3150000DAE0B5AE3E462546B4E0DDE90C34CDE9043456
S3150000DAF0159B002B01DB0E2FD6DD209A012A36DC82
S3150000DB00139A82B303F233430B9CDDF82480099AFF
S3150000DB101A4409920A9A01211A4458460A9200F0B8
S3150000DB20A1FB054687E53E4653469A4613F8012D66
S3150000DB30392A06D1089A9A42F7D108993022013635
S3150000DB400A701A7801321A7038E77C4B0022FEF709
S3150000DB50E9F80022002304460D46FEF74BFB002899
S3150000DB603FF450AF82E7149BC3F13603CCE70B9B1F
S3150000DB7009F1FF34A34208DBB9F1000FA3EB04045B
S3150000DB800EDBDDF824804B46C1E70B9B0F9A0B9406
S3150000DB90E31A1A44DDF824800F924B460024B6E7B8
S3150000DBA0099BA3EB09080023B1E7039E72E50B9AD4
S3150000DBB0039971E5039673E5209B012B17DC049B03
S3150000DBC0ABB9059BC3F313039BB9059B23F0004632
S3150000DBD0360D360536B1099B013309930A9B01338D
S3150000DBE00A9301260F9B002B7FF471AD0F9601203F
S3150000DBF076E50026F6E73FF487AD099A1C331A440A
S3150000DC0009920A9A1A4498440A927DE50346F4E773
S3150000DC10069B002B2BDC209B022B09DC27E0B9F1AD
S3150000DC20000F1DDC209B022B1ADDCDF818903E4616
S3150000DC30069B002B7FF40CAE21460522584600F0C9
S3150000DC407BFA01460446039800F092FC00287FF711
S3150000DC50FFADDDF820A031230AF8013B0136FBE5D4
S3150000DC600E9BCDF818903E46002B7FF484AD089F9E
S3150000DC7003982146FFF752FA00F1300907F8019B95
S3150000DC80089B069AFB1A9A4240F3CB80039900231D
S3150000DC900A22584600F050FA0390E9E72A69023250
S3150000DCA0920005F10C010C30FFF722FA01223946E9
S3150000DCB0584600F0F1FB089B089A03F1010A069BFF
S3150000DCC013440A93049B03F00103A8460B930546ED
S3150000DCD00AF1FF33214603980693FFF71FFA4146E0
S3150000DCE0099000F13009039800F042FC2A462146CB
S3150000DCF00746584600F058FCC268014602B358462B
S3150000DD0000F0F8F9002F3ADA03990122584600F09C
S3150000DD10C3FB2146039000F02BFC002803DC29D12D
S3150000DD2019F0010F26D0B9F1390F1DD132E028467E
S3150000DD30C1E700BF0079210800001440000024401C
S3150000DD400E90039800F014FC0E990C90584600F0C3
S3150000DD50D1F90C9A5ABB209B53B90B9B43B9B9F125
S3150000DD60390F17D0002F05DD099B03F1310901E0BA
S3150000DD70002F2ADADDF818A00AF8019B6EE5209B31
S3150000DD803B4304D1049B03F00103002BBCD0B9F143
S3150000DD90390F36D1069F392307F8013BBA46013FB2
S3150000DDA01AF8013C392B5BD001333B7056E5002F46
S3150000DDB006DB209B3B4306D1049B03F0010313B90A
S3150000DDC0002AA1DCD6E7002AE1DC0A9B0AF8019CBE
S3150000DDD0534557462FD0039900230A22584600F090
S3150000DDE0ABF9A84503904FF000034FF00A024146F5
S3150000DDF058460BD100F0A0F9804605460AF1010A03
S3150000DE0066E7DDF818A009F10109B5E700F094F915
S3150000DE102946804600230A22584600F08DF9054619
S3150000DE20ECE7069B002BC8BF1F46089BD8BF0127FF
S3150000DE301F444FF0000803990122584600F02CFBBE
S3150000DE402146039000F094FB0028A7DC02D119F0CC
S3150000DE50010FA3D1BA4617F8013D302BFAD0FDE4E5
S3150000DE60089BBB429AD1089A312301361370F5E418
S3150000DE70249B002B7FF422AA014BFFF741BA00BF77
S3150000DE80E477210838B50546002941D051F8043C0D
S3150000DE900C1F002BB8BFE41800F0E0F81D4A136809
S3150000DEA033B9636014602846BDE8384000F0DCB83A
S3150000DEB0A34208D9206821188B4201BF19685B6804
S3150000DEC009182160EDE71A465B680BB1A342FAD93F
S3150000DED011685018A0420BD12068014450188342A3
S3150000DEE01160E0D118685B68536008441060DAE797
S3150000DEF002D90C232B60D6E7206821188B4204BF79
S3150000DF0019685B68636004BF091821605460CAE73A
S3150000DF1038BD00BFD4F00100024B0146186800F07E
S3150000DF2025B800BF5803000070B50F4E0C46316887
S3150000DF30054611B900F096FE30602146284600F0ED
S3150000DF4091FE431C03D14FF0FF34204670BDC41C24
S3150000DF5024F00304A042F8D0211A284600F082FEDD
S3150000DF600130F2D1EFE700BFD0F001002DE9F0411A
S3150000DF70CD1C25F0030508350C2D38BF0C25002DCA
S3150000DF80064601DBA94204D90C2333600020BDE814
S3150000DF90F081314F00F062F83B681C4644BB2946CD
S3150000DFA03046FFF7C1FF431C044650D13C6821466A
S3150000DFB0002941D1002C44D02368304604EB0308E5
S3150000DFC000F050FE80453CD121686D1A2946304646
S3150000DFD0FFF7AAFF013034D023682B4423603B6847
S3150000DFE0002B36D05A68A24229D100225A600EE090
S3150000DFF02268521B1DD40B2A16D96119A34225602B
S3150000E00018BF5960636808BF396062514B6030467B
S3150000E01000F02AF804F10B00231D20F00700C21AB5
S3150000E020B5D01B1AA350B2E7A3426268DED13A60AC
S3150000E030EDE723466468B1E70C464968B8E713463E
S3150000E040CEE70C233360304600F00EF89EE70560FD
S3150000E050DDE75B60FFDE00BFD4F001000148FEF79C
S3150000E060F0BF00BFCCF001000148FEF7EBBF00BFD8
S3150000E070CCF0010070B5C66904460D4676B910208D
S3150000E080FFF74AFF0246E06120B9184B18486B219A
S3150000E09000F0F8FDC0E901660660C660E669F3684F
S3150000E0A083B1E369DB6853F82500B8B9012101FAA9
S3150000E0B005F6721D9200204600F002FE60B1C0E92E
S3150000E0C001560EE021220421204600F0F9FDE36905
S3150000E0D0F060DB68002BE4D1002070BD026843F8D5
S3150000E0E025200023C0E90333F7E700BFF1772108B5
S3150000E0F07278210870B5C66905460C4676B91020B7
S3150000E100FFF70AFF0246E86120B9094B09488F214B
S3150000E11000F0B8FDC0E901660660C6603CB1EB6977
S3150000E1206268DB6853F82210216043F8224070BD14
S3150000E130F1772108727821082DE9F0410D6907462B
S3150000E1400C461E4601F1140C0020DCF8003099B292
S3150000E15002FB01611E0C0B0C02FB063389B2013077
S3150000E16001EB034185424CF8041B4FEA1346ECDCF5
S3150000E1700EB3A368AB4219DC616838460131FFF77C
S3150000E18079FF804628B902460C4B0D48BA2100F0AB
S3150000E19079FD2269023204F10C0192000C30FEF77F
S3150000E1A0A7FF21463846FFF7A5FF444604EB850343
S3150000E1B001355E6125612046BDE8F0816178210860
S3150000E1C072782108B0F5803F034636BF030400206D
S3150000E1D01020B3F1807F3CBF1B020830B3F1805F93
S3150000E1E03CBF1B010430B3F1804F03D3002B0ADB85
S3150000E1F0013070479B0001D5023070475B0001D5A6
S3150000E20003307047202070470368024613F007006A
S3150000E2100BD0D90721D4980749BF5B089B0801207A
S3150000E22013605CBF13600220704799B209B91B0CDA
S3150000E2301020D9B209B908301B0A190704BF1B09F7
S3150000E2400430990704BF9B080230D90703D45B0842
S3150000E25000F1010003D013607047002070472020B2
S3150000E2607047000010B50C460121FFF703FF024678
S3150000E27028B9054B054840F2451100F003FD01237E
S3150000E2804461036110BD00BF6178210872782108DE
S3150000E2902DE9F04F14460A6923699A42A8BF23461E
S3150000E2A00F46A4BF0C461F46D4F810A0D7F810900E
S3150000E2B0A36861680AEB0906B34285B0B8BF0131AD
S3150000E2C0FFF7D8FE30B90246444B45484FF4B171CA
S3150000E2D000F0D8FC00F1140505EB86082B46002259
S3150000E2E0434521D307F1140104F1140202EB8A021B
S3150000E2F001EB89030293131B153B23F0030304333D
S3150000E30004F11507BA4238BF04230193029B039117
S3150000E3108B420CD8002E03DD58F8043D002B5BD051
S3150000E320066105B0BDE8F08F43F8042BD8E7B1F8D5
S3150000E33000A0BAF1000F24D004F1140EA9464FF044
S3150000E340000C5EF8047BD9F800301FFA87FB9BB2FD
S3150000E3500AFB0B334FEA174BD9F8007063444FEAB8
S3150000E360174C0AFB0BC707EB13479BB243EA07435D
S3150000E370724549F8043B4FEA174CE2D8019B45F831
S3150000E38003C0039BB3F802900431B9F1000F21D00A
S3150000E3902B6804F1140CAE464FF0000ABCF800B02E
S3150000E3A0BEF8027009FB0B7757449BB243EA07435A
S3150000E3B04EF8043B5CF8043B4FEA134ABEF80030C3
S3150000E3C009FB0A3303EB174362454FEA134AE5D8C4
S3150000E3D0019FEB51043599E7013E9BE761782108DF
S3150000E3E0727821082DE9F843154612F00302074614
S3150000E3F00E4607D0254C013A002354F82220FFF799
S3150000E4009BFE0646AD103DD0FC697CB91020FFF797
S3150000E41083FD0246F86128B91D4B1E4840F2B31130
S3150000E42000F030FCC0E901440460C460D7F81C80E9
S3150000E430D8F808404CB940F271213846FFF712FF70
S3150000E4400023C8F80800044603604FF00009EB07F4
S3150000E4500AD5314622463846FFF71AFF314680462E
S3150000E4603846FFF747FE46466D100BD0206838B990
S3150000E470224621463846FFF70BFF2060C0F8009081
S3150000E4800446E4E73046BDE8F88300BFCC782108AF
S3150000E490F1772108727821082DE9F0470C46496882
S3150000E4A0236903EB6218A368074691464FEA621A8E
S3150000E4B008F10106B3420BDB3846FFF7DBFD0546E4
S3150000E4C048B90246284B29484FF4EF7100F0DAFBB1
S3150000E4D001315B00EEE7002300F1140100F11002A8
S3150000E4E01846534533DB20692AEAEA7A04F1140315
S3150000E4F019F01F0901EB8A0103EB800C2BD0C9F13F
S3150000E500200E8A460022186800FA09F010434AF8DD
S3150000E510040B53F8042B9C4522FA0EF2F3D8ACEB0D
S3150000E5200403153B23F00303043304F1150084456B
S3150000E53038BF0423CA500AB108F10206013E384624
S3150000E5402E612146FFF7D6FD2846BDE8F08742F842
S3150000E550040F0133C5E7043953F8042B41F8042F9F
S3150000E5609C45F9D8EAE700BF61782108727821084E
S3150000E5700A6903460069801A30B50ED11433143186
S3150000E58003EB820401EB820154F8045D51F8042D7B
S3150000E590954203D005D24FF0FF3030BDA342F3D3EE
S3150000E5A0FBE70120F9E700002DE9F74F894606460B
S3150000E5B0114648461446FFF7DBFF051E12D12946D1
S3150000E5C03046FFF757FD024628B93F4B40F2372148
S3150000E5D03E4800F057FB0123C0E90435104603B05E
S3150000E5E0BDE8F08FBCBF4B46A1463046D9F80410B3
S3150000E5F0BABF1C4601250025FFF73CFD024618B9A7
S3150000E600314B40F24521E3E7D9F810702669C56021
S3150000E61009F1100309F1140504F1140E00F1140BAD
S3150000E62005EB87080EEB86060193D9464FF0000CE2
S3150000E630019B5EF8040B53F804AF01931FFA8AF3AB
S3150000E640194683B2CB1A000C6344C0EB1A4000EBA8
S3150000E65023409BB243EA0043764549F8043B4FEA20
S3150000E660204CE5D8331B153B23F003031534043344
S3150000E670A64238BF04231D445B441E462C4644452F
S3150000E6800ED308F10301491B21F00301033DA84500
S3150000E69038BF00210B4453F8041D91B117619DE763
S3150000E6A054F8041BE646080C1CFA81FC714400EB86
S3150000E6B02C4089B241EA004146F8041B4FEA204C3F
S3150000E6C0DDE7013FE7E700BF61782108727821089E
S3150000E6D02DE973430121089E90469946FFF7CAFC2F
S3150000E6E0044630B90246244B244840F20F3100F06C
S3150000E6F0C9FAC9F30A55C9F313030DB143F48013DC
S3150000E7000193B8F1000324D068460093FFF77CFD1F
S3150000E710DDE90012D8B1C0F1200302FA03F30B437E
S3150000E720C24063610192019BA361002B0CBF0122D1
S3150000E73002222261ADB1A5F2334505443560C0F130
S3150000E7403500099B1860204602B0BDE87083616100
S3150000E750E9E701A8FFF758FD019B6361203001221C
S3150000E760E7E704EB8203A0F2324030601869FFF756
S3150000E77029FDC0EB4210E4E7617821087278210890
S3150000E7809368013B002B10B4936008DA9469A342A6
S3150000E79001DB0A2903D15DF8044BFEF764BB13685D
S3150000E7A0581C1060197008465DF8044B7047F8B5A0
S3150000E7B006460F461446D518AC4201D1002007E0A4
S3150000E7C014F8011B3A463046FFF7DAFF431CF3D133
S3150000E7D0F8BD00002DE9F04F0D469DB01446984651
S3150000E7E0064618B1036A0BB9FEF754FA6B6ED907E1
S3150000E7F005D4AB899A0502D4A86DFEF722FCAB8935
S3150000E8001B0701D52B699BB929463046FEF76AFBE3
S3150000E81070B16B6EDC0704D54FF0FF301DB0BDE85C
S3150000E820F08FAB899805F7D4A86DFEF70BFCF3E7DC
S3150000E8300023099320238DF82930CDF80C8030234E
S3150000E840DFF8AC818DF82A304FF0010923469A464D
S3150000E85013F8012B0AB1252AF9D1BAEB040B0BD018
S3150000E8605B46224629463046FFF7A1FF013000F0FD
S3150000E870A780099A5A4409929AF80030002B00F0B2
S3150000E8809F8000234FF0FF32CDE905230AF1010AEC
S3150000E890049307938DF853301A935446052214F8BF
S3150000E8A0011B5348FEF7D4FB049AD8B9D10644BFDE
S3150000E8B020238DF85330130744BF2B238DF8533094
S3150000E8C09AF800302A2B15D0079A544600204FF0AC
S3150000E8D00A0C214611F8013B303B092B4BD9B0B14C
S3150000E8E0079214E0A0EB080309FA03F31343049319
S3150000E8F0A246D2E7039B191D1B680391002BBBBFE1
S3150000E9005B4242F0020207930793B8BF0492237852
S3150000E9102E2B0AD163782A2B32D1039B1A1D1B6832
S3150000E920039243EAE37302340593DFF8D4A0217817
S3150000E93003225046FEF78CFB38B1049BA0EB0A007D
S3150000E9404022824013430134049314F8011B2948E2
S3150000E9508DF828100622FEF77BFB00283FD0264BB9
S3150000E9601BBB039B073323F0070308330393099B61
S3150000E9703B4409936AE70CFB02320C460120A8E7E8
S3150000E98000230134059319464FF00A0C204610F86F
S3150000E990012B303A092A03D9002BC6D00591C4E7CA
S3150000E9A00CFB012104460123F0E703AB00932A4642
S3150000E9B0124B04A93046FDF711FD0746781CD6D147
S3150000E9C06B6ED90705D4AB899A0502D4A86DFEF7FC
S3150000E9D039FBAB895B063FF51FAF09981EE703AB12
S3150000E9E000932A46054B04A93046FDF79BFFE4E752
S3150000E9F0C8792108D2792108DDD32008AFF720088D
S3150000EA00CE792108B1F90C202DE9F041170705460A
S3150000EA100C4656D44B68002B02DC0B6C002B3DDDFC
S3150000EA20E66A002E3AD0002312F480522F68216A3B
S3150000EA302B6025D0626DA389580705D56368D21A65
S3150000EA40636B0BB1236CD21A216AE66A002328464F
S3150000EA50B047411C24D00023636023692360A38947
S3150000EA60DA0400D56065616B2F60B9B104F1440327
S3150000EA70994202D02846FFF705FA002363630DE0AA
S3150000EA8001232846B047461C0246D4D12B68002BEA
S3150000EA90D1D01D2B01D0162B2BD12F6000202FE0BB
S3150000EAA02A68B4F90C3042B11D2A01D0162A22D1A7
S3150000EAB00023636023692360D5E7626022692260D0
S3150000EAC0CEE70F69002FE9D093070E6808BF4B69A0
S3150000EAD00F6018BF0023A6EB07088B60B8F1000F84
S3150000EAE0DCDD216AA66A43463A462846B047002836
S3150000EAF008DCB4F90C3043F04003A3814FF0FF303B
S3150000EB00BDE8F0810744A8EB0008E7E738B50B69D4
S3150000EB1005460C4613B90025284638BD18B1036AC8
S3150000EB200BB9FEF7B7F8B4F90C30002BF3D0626ED0
S3150000EB30D00704D4990502D4A06DFEF782FA2846C0
S3150000EB402146FFF75FFF636EDA070546E4D4A38923
S3150000EB509B05E1D4A06DFEF775FADDE770B50C46AE
S3150000EB60B1F90E10002996B015461E460DDAA38996
S3150000EB7013F0800F4FF0000114BF40234FF4806361
S3150000EB80002031602B6016B070BD6A4600F048F870
S3150000EB900028ECDB019901F47041A1F500535942BC
S3150000EBA059414FF48063EBE78B89F7B59D0706461D
S3150000EBB00C4607D504F147032360236101236361F3
S3150000EBC003B0F0BD01AB6A46FFF7C8FF009F0546DC
S3150000EBD039463046FFF7CAF948B9B4F90C309A05F8
S3150000EBE0EED423F0030343F00203A381E2E7A389F3
S3150000EBF0206043F08003A381019BC4E904075BB155
S3150000EC00B4F90E10304600F01DF828B1A38923F0A0
S3150000EC10030343F00103A381A3891D43A581CFE725
S3150000EC2038B5074D00230446084611462B60F5F714
S3150000EC30C8FB431C02D12B6803B1236038BD00BF5B
S3150000EC40C8F0010038B5064D0023044608462B607F
S3150000EC50F5F7BCFB431C02D12B6803B1236038BD1A
S3150000EC60C8F0010038B5064D0023044608462B605F
S3150000EC7000F0B8F8431C02D12B6803B1236038BDFD
S3150000EC80C8F001001FB514461A46094B1B68054615
S3150000EC90D86854B9074B1C46CDE9013400912B4680
S3150000ECA0054900F041F800F051F8044BF4E700BFC5
S3150000ECB05803000002002108F0792108E3792108B1
S3150000ECC070B5A1FB02543CB92946FFF74FF9064639
S3150000ECD028B90026304670BD0C220260F9E72A46A4
S3150000ECE02146FEF755F9F5E782B001B901A942B10F
S3150000ECF04BB113780B601278101E18BF012002B0BA
S3150000ED0070471046FBE76FF00100F8E70346084638
S3150000ED1041B1FF2A04D98A221A604FF0FF307047AA
S3150000ED200A700120704700000EB403B5014603AB1C
S3150000ED30054853F8042B00680193FFF74BFD02B01A
S3150000ED405DF804EB03B070475803000008B50620D1
S3150000ED5000F02CF80120F5F709FB1F2938B5054608
S3150000ED600C4604D9162303604FF0FF3038BDC26B42
S3150000ED7012B152F821304BB9284600F031F822463C
S3150000ED8001462846BDE8384000F018B8012B0AD0E5
S3150000ED90591C03D1162303600120E7E7002142F83E
S3150000EDA02410204698470020E0E70000024B014669
S3150000EDB01868FFF7D2BF00BF5803000038B5074DEB
S3150000EDC000230446084611462B60F5F7C7FA431C94
S3150000EDD002D12B6803B1236038BD00BFC8F0010023
S3150000EDE0F5F7BABA044A05491368002B08BF0B4663
S3150000EDF01844106018467047D8F00100E020020061
S3150000EE004FEA410C7FEA6C5C02D150EA013C0AD120
S3150000EE104FEA430C7FEA6C5C02D152EA033C02D112
S3150000EE204FF0000070474FF0010070474FEA410273
S3150000EE3012F5001215D211D56FF47873B3EB625246
S3150000EE4012D94FEAC12343F0004343EA505311F06D
S3150000EE50004F23FA02F018BF404270474FF00000FF
S3150000EE60704750EA013005D111F0004008BF6FF03D
S3150000EE70004070474FF00000704700BFF8B500BF74
S3150000EE80F8BC08BC9E467047F8B500BFF8BC08BC85
S3150000EE909E467047000000005FF800F091110000E8
S3150000EEA05FF800F0A90B00005FF800F0690F0000A2
S3150000EEB05FF800F0110B00005FF800F0A9110000E8
S3150000EEC05FF800F07D0C00005FF800F0510C0000C8
S3150000EED05FF800F0670900005FF800F035140000E5
S3150000EEE05FF800F0411000005FF800F0FD1200002E
S3150000EEF05FF800F0C91000005FF800F07112000022
S3150000EF005FF800F0B50F00005FF800F0391200005E
S3150000EF105FF800F00D0E00005FF800F06D0C0000C9
S3150000EF205FF800F0511200005FF800F09113000046
S3150000EF305FF800F0FB0900005FF800F045120000E2
S3150000EF405FF800F0610C00005FF800F0890C00002B
S3150000EF505FF800F0751000005FF800F0590A000035
S3150000EF60256C640D0A000D0A48656C6C6F20576F9E
S3150000EF70726C64210D00627574746F6E0065696E43
S3150000EF806B006C656400000076FF2008000000003E
S3150000EF900000000000000000000000000004000067
S3150000EFA00800000000000000000000007DFF2008AF
S3150000EFB0000000000000000000000000000000004B
S3150000EFC0000400000800000000000000000000002F
S3150000EFD082FF200800000000000000000000000082
S3150000EFE0000000000004000008000000000000000F
S3150000EFF0000000007069635F696E6465783A256495
S3150000F0000D0A00443A5C53696C69636F6E4C616229
S3150000F010735C53696D706C69636974795374756454
S3150000F020696F5C76355F776F726B73706163655C71
S3150000F03073693931785F68656C6C6F5F776F726C76
S3150000F040645C77697365636F6E6E656374335F7353
S3150000F050646B5F332E352E325C636F6D706F6E6539
S3150000F0606E74735C6465766963655C73696C616212
S3150000F070735C73693931785C6D63755C647269764B
S3150000F0806572735C756E69666965645F70657269E1
S3150000F09070686572616C5F647269766572735C69CB
S3150000F0A06E632F736C5F73693931785F706572694F
S3150000F0B070686572616C5F6770696F2E680000002A
S3150000F0C04B000000480000004E0000004500000014
S3150000F0D002002108000000000000000000000000FF
S3150000F0E000000000001000003700000000000000D3
S3150000F0F00000000049444C4500546D725100546DA7
S3150000F100722053766300000000000000000000003B
S3150000F11001000000000000000200000000000000E6
S3150000F1200300000000000000FFFFFFFFFFFFFFFFDE
S3150000F130FFFFFFFFFFFFFFFFFFFFFFFFFFFFFFFFD9
S3150000F140FFFFFFFFFFFFFFFFFFFFFFFFFFFFFFFFC9
S3150000F150FFFFFFFFFFFFFFFFFFFFFFFFFFFFFFFFB9
S3150000F160FFFFFFFFFFFFFFFFFFFFFFFFFFFFFFFFA9
S3150000F170FFFFFFFFFFFFFFFFFFFFFFFFFFFFFFFF99
S3150000F180FFFFFFFFFFFFFFFFFFFFFFFFFFFFFFFF89
S3150000F190FFFFFFFFFFFFFFFFFFFFFFFFFFFFFFFF79
S3150000F1A0FFFFFFFFFFFFFFFFFFFFFFFFFFFFFFFF69
S3150000F1B0FFFFFFFFFFFFFFFFFFFFFFFFFFFFFFFF59
S3150000F1C0FFFFFFFFFFFFFFFFFFFFFFFFFFFFFFFF49
S3150000F1D0FFFFFFFFFFFFFFFFFFFFFFFFFFFFFFFF39
S3150000F1E0FFFFFFFFFFFFFFFFFFFFFFFFFFFFFFFF29
S3150000F1F0FFFFFFFFFFFFFFFFFFFFFFFFFFFFFFFF19
S3150000F200FFFFFFFFFFFFFFFFFFFFFFFFFFFFFFFF08
S3150000F210FFFFFFFFFFFFFFFFFFFFFFFFFFFFFFFFF8
S3150000F220FFFFFFFFFFFFFFFFFFFFFFFFFFFFFFFFE8
S3150000F230FFFFFFFFFFFFFFFFFFFFFFFFFFFFFFFFD8
S3150000F240FFFFFFFFFFFFFFFFFFFFFFFFFFFFFFFFC8
S3150000F250FFFFFFFFFFFFFFFFFFFFFFFFFFFFFFFFB8
S3150000F260FFFFFFFFFFFFFFFFFFFFFFFFFFFFFFFFA8
S3150000F270FFFFFFFFFFFFFFFFFFFFFFFFFFFFFFFF98
S3150000F280FFFFFFFFFFFFFFFFFFFFFFFFFFFFFFFF88
S3150000F290FFFFFFFFFFFFFFFFFFFFFFFFFFFFFFFF78
S3150000F2A0FFFFFFFFFFFFFFFFFFFFFFFFFFFFFFFF68
S3150000F2B0FFFFFFFFFFFFFFFFFFFFFFFFFFFFFFFF58
S3150000F2C0FFFFFFFFFFFFFFFFFFFFFFFFFFFFFFFF48
S3150000F2D0FFFFFFFFFFFFFFFFFFFFFFFFFFFFFFFF38
S3150000F2E0FFFFFFFFFFFFFFFFFFFFFFFFFFFFFFFF28
S3150000F2F0FFFFFFFFFFFFFFFFFFFFFFFFFFFFFFFF18
S3150000F300FFFFFFFFFFFFFFFFFFFFFFFFFFFFFFFF07
S3150000F310FFFFFFFFFFFFFFFFFFFFFFFFFFFFFFFFF7
S3150000F320FFFFFFFFFFFFFFFFFFFFFFFFFFFFFFFFE7
S3150000F330FFFFFFFFFFFFFFFFFFFFFFFFFFFFFFFFD7
S3150000F340FFFFFFFFFFFFFFFFFFFFFFFFFFFFFFFFC7
S3150000F350FFFFFFFFFFFFFFFFFFFFFFFFFFFFFFFFB7
S3150000F360FFFFFFFFFFFFFFFFFFFFFFFFFFFFFFFFA7
S3150000F370FFFFFFFFFFFFFFFFFFFFFFFFFFFFFFFF97
S3150000F380FFFFFFFFFFFFFFFFFFFFFFFFFFFFFFFF87
S3150000F390FFFFFFFFFFFFFFFFFFFFFFFFFFFFFFFF77
S3150000F3A0FFFFFFFFFFFFFFFFFFFFFFFFFFFFFFFF67
S3150000F3B0FFFFFFFFFFFFFFFFFFFFFFFFFFFFFFFF57
S3150000F3C0FFFFFFFFFFFFFFFFFFFFFFFFFFFFFFFF47
S3150000F3D0FFFFFFFFFFFFFFFFFFFFFFFFFFFFFFFF37
S3150000F3E0FFFFFFFFFFFFFFFFFFFFFFFFFFFFFFFF27
S3150000F3F0FFFFFFFFFFFFFFFFFFFFFFFFFFFFFFFF17
S3150000F400FFFFFFFFFFFFFFFFFFFFFFFFFFFFFFFF06
S3150000F410FFFFFFFFFFFFFFFFFFFFFFFFFFFFFFFFF6
S3150000F420FFFFFFFFFFFFFFFFFFFFFFFFFFFFFFFFE6
S3150000F430FFFFFFFFFFFFFFFFFFFFFFFFFFFFFFFFD6
S3150000F440FFFFFFFFFFFFFFFFFFFFFFFFFFFFFFFFC6
S3150000F450FFFFFFFFFFFFFFFFFFFFFFFFFFFFFFFFB6
S3150000F460FFFFFFFFFFFFFFFFFFFFFFFFFFFFFFFFA6
S3150000F470FFFFFFFFFFFFFFFFFFFFFFFFFFFFFFFF96
S3150000F480FFFFFFFFFFFFFFFFFFFFFFFFFFFFFFFF86
S3150000F490FFFFFFFFFFFFFFFFFFFFFFFFFFFFFFFF76
S3150000F4A0FFFFFFFFFFFFFFFFFFFFFFFFFFFFFFFF66
S3150000F4B0FFFFFFFFFFFFFFFFFFFFFFFFFFFFFFFF56
S3150000F4C0FFFFFFFFFFFFFFFFFFFFFFFFFFFFFFFF46
S3150000F4D0FFFFFFFFFFFFFFFFFFFFFFFFFFFFFFFF36
S3150000F4E0FFFFFFFFFFFFFFFFFFFFFFFFFFFFFFFF26
S3150000F4F0FFFFFFFFFFFFFFFFFFFFFFFFFFFFFFFF16
S3150000F500FFFFFFFFFFFFFFFFFFFFFFFFFFFFFFFF05
S3150000F510FFFFFFFFFFFFFFFFFFFFFFFFFFFFFFFFF5
S3150000F520FFFFFFFFFFFFFFFFFFFFFFFFFFFFFFFFE5
S3150000F530FFFFFFFFFFFFFFFFFFFFFFFFFFFFFFFFD5
S3150000F540FFFFFFFFFFFFFFFFFFFFFFFFFFFFFFFFC5
S3150000F550FFFFFFFFFFFFFFFFFFFFFFFFFFFFFFFFB5
S3150000F560FFFFFFFFFFFFFFFFFFFFFFFFFFFFFFFFA5
S3150000F570FFFFFFFFFFFFFFFFFFFFFFFFFFFFFFFF95
S3150000F580FFFFFFFFFFFFFFFFFFFFFFFFFFFFFFFF85
S3150000F590FFFFFFFFFFFFFFFFFFFFFFFFFFFFFFFF75
S3150000F5A0FFFFFFFFFFFFFFFFFFFFFFFFFFFFFFFF65
S3150000F5B0FFFFFFFFFFFFFFFFFFFFFFFFFFFFFFFF55
S3150000F5C0FFFFFFFFFFFFFFFFFFFFFFFFFFFFFFFF45
S3150000F5D0FFFFFFFFFFFFFFFFFFFFFFFFFFFFFFFF35
S3150000F5E0FFFFFFFFFFFFFFFFFFFFFFFFFFFFFFFF25
S3150000F5F0FFFFFFFFFFFFFFFFFFFFFFFFFFFFFFFF15
S3150000F600FFFFFFFFFFFFFFFFFFFFFFFFFFFFFFFF04
S3150000F610FFFFFFFFFFFFFFFFFFFFFFFFFFFFFFFFF4
S3150000F620FFFFFFFFFFFFFFFFFFFFFFFFFFFFFFFFE4
S3150000F630FFFFFFFFFFFFFFFFFFFFFFFFFFFFFFFFD4
S3150000F640FFFFFFFFFFFFFFFFFFFFFFFFFFFFFFFFC4
S3150000F650FFFFFFFFFFFFFFFFFFFFFFFFFFFFFFFFB4
S3150000F660FFFFFFFFFFFFFFFFFFFFFFFFFFFFFFFFA4
S3150000F670FFFFFFFFFFFFFFFFFFFFFFFFFFFFFFFF94
S3150000F680FFFFFFFFFFFFFFFFFFFFFFFFFFFFFFFF84
S3150000F690FFFFFFFFFFFFFFFFFFFFFFFFFFFFFFFF74
S3150000F6A0FFFFFFFFFFFFFFFFFFFFFFFFFFFFFFFF64
S3150000F6B0FFFFFFFFFFFFFFFFFFFFFFFFFFFFFFFF54
S3150000F6C0FFFFFFFFFFFFFFFFFFFFFFFFFFFFFFFF44
S3150000F6D0FFFFFFFFFFFFFFFFFFFFFFFFFFFFFFFF34
S3150000F6E0FFFFFFFFFFFFFFFFFFFFFFFFFFFFFFFF24
S3150000F6F0FFFFFFFFFFFFFFFFFFFFFFFFFFFFFFFF14
S3150000F700FFFFFFFFFFFFFFFFFFFFFFFFFFFFFFFF03
S3150000F710FFFFFFFFFFFFFFFFFFFFFFFFFFFFFFFFF3
S3150000F720FFFFFFFFFFFFFFFFFFFFFFFFFFFFFFFFE3
S3150000F730FFFFFFFFFFFFFFFFFFFFFFFFFFFFFFFFD3
S3150000F740FFFFFFFFFFFFFFFFFFFFFFFFFFFFFFFFC3
S3150000F750FFFFFFFFFFFFFFFFFFFFFFFFFFFFFFFFB3
S3150000F760FFFFFFFFFFFFFFFFFFFFFFFFFFFFFFFFA3
S3150000F770FFFFFFFFFFFFFFFFFFFFFFFFFFFFFFFF93
S3150000F780FFFFFFFFFFFFFFFFFFFFFFFFFFFFFFFF83
S3150000F790FFFFFFFFFFFFFFFFFFFFFFFFFFFFFFFF73
S3150000F7A0FFFFFFFFFFFFFFFFFFFFFFFFFFFFFFFF63
S3150000F7B0FFFFFFFFFFFFFFFFFFFFFFFFFFFFFFFF53
S3150000F7C0FFFFFFFFFFFFFFFFFFFFFFFFFFFFFFFF43
S3150000F7D0FFFFF000003FFFFFFFFFFFFFFFFFFFFF00
S3150000F7E0FFFFFFFFFFFFFFFFFFFFFFFFFFFFFFFF23
S3150000F7F0FFFFFFFFFFFFFFFFFFFFFFFFFFFFFFFF13
S3150000F800FFFFFFFFFFFFFFFFFFFFFFFFFFFFFFFF02
S3150000F810FFFFFFFFFFFFFFFFFFFFFFFFFFFFFFFFF2
S3150000F820FFFFFFFFFFFFFFFFFFFFFFFFFFFFFFFFE2
S3150000F830FFFFFFFFFFFFF1A699CFFFFFFFFFFFFFCF
S3150000F840FFFFFFFFFFFFFFFFFFFFFFFFFFFFFFFFC2
S3150000F850FFFFFFFFFFFFFFFFFFFFFFFFFFFFFFFFB2
S3150000F860FFFFFFFFFFFFFFFFFFFFFFFFFFFFFFFFA2
S3150000F870FFFFFF3C3CFFFFFFFFFFFFFFFFFFFFFF18
S3150000F880FFFFFFFFFFFFFFFFFFFFFFFFFFFFFFFF82
S3150000F890FFFFFFFFFFFFFFFFFFFFC955554FFFFFAC
S3150000F8A0FFFFFFFFFFFFFFFFFFFFFFFFFFFFFFFF62
S3150000F8B0FFFFFFFFFFFFFFFFFFFFFFFFFFFFFFFF52
S3150000F8C0FFFFFFFFFFFFFFFFFFFFFFFFFFFFFFFF42
S3150000F8D0FFFFFFFFFF000000000000FFFFFFFFFF2C
S3150000F8E0FFFFFFFFFFFFFFFFFFFFFFFFFFFFFFFF22
S3150000F8F0FFFFFFFFFFFFFFFFFFFFFFFFFFFFC555F6
S3150000F9005573FFFFFFFFFFFFFFFFFFFFFFFFFFFF37
S3150000F910FFFFFFFFFFFFFFFFFFFFFFFFFFFFFFFFF1
S3150000F920FFFFFFFFFFFFFFFFFFC3FFFFFFFFFFFF1D
S3150000F930FFFFFFFFFFFFFFFF0000000000000000C9
S3150000F940FFFFFFFFFFFFFFFFFFFFFFFFFFFFFFFFC1
S3150000F950FFFFFFFFFFFFFFFFFFFFFFFFFFFFFFFFB1
S3150000F960FFFFC155554FFFFFFFFFFFFFFFFFFFFFE3
S3150000F970FFFFFFFFFFFFFFFFFFFFFFFFFFFFFFFF91
S3150000F980FFFFFFFFFFFFFFFFFFFFFFFFFFC3FFFFBD
S3150000F990FFFFFFFFFFFFFFFFFFFFFF00000000006C
S3150000F9A0000000000FFFFFFFFFFFFFFFFFFFFFFF4D
S3150000F9B0FFFFFFFFFFFFFFFFFFFFFFFFFFFFFFFF51
S3150000F9C0FFFFFFFFFFFFF00955CFFFFFFFFFFFFF20
S3150000F9D0FFFFFFFFFFFFFFFFFFFFFFFFFFFFFFFF31
S3150000F9E0FFFFFFFFFFFFFFFFFFFFFFFFFFFFFFFF21
S3150000F9F0FC00FFFFFFFFFFFFFFFFFFFFFFFFF00021
S3150000FA00000FA9965965AC0003FFFFFFFFFFFFFF3C
S3150000FA10FFFFFFFFFFFFFFFFCFFFFFFFFFFFC0005E
S3150000FA200FFFFFFFFFFFFFFFFFFFFF25543FFFFF15
S3150000FA30FFFFFFFFFFFFFFFFFFFFFFFFFFFFFFFFD0
S3150000FA40FFFFFFFFFFFFFFFFFFFFFFFFFFFFFFFFC0
S3150000FA50FFFFFFFFFC003FFFFFFFFFFFFFFFFFFF72
S3150000FA60FFFF00002A659AAAA9AA5968003FFFFF6E
S3150000FA70FFFFFFFFFFFFFFFFFFFFFFFF03FFFFFF8C
S3150000FA80FFFC000000FFFFFFFFFFFFFFFFFFFCD5AD
S3150000FA9060FFFFFFFFFFFFFFFFFFFFFFFFFFFFFF0F
S3150000FAA0FFFFFFFFFFFFFFFFFFFFFFFFFFFFFFFF60
S3150000FAB0FFFFFFFFFFFFFFFFC0143FFFFFFFFFFF3A
S3150000FAC0FFFFFFFFFFF0000A69A9A5659696A696B7
S3150000FAD0803FFFFFFFFFFFFFFFFFFFFFFFFFFFFC72
S3150000FAE000FFFFFFFFC00000000FFFFFFFFFFFFF4B
S3150000FAF0FFFFF055703FFFFFFFFFFFFFFFFFFFFF18
S3150000FB00FFFFFFFFFFFFFFFFFFFFFFFFFFFFFFFFFF
S3150000FB10FFFFFFFFFFFFFFFFFFFFFFFF00570FFF86
S3150000FB20FFFFFFFFFFFFFFFFFFC0029A669A6AA66C
S3150000FB30AA69A6A9A00FFFFFFFFFFFFFFFFFFFFFB8
S3150000FB40FFFFFFFF00FFFFFFFFC002AC0003FFFF48
S3150000FB50FFFFFFFFFFFFF155558FFFFFFFFFFFFF81
S3150000FB60FFFFFFFFFFFFFFFFFFFFFFFFFFFFFFFF9F
S3150000FB70FFFFFFFFFFFFFFFFFFFFFFFFFFFFFFF09E
S3150000FB800D5500FFFFFFFFFFFFFFFFFFFF0029A549
S3150000FB90A6669A5A66699A5A5803FFFFFFFFFFFF47
S3150000FBA0FFFFFFFFFFFFFFFF003FFFFFFF00259561
S3150000FBB0A000FFFFFFFFF03FFFFFCD55554FFFFFB2
S3150000FBC0FFFFFFFFFFFFFFFFFFFFFFFFFFFFFFFF3F
S3150000FBD0FFFFFFFFFFFFFFFFFFFFFFFFFFFFFFFF2F
S3150000FBE0FFFFFFC01555403FFFFFFFFFFFFFFFFF71
S3150000FBF0FC039A6A9A6996A96A69A5A6AA00FFFFF4
S3150000FC00FFFFFFFFFFFFFFFFFFFFFFFFC00FFFFF2D
S3150000FC10FC026A6997003FFFFFFFC1003FFFF155F5
S3150000FC20554FFFFFFFFFFFFFFFFFFFFFFFFFFFFF38
S3150000FC30FFFFFFFFFFFFFFFFFFFFFFFFFFFFFFFFCE
S3150000FC40FFFFFFFFFFFFFFC015555C03FFFFFFFF30
S3150000FC50FFFFFFFFF009A6659A9AA96A99A66A9915
S3150000FC6065803FFFFFFFFFFFFFFFFFFFFFFFFFFF77
S3150000FC70F00FFFFFF00A5A69A6800FFFFFFFC55776
S3150000FC80003FF03AA9CFFFFFFFFFFFFFFFFFFFFF97
S3150000FC90FFFFFFCFFFFFFFFFFFFFFFFFFFFFFFFF9E
S3150000FCA0FFFFFFFFFFFFFFFFFFFFFFFC05555400AF
S3150000FCB0FFFFFFFFFFFFFFFFC0296A6A69966A968A
S3150000FCC09A96999AA6A00FFFFFFFFFFFFFFFFFFF7F
S3150000FCD0FFFFFFFFFC3FFFFFF006969669700FFFE0
S3150000FCE0FFFF0555570FFF00003FFFFFFFFFFFFF18
S3150000FCF0FFFFFFFFFFFFF0000FFFFFFFFFFFFFFF0C
S3150000FD00FFFFFFFFFFFFFFFFFFFFFFFFFFFFFFFFFD
S3150000FD1002556003FFFFFFFFFFFFFFFFC0DA99A652
S3150000FD2065AA569A6669A9A65A500FFFFFFFFFFFFC
S3150000FD30FFFFFFFFFFFFFFFFFFFFFFFFC025A5A699
S3150000FD405A5C03FFFFFF3555554FFC02553FFFFF39
S3150000FD50FFFFFFFFFFFFFFFFFFFF000000FFFFFFAA
S3150000FD60FFFFFFC00FFFFFFFFFFFFFFFFFFFFFFFCC
S3150000FD70FFFFFFFFC055C00FFFFFFFFFFFFFFFFFA5
S3150000FD800099A69AA699A9A6A669A669A9A803FF95
S3150000FD90FFFFFFFFFFFFFFFFFFFFFFFFFFFFFFFF6D
S3150000FDA0C0DA696A969400FFFFFFF555554FC355B3
S3150000FDB0553FFFFFFFFFFFFFFFFFFFFFFFFC0000B8
S3150000FDC0003FFFFFFFFFFF0003FFFFFFFFFFFFFFF7
S3150000FDD0FFFFFFFFFFFFFFFFF01703FFFFFFFFFF20
S3150000FDE0FFFFFFFF02696A596A69A9696A9A5A6937
S3150000FDF0A5A600FFFFFFFFFFFFFFFFFFFFFFFFFFBF
S3150000FE00FFFFFFFFC09A5A95A9A600FFFFFFC0D5C6
S3150000FE10558F3555563FFFFFFFFFFFFFFFFFFFFFE3
S3150000FE20FFF00D55800FFFFFFFFFFC0100FFFFFFF6
S3150000FE30FFFFFFFFFFFFFFFFFFFFFFFFFC380FFF86
S3150000FE40FFFFFFFFFFFFFFFC0D6A99AA5A66969A0D
S3150000FE50969A9A969A65C0FFFFFFFFFFFFFFFFFF86
S3150000FE60FFFFFFFFFFFFFFFFC065A69A5969003F2E
S3150000FE70FFFFF05555CF155950FFFFFFFFFFFFFF5E
S3150000FE80FFFFFFFFFFF026A69C0FFFFFFFFFF035E9
S3150000FE9040FFFFFFFFFFFFFFFFFFFFFFFFFFFFFF2B
S3150000FEA0FF003FFFFFFFFFFFFFFFFFF009A5A5A62D
S3150000FEB0A5A69A99A969A5A96A6A803FFFFFFFFFCF
S3150000FEC0FFFFFFFFFFFFFC3FFFFFFFFF006A65A686
S3150000FED09A69803FFFFFC955963F355163FFFFFF83
S3150000FEE0FFFFFFFFFFFFFFFFFFC096C65803FFFFA0
S3150000FEF0FFFF001570FFFFFFFFFFFFFFFFFFFFFF84
S3150000FF00FFFFFFFFFF00FFFFFFFFFFFFFFFFFFF009
S3150000FF10369A6A65AA6969A69A966A5A9699600F88
S3150000FF20FFFFFFFFFFFFFFFFFFFFF00000FFFFFCEB
S3150000FF3003969A65A696403FFFFF1555503FC95553
S3150000FF4073FFFFFFFFFFFFFFFFFFFFFFFFC0690219
S3150000FF506603FFFFFFFC005550FFFFFFFFFFFFFF9B
S3150000FF60FFFFFFFFFFFFFFFFFFC3FFFFFFFFFFFFD7
S3150000FF70FFFFFFF0269A5A6A5A5AA5A659AA66A6FC
S3150000FF80999A9C0FFFFFFFFFFFFFFFFFFFFFF000A7
S3150000FF90003FFFF002959A6965A6600FFFFCD555F4
S3150000FFA0683FC35550FFFFFFFFFFFFFFFFFFFFFF47
S3150000FFB0FF0265009503FFFFFFC00D5540FFFFFFE1
S3150000FFC0FFFFFFFFFFFFFFFFFFFFFFFFFFC3FFFF77
S3150000FFD0FFFFFFFFFFFFFFC019A5A69A65A65A6996
S3150000FFE0A969A5A5A9A69803FFFFFFFFFFFFFFFFCD
S3150000FFF0FFFFF000003FFFC00160969A9A69A00FCC
S31500010000FFFC5559563FFCD554FFFFFFFFFFFFFF8D
S31500010010FFFFFFFFFF01A70C09C0FFFFFFC015553A
S3150001002040FFFFFFFFFFFFFFFFFFFFFFFFFFFFFF98
S31500010030FFFFFFFFFFFFFFFFFFFFFFC09A6AA599C2
S31500010040AAA6AA5A96969A5A66A5A600FFFFFFFF88
S31500010050FFFFFFFFFFFFFF0000FFFFC02A6025969D
S315000100609A59900FFFFC1555563FFF0554FFFFFFA8
S31500010070FFFFFFFFFFFFFFFFFF01983F0280FFFF2A
S31500010080FF01555540FFFFFFFFFFFFFFFFFFFFFF8A
S31500010090FFFFFFFFFFFFFFFFFFFFFFFFFFFFFF0068
S315000100A06A596A9A965A56A5AAA69AAA665A6900DA
S315000100B0FFFFFFFFFFFFFFFFFFFFFFFFFFFFFF0048
S315000100C096900A6965A69803FFFF0395543FFF02C0
S315000100D058FFFFFFFFFFFFFFFFFFFFFFFF0190FF3D
S315000100E0C240FFFFFF0D555543FFFFFFFFFFFFFF17
S315000100F0FFFFFFFFFFFFFFFFFFFFFFFFFFFFFFFF09
S31500010100FFFFFF02A5A9969669A9A96A59696965BA
S31500010110A9AA5A803FFFFFFFFFFFFFFFFFFFFFFF77
S31500010120FFFFFC0399900669AA665803FFFFF000DA
S315000101303CFFC000003FFFFFFFFFFFFFFFFFFFFF88
S31500010140FF0260FF0980FFFFFC05555503FFFFFF16
S31500010150FFFFFFFFFFFFFFFFFFFFFFFFFFFFFFFFA8
S31500010160FFFFFFFFFFFFFF019A66A96A6999A69A39
S3150001017069AA6A6A5A96A6603FFFFFFFFFFFFFFF63
S31500010180FFFFFFFFFFFFFC0169980A969669A4032A
S31500010190FFFFF05603FF3555AC0FFFFFFFFFFFFFD3
S315000101A0FFFFFFFFFF02603C29C3FFFFFC1555550A
S315000101B003FFFFFFFFFFFFFFFFFFFFFFFFFFFFFF44
S315000101C0FFFFFFFFFFFFFFFFFFFFFC029A6669A625
S315000101D0969A96969A969696A5A6A6A00FFFFFFFC3
S315000101E0FFFFFFFFFFFFFFFFFFFFFC0A669801A667
S315000101F06999A403FFFFC55573FF1555554FFFFFB9
S31500010200FFFFFFFFFFFFFFFFFF02960C1903FFFF32
S31500010210F01555550FFFFFFFFFFFFFFFFFFFFFFF24
S31500010220FFFFFFFFFFFFFFFFFFFFFFFFFFFFFC0ACF
S3150001023065AA5A969A6BA9AAA969A9A9A9A65998BC
S3150001024003FFFFFFFFFFFFFFFFFFFFFFFFFFF006BB
S31500010250966401A6699A5A00FFFF055550FF155588
S31500010260554FFFFFFFFFFFFFFFFFFFFFFFC0698045
S315000102709603FFFFF01555540FFFFFFFFFFFFFFF2A
S31500010280FFFFFFFFFFFFFFFFFFFFFFFFFFFFFFFF77
S31500010290FFFFFC066A969969A9ABE6AFFE69996903
S315000102A05A69A9A403FFFFFFFFFFFFFFFFFFFFFF3F
S315000102B0FFFFF0069A64025A5A669A00FFFF155527
S315000102C058FF1555554FFFFFFFFFFFFFFFFFFFFFCC
S315000102D0FFC09A506403FFFFF0D555540FFFFFFF8F
S315000102E0FFFFFFFFFFFFFFFFFFFFFFFFFFFFFFFF17
S315000102F0FFFFFFFFFFFFFC069969A9A9669FD6BF0D
S31500010300EF9A5AAAA69A9A6A00FFFFFFFFFFFFFF1C
S31500010310FFFFFFFFFFFFF03969A60299A665A60058
S31500010320FFFF157D54FF0F95658FFFFFFFFFFFFF51
S31500010330FFFFFFFFFFF035AA600FFFFFF055555095
S315000103403FFFFFFFFFFFFFFFFFFFFFFFFFFFFFFF76
S31500010350FFFFFFFFFFFFFFFFFFFFF0299A9A5A9663
S31500010360A66EAAFEFF9A6BFFE999696900FFFFFF76
S31500010370FFFFFFFFFFFFFFFFFFFFF026999602A594
S31500010380A69A6600FFFF154254FFC005800FFFFFC6
S31500010390FFFFFFFFFFFFFFFFFFF00255800FFFFF8B
S315000103A0F05555403FFFFFFFFFFFFFFFFFFFFFFF38
S315000103B0FFFFFFFFFFFFFFFFFFFFFFFFFFFFF0292B
S315000103C0A5A6996A5A6F9BFAFBA5AFBEFE9A9696A9
S315000103D0803FFFFFFFFFFFFFFFFFFFFFFFFFF0264D
S315000103E09A6A036A599A6900FFFF154154FF00058D
S315000103F0803FFFFFFFFFFFFFFFFFFFFFFFFC000046
S31500010400000FFFFFF0555540FFFFFFFFFFFFFFFF06
S31500010410FFFFFFFFFFFFFFFFFFFFFFFFFFFFFFFFE5
S31500010420FFFFF01A6A65A9A6A9BF9F957FE6BFFFE0
S31500010430FFA5AA9A703FFFFFFFFFFFFFFFFFFFFF28
S31500010440FFFFF035A665025A69A59900FFFF15550C
S3150001045058FF1555700FFFFFFFFFFFFFFFFFFFFF5F
S31500010460FFFF00000003FFFFF0555503FFFFFFFFED
S31500010470FFFFFCFFFFFFFFFFFFFFFFFFFFFFFFFF88
S31500010480FFFFFFFFFFFFC0D6969A669659BB6F9A8C
S315000104906FD6FEBFBFE69969600FFFFFFFFFFFFF43
S315000104A0FFFFFFFFFFFFF036669A029696699A00F4
S315000104B0FFFC055550FCD5555573FFFFFFFFFFFFA8
S315000104C0FFFFFFFFFFFFF0000000FFFFF055540F95
S315000104D0FFFFFFFFFFFFF000003FFFFFFFFFFFFFF2
S315000104E0FFFFFFFFFFFFFFFFFFFFC0A9A9AA66A944
S315000104F0A9BE6F69AFAAF97EFBEA69A69C0FFFFF49
S31500010500FFFFFFFFFFFFFFFFFFFFF006699A02A54E
S31500010510A65A6500FFC34D5573FCD5555573FFFFAC
S31500010520FFFFFFFFFFFFFFFFFFFFFFC3FF003FFFCF
S31500010530F055540FFFFFFFFFFFFFF000000FFFFF15
S31500010540FFFFFFFFFFFFFFFFFFFFFFFFFFFFC06989
S315000105506965A969A6BE7E66AFD7F6BFAFF9A6964D
S315000105609803FFFFFFFFFFFFFFFFFFFFFFFFFC09F0
S3150001057099A501696A966900FF0550960FFF155501
S315000105805573FFFFFFFFFFFFFFFFFFFFFFFFFFFFAA
S31500010590FFC03FFFF055540FFFFFFFFFFFFFF015B0
S315000105A0D403FFFFFFFFFFFFFFFFFFFFFFFFFFFF7B
S315000105B0FFFFC06696A69A5A5ABE7E6A6FDBE6BBF5
S315000105C05FBD969A6403FFFFFFFFFFFFFFFFFFFF7B
S315000105D0FFFFFC099A66029A95A9A600FF255C0011
S315000105E03FFF0A95554FFFFFFFFFFFFFFFFFFFFF8D
S315000105F0FFFFFFFFFFC00FFFF055543FFFFFFFFF57
S31500010600FFFFFC055540FFFFFFFFFFFFFFFFFFFF59
S31500010610FFFFFFFFFFFF02A6AA5A5AA699BDBE9980
S315000106207EABE5BF9FF9A9A96600FFFFFFFFFFFFAC
S31500010630FFFFFFFFFFFFFC0296640D969A59960095
S31500010640FFC557000FFFC0003A0FFFFFFFFFFFFF77
S31500010650FFFFFFFFFFFFFFFFFFF003FFF055503FD6
S31500010660FFFFFFFFFFFFFC0D5550FFFFFFFFFFFFE1
S31500010670FFFFFFFFFFFFFFFFFFFF0299669AA5A598
S31500010680AAF9AF59BFDBFFFF5BFE5A5AA900FFFF6C
S31500010690FFFFFFFFFFFFFFFFFFFFFF0269A409A5A1
S315000106A0A69A6A00FFCD55554FFFC0FF0583FFFF90
S315000106B0FFFFFFFFFFFFFFFFFFFFFFFFFFFC03FF42
S315000106C0C055503FFFFFFFFFFFFFFF015550FFFFE2
S315000106D0FFFFFFFFFFFFFFFFFFFFFFFFFFFF019A86
S315000106E096A5A65A66F9AFAAFB9BFBEFEBEE69A5A9
S315000106F09980FFFFFFFFFFFFFFFFFFFFFFFFF000F6
S315000107009994266965A66600FFF2555573FC343F38
S315000107101573FFFFFFFFFFFFFFFFFFFFFFFFFFFF58
S31500010720FFFC00FFC15540FFFFFFFFFFFFFFFFC0BA
S315000107305550FFFFFFFFFFFFFFFFFFFFFFFFFFFF1B
S31500010740FFFF0DA5A9696A6A66B9AFFFFF6FAFFE24
S31500010750FFEDA5A99A80FFFFFFFFFFFFFFFFFFFF48
S31500010760FFF00000359A966A6A669403FFF05555C4
S3150001077063FC55CF2553FFFFFFFFFFFFFFFFFFFF81
S31500010780FFFFFFFFFFFF00FFC15500FFFFFFFFFF58
S31500010790FFFFFFC05550FFFFFFFFFFFFFFFFFFFFFA
S315000107A0FFFFFFFFFFFC0A6A69AA69A5A9B65FFFF9
S315000107B0BD6BD6FBFEFD9A5A9A403FFFFFFFFFFF36
S315000107C0FFFFFFFFFF0000000259A9969669A403E7
S315000107D0FFC5555573FF554F3553FFFFFFFFFFFF0C
S315000107E0FFFFFFFFFFFFFFFFFFFF003FC15503FFB5
S315000107F0FFFFFFFFFFFFFFF01550FFFFFFFFFFFFAA
S31500010800FFFFFF00000000FFFFFC06666996969A4F
S3150001081099A69AFBF5AFE6FFFFF99AA5A5603FFFFA
S31500010820FFFFFFFFFFFFFFFFC0000000003599A992
S31500010830A6996803FF1555AA4FF05573C553FFFFD7
S31500010840FFFFFFFFFFFFFFFFFFFFFFFFFFFFC03FB0
S31500010850C5540FFFFFFFFFFFFFFFFFFC1550FFFF12
S31500010860FFFFFFFFFFFFC00000000000FFFC06A620
S3150001087096A9A69A5A5A956A5A9BD6ED6FB9A5A614
S315000108809AA03FFFFFFFFFFFFFFFFFFF0000FFFFF3
S31500010890C00A5A59699A5803FF1554000FFC55634B
S315000108A00553FFFFFFFFFFFFFFFFFFFFFFFFFFFFF7
S315000108B0FCF3C03FC5540C0000FFFFFFFFFFFFFC28
S315000108C00550FFFFFFFFFFFFFFFC000000000000D7
S315000108D00FFC3969AA5A69A5A6A96A56699BEAFD58
S315000108E06FF69A5A69A00FFFFFFFC03FFFFFFFF0A7
S315000108F0003FFFEFFC0A669A99A6900FFF055C017F
S315000109000FFC555C1553FFFFFFFFFFFFFFFFFFFFC6
S31500010910FFFFFFF00000000FC15000000003FFFFC2
S31500010920FFFFFFFF0570FFFFFFFFFFFFFFC0000D89
S315000109306556F00000F0299A59A669AAA696A6AAB4
S3150001094069ABFAF9BEE65A9A66903FFFFFFC0003CF
S31500010950FFFFFFC003FEFAFEFB06A5A59A65A00FE1
S31500010960FFCD60154FFF15555563FFFFFFFFFFFFD5
S31500010970FFFFFFFFFFFFFC000000000F01500055C5
S31500010980540000FFFFFFFFFF0140FFFFFFFFFFFFD6
S31500010990FF0009555655555C00001A96A9A69A59A5
S315000109A06969A696969BBFF9FFE6A5A5A6500FFF16
S315000109B0FFF000003FFFFF003FBEFFBEFF09696970
S315000109C0A66A700FFFF3825543FF3555554FFFFF5A
S315000109D0FFFFFFFFFFFFFFFFFFFFC000000000005A
S315000109E00150055555500003FFFFFFFFC143FFFFAF
S315000109F0FFFFFFFFFC00555659695555C000966922
S31500010A00A6699A69A9AA99A69B9AFFBEFBD66A6AA4
S31500010A109A900FFFFFF000000FFFF003FBEFAFBF4F
S31500010A20AF019A5A6696403FFFFC05558FFFC9559F
S31500010A3055CFFFFFFFFFFFFFFFFFFFFFFFFF000394
S31500010A40FFFFF0000000D555555555003FFFFFFF4C
S31500010A50C040FFFFFFFFFFFFFC0D5656559556554B
S31500010A605800AA69669A9AA696FF9AE9AFE5FBFF2E
S31500010A70FB5A666599980FFFFFC00FC00FFFF00F75
S31500010A80FBEFFBEBFF0296A669A5003FFFFC95561F
S31500010A900FFFF055573FFFFFFFFFFFFFFFFFFFFF70
S31500010AA0FFF000FFFBEFC00FC00D55555555555CC6
S31500010AB00FFFFFFFC050FFFFFFFFFFFFF035565549
S31500010AC0655655A5550069A6A99A65565BBFEBFE05
S31500010AD06FE66FEBFE69A6A6A9AC0FFFC0003FF05B
S31500010AE003FF003FBEFBFBFFBBC06966996A00FFBF
S31500010AF0FFF055D73FFFFC0E80FFFFFFFFFFFFFF13
S31500010B00FFFFFFFFFFC00FFBBEFB00FFF0155555B2
S31500010B10555555550FFFFFFFF0503FFFFFFFFFFFF4
S31500010B20F0156569596569565970D69A5A956A805C
S31500010B3030FB9FBF7EAA5AFFA9A59A5A5A500FFCAD
S31500010B4000003EFC00FF00FEFEFBBEFBFBC09A99C7
S31500010B509A9400FFFFF155963FFFC000003FFFFF4B
S31500010B60FFFFFFFFFFFFFFFFFF003FBFAFBC0FFE11
S31500010B70FC1555555555555543FFFFFFF0503FFFA1
S31500010B80FFFFFFFFF0D559559555555595501A5A02
S31500010B90956B00000005AFFBBE5AA56A969A99A906
S31500010BA0A6980FF000003FEF003C03EFEFBFBEFB3E
S31500010BB0EFB0259A656003FFFFF0555503FFC55554
S31500010BC0550FFFFFFFFFFFFFFFFFFFFFFC03FBEEDC
S31500010BD0FBF03FAFAC1555555555555550FFFFFF29
S31500010BE0FCD03FFFFFFFFFFFC0959595565956591B
S31500010BF0569C29A5AA0000000001BFBFFEA56A55A3
S31500010C00A65A6999A6900FF000003EFFC0000FEFAB
S31500010C10BFBEFBEFBEF00166668003FFFFFC2555F4
S31500010C2053FFC555558FFFFFFFFFFFFFFFFFFFFF77
S31500010C30C00FFBEFFBC3FBFBF0155555555555553D
S31500010C40503FFFFC00003FFFFFFFFFFC00D5565958
S31500010C50655695556558069680003FFEFFC0BF6FE5
S31500010C60EFFE96AA6A696A5A5A503FC00FFFFEFB09
S31500010C70C0003FBEFBEFEFBEFEFC00E5AC000FFF80
S31500010C80FFFF025553FFC555554FFFFFFFFFFFFFFE
S31500010C90FFFFFFFFC03EBEFBBF0FFBFBC00055556C
S31500010CA055555555543FFFC000000FFFFFFFFC008F
S31500010CB000D6555555A55965655405A0003FBEEFAB
S31500010CC0AFB03E6FEFFFFA6665A696A6A5A03F00F8
S31500010CD03FFFBFBEF0003FBEFBEFBFBEEFEF000020
S31500010CE000003FFFFFFFF02573FFCD5555CFFFFFF6
S31500010CF0FFFFFFFFFFFFFFFC00FFEFBFAC3FBEBFE3
S31500010D000000555555555555550FFF00000003FF79
S31500010D10FFFF00000015696659555596565408009F
S31500010D203FEFBEFBFBFC0E6FFFBBFF6A6A96A9A6EF
S31500010D306A900F00FEBFBBEFB00C0FEFBEFBFBEFDF
S31500010D40FBEFF0000000FFFFFFFFFF00CFFFF00900
S31500010D50563FFFFFFFFFFFFFFFFFFFFC03AEFBEF69
S31500010D60F03FAFEC0555555555555555550FF00006
S31500010D705557003FFFC0000000159555655965950B
S31500010D805654000FFEFBEFBEFBEF01AEE6FFBF9927
S31500010D90A5A9696A5A603F03FBEBFBEFB0140EFB92
S31500010DA0EFBEFBEFBEFBFC000000FFFFFFFF00F004
S31500010DB0C3FFFC155CFFFFFFFFFFFFFFFFFFFFF017
S31500010DC00FFEFBEEC3FBFBF0155555555555555515
S31500010DD05543C0355555500FFC0000000035565996
S31500010DE056596559956403FEEFBEFBEEEEFFC25FF1
S31500010DF0F55BFB99A9AA9696A5603C03FBFEFEFB53
S31500010E00F0270FBEFBFEFEFBEFBEBFFC3F00FFFF60
S31500010E10FFFC170153FFF35540FFFFFFFFFFFFFFE5
S31500010E20FFFFFFC03EFBEFBEC3EFBEC05555555594
S31500010E30555555555540005555555700C0000000AC
S31500010E40000656569595565599540FEFEFBEFBEF92
S31500010E50EFAFC0ABB9A5AF6A5A56AA9A6A703C03FE
S31500010E60EFBEEFBFB0160FEFBEEFAFFBEFBFEFFF69
S31500010E70FF00FFFFFFF0556558FFC555AC3FFFFF6B
S31500010E80FFFFFFFFFFFFFF00FEBEBEFB0FEFAFC17F
S31500010E905555555555955555555005555555554025
S31500010EA000000000000965655956956555940FBE09
S31500010EB0BEFBEFBEBFBEF01BF9A95966A6A965A97F
S31500010EC06A403C03EFEFEFBEF01A0FEFEFEFFBBE08
S31500010ED0FBFBEEBEBEC03FFFFFF1555554FFC555A6
S31500010EE0553FFFFFFFFFFFFFFFFFFF03EFEFFBECA8
S31500010EF03EFBFB0D55555555555555555550D55533
S31500010F005555554000000000000155555655596587
S31500010F10659C0FBFFBEFBEFBFBFAF02BFA5AA6A6A8
S31500010F20699A9A669680FC03FAFEFEFBF0160FBEDE
S31500010F30FBFAFBEFBFBEFFEFEFC03FFFFFCD5555FD
S31500010F4058FFC555563FFFFFFFFFFFFFFFFFFC0F91
S31500010F50EFEFBFB03EFBFC0555555555555555555B
S31500010F6055505555555555000000000000005A5979
S31500010F70A569595659503EFAFBAFBEFBEBEFBC07CC
S31500010F80F9A6A69A69A5A96A9980FC03BFBEFBEFDB
S31500010F90B0260FFBFBBFBEFBFBEFBBEFEFB03FFF86
S31500010FA0FFC55955B0FFCE55553FFFFFFFFFFFFF68
S31500010FB0FFFFF00FBEBEBEB0FFBEB015555555556D
S31500010FC0555555555554D55555555C0000000000ED
S31500010FD0000095655595959655603EFBEFFBEFBE76
S31500010FE0FEFFBB07BDA65A69A66A5A996900FF03A7
S31500010FF0EFEFBFBEF01A0FBFBFBFBFBEFBEFBEFA1A
S31500011000FBF00FFFFFC5525A03FFF000FC3FFFFF45
S31500011010FFFFFFFFFFFFF03EFBFBEFC3EBEFF055DA
S315000110205555555555555555555415555555400014
S315000110300000000000003556595595956540FFBFE3
S31500011040AEFAFBEFBEEBFB0AF5A9A969A69AA69A29
S31500011050A603FF03FEFBEFBFF0160FEFBEFBEBFE91
S31500011060FEFBEFFFBEF00FFFFFC9555550FFFCD544
S315000110705003FFFFFFFFFFFFF000C0FEFBEBEFCFCA
S31500011080FEFBC1555555555559555555555405559B
S315000110905555000000000000000005955965595995
S315000110A059C0FBEBFEBFBEFBBFEFBF0DA699A69ACB
S315000110B05A9969696403FF03FBFBEFEBB0260FEF57
S315000110C0EFEFFEEFAFBEFBAFFEF00FFFFFCD5555C5
S315000110D054FFFC555553FFFFFFFFFFFFC00000FB08
S315000110E0EFBFFB0FBEFB015555545555555555558B
S315000110F055550015555C000000000000000003591D
S31500011100956659659503FAFEFBEFBEFBEBBEFB093F
S315000111106A5A669AA96A9AA69803FF03FBBEFAFF62
S31500011120B0170FBEFBEEBFEFFBEFFBFEEFAC0FFF01
S31500011130FFF1555558FFFC55555CFFFFFFFFFFFFBB
S31500011140000000FBEFBEBF3FAFBF015555503555FF
S31500011150555555555555000D5540000000000000E8
S31500011160000000D5665595656403BFBEEFEFEBEF52
S31500011170FFBEFB0A9AA69A69A6A5A65A980FFF0072
S31500011180FFBEFFFBF0170FFBFBFFEBFAFD55BFBEE2
S31500011190FBFC0FFFFFF3555550FFFCD5555CFFFFD8
S315000111A0FFFFFFFC0D5403EFBEFBEC3BFBEC0155CF
S315000111B05570055555555555555505405500000071
S315000111C00000000000000005659596565C0FBFBB48
S315000111D0EEFAFFBEBBEFBF069969A9A6669A6A69D0
S315000111E0600FFF00EFEFBEBFB0270EFBBED5FEBFFF
S315000111F0E5557EFBFBFC03FFFFF0000003FFFC004F
S31500011200A553FFFFFFFFFFFC05A603EFBEFBFCFB9B
S31500011210FBE00D5555501555555555555555055C1C
S315000112201400000000000000000000035599565903
S31500011230503FEBFBFBEFFEBFBEFBEF066A9A6696DD
S315000112406969A5A6603FFFC03EFBEFEFB0140FBF73
S31500011250BF55FFEFD5555FEFBEBC03FFFFC00002D0
S3150001126058FFF06BC3C3FFFFFFFFFFF026A70FBEBA
S31500011270FBFC003EBEF04155555455555555555547
S31500011280555505550000000002B6EF830000000029
S315000112901959659540FAFEBEBFBF3FEBEFBEFC266E
S315000112A09696A56999A5AA9A403FFFC03EFBEFEF26
S315000112B0F0D40FBEFA56EBFB95555BBEFFEC03FF70
S315000112C0FF0543CD573FF1555550FFFFFFFFFFF097
S315000112D01A540FBEFBC0000FEFC341555555555566
S315000112E06555555555553555C0000000055555559B
S315000112F0566F000025965966403FBEFEFAF83BFE42
S31500011300FBEFB0D9A9A96A00029A5A5980FFFFF0EA
S315000113103FBEFAFAF0E40EFFFD57FEBF556557FBD7
S31500011320EBEF03FFFF1553CD553FF155555CFFFF1D
S31500011330FFFFFFF019A80FEFBF026A03FBC151556A
S31500011340555555555555555555551555400000009A
S3150001135005595555555555AF56565965700FBBEB41
S31500011360EFEC3BBEFBEFB09A59595000002AA5A9F4
S3150001137000FFFFF03FBEFFBFF0D43FE5B55FBFED15
S3150001138055B557EFBEFF03FFFCD550C1553FF1558B
S31500011390555CFFFFFFFFFFF0259C3EFBEC259640C9
S315000113A0FB0D5155555555555555555555553555AC
S315000113B050000000059596596955595565A5A5969C
S315000113C05003FBFBEFBCFFBFBEFBC256AAAC00003D
S315000113D00005AA9603FFFFF00FEFBFBF80983EF509
S315000113E0555FEBFD56F956EFBFBB03FFFCD55CC15C
S315000113F055CFF0395553FFFFFFFFFFFC26903EFB0B
S31500011400F0DA9A50FF055C555555555555555555C4
S3150001141055551555500000003595555955A5965504
S31500011420965956595000EFBEFBFCFEEBEFBF02C0CA
S3150001143000000055540155A403FFFFF00EFBEBFB22
S31500011440C0983EF55556BFB556F956FBFBFB03FF53
S31500011450FCD5540155CFFC0358A3FFFFFFFFFFFC4A
S3150001146005503FBEB05969983C35555555555555AA
S31500011470555555555554155554000000255BFD55D8
S31500011480965596695A5A69659C0C3EBEFBECEFFE71
S31500011490FBEF00000000025555003A9C03FFFFF0E8
S315000114A00FBFFEFBC0983FBE555555F55BED56FB8C
S315000114B0EFBF03FFFF15560D55FFFCC15803FFFF94
S315000114C0FFFFFFFC02A03BBFC26696943C15555533
S315000114D055555555555555555554155554000000F6
S315000114E016000016595965566596596594070FEF0A
S315000114F0BEBCFBBEBEFC000000000055554000000E
S315000115000FFFFFC03FBEBEFEC05C3BEF9555555574
S315000115105FBD56FEFEFF03FFFF155555553FF255BC
S315000115205583FFFFFFFFFFFF0000FBEBC1A69A6893
S315000115303C155555555555555555555555541555EE
S3150001154054000000A00000D65959659665D6D69973
S31500011550640DC3FBEFFCFBEBEFB03FFFFFFFC35591
S3150001156055400000000FFF003EFBEFAFC0503FEFBC
S31500011570D55555555ABD56EFBEEB03FFFF155555CB
S31500011580563FF1555553FFFFFFFFFFFFC000FEFE1B
S31500011590C299696400555555555555555555555575
S315000115A05554155554000003000355555596596970
S315000115B06969565D670170FEFBECFEFFEFC0FFFF38
S315000115C0FCFEC1555560000000000C00FEFBFBFE51
S315000115D0C3503EFBD5A95555555556FBEFFF03FFA5
S315000115E0FF055555673FF1555553FFFFFFFFFFFFB8
S315000115F0FF00FEFEC25A65A4005555555555555571
S3150001160055555555555705555400000C0095555BD4
S31500011610FF555965D75675D595029C3FF0ECEFBE3F
S31500011620FAC3FBEF003F01555550EAC00000000325
S31500011630FBEFBFBEC290FBFB95BF9555555555BEF9
S31500011640FBBF03FFFFC9595654FFF3555563FFFF0F
S31500011650FFFFFFFFFFC0FFAF82669A58035555553E
S315000116605555555555555555555403555400026014
S31500011670055565C0000D6696566D659699029603E9
S31500011680CC3CFFAEFF0FBFC0003B05555550AAAA83
S31500011690B000000FFBEFEFBF01A0FBBF95BFFA56ED
S315000116A05555555BFBEB03FFFFF1559550FC300E8D
S315000116B0AA43FFFFFFFFFFFFFFC0FBFBF3659A583D
S315000116C001555555555555555555555555540005BD
S315000116D05009958015655C000000565D7595DA65C3
S315000116E059006980150CFBFEEC3FF000E83C0555FE
S315000116F05550AAAAAABC000FBEFEFBEB0160FFBEB5
S31500011700D57AFD5555556555FEFF03FFFFF09555F5
S3150001171043F000C0140FFFFFFFFFFFFFFFC0FBFBFD
S31500011720F069A59801555555555555415555555588
S315000117305554000370555503555580000000356515
S3150001174099D6975E65C06A6025403BEFEC3F003550
S31500011750983C35555550E6AAAAAAA00FEFBEFBFF45
S315000117600270FBEFD57FB956A5565555BEFB03FF53
S31500011770FFFC0A6B0FC554C15543FFFFFFFFFFFF77
S31500011780FFC0FEBEB0DA69A0015555555555550045
S3150001179055557005555400000156540156960000E2
S315000117A000000D669D6D7595B540A6980D503FAF2D
S315000117B0B000396A583C15555570AA9AAA9AA03FA5
S315000117C0EFBFBEFB0940FBEFD56FB55BFA955555EB
S315000117D0BFBF03FFFFFFC000FFC554055563FFFFF1
S315000117E0FFFFFFFFFFC0EFEFFC2565800D55555547
S315000117F055555403555543C15554000001659C0583
S315000118005554000000000199665965E5564019A531
S31500011810015C00FEC00D6E5AACFC155555706AA9E7
S31500011820A6AA903EFBEBFEFB0583FEFAE55BD55BC4
S31500011830FFE55556FBEF03FFFFFFFFFFFFC55615FB
S315000118405553FFFFFFFFFFFFFFC0FBEFAF025B003A
S315000118500555555555555C015555055055540000CE
S3150001186009555015659C00000000005D75D7996B00
S315000118705A701A6A4156F0030F5800A598FC15557F
S315000118805570AA6AAAA9A00FBEFFAFBC0683EFBF17
S31500011890F555556FAFD55AABEFEF03FFFFFFFFFFCE
S315000118A0FFC55555555CFFFFFFFFFFFFFFF0FBFB33
S315000118B0FFC0000F0555555555555001555735D0A3
S315000118C0555000000D5A709565500000000000D675
S315000118D099A59E55A550269A4D5555C036000D6AB7
S315000118E0582C155555706AAAA9AAA00FBEFBFBEC88
S315000118F02983EFBEB955557EFB956FFFBEFB03FFEE
S31500011900FFFFFFFFFFC555559558FFFFFFFFFFFF7F
S31500011910FFC0FEBEFBF0003C3555555555555005EB
S31500011920555401DC55500000015540565640000003
S3150001193000000025D75D65D9659029A50595555007
S31500011940140E969A683C15555550AAA9AAA69C0F3D
S31500011950FBEFBFEC1903FBFBFD5555BEFF556EEBC7
S31500011960FBFC03FFFFFFFFFFFFC555555594FFFF26
S31500011970FFFFFFFFFFF0FFEFAFB3FFF8155555551A
S3150001198055555005555401B4155000000165425690
S315000119905540000000000039665A759E5D5009A643
S315000119A0355955582A59A69AA73C15555550E6AAB0
S315000119B09AAAA803FBEFEEF0D50FBEFBEE5556FB38
S315000119C0ED556FFEFBAC0FFFFFFFFFFFFFC956553D
S315000119D0E558FFFFFFFFFFFFFFF0FBEFFEB3FFBC84
S315000119E01555555555555015555403541540000078
S315000119F00155C16569C000000000000675E75B5529
S31500011A00D69C0A671565965509A96965580C155539
S31500011A1055502A9BAA9AA7003EFEFEF0670FBEFE0E
S31500011A20FFA56BEFB555BEBEFFFC0FFFFFFFFFFF26
S31500011A30FFC155660558FFFFFFFFFFFFFFF03BFAA9
S31500011A40FBF3EFAC1555555555555015555405F441
S31500011A5015400000019901555500000000000007DE
S31500011A60599696759658066416559659C1A6966B5B
S31500011A70000C155555501AA9A6AAAAC003FBEFC01A
S31500011A80580FEFAFBBFABFBEF556FBEFAEFC0FFF2B
S31500011A90FFFFFFFFFFF255583550FFFFFFFFFFFF26
S31500011AA0FFF03EBFBBF3EEFC155555555555401598
S31500011AB05554D9741540000002550D5A55000000C1
S31500011AC00000000D6D79D66969640E58D559559592
S31500011AD04156A000003C15555550EAAAAAA9A9B03D
S31500011AE0000F0000003EFBFFBFBFFBFBD556FBFF0F
S31500011AF0FEEC0FFFFFFFFFFFFFFC95501553FFFFA5
S31500011B00FFFFFFFFFFF03FEFBEF3BEFC1555555536
S31500011B105555403555541F541500000000650955AB
S31500011B20650000005400000196596D5E5964000C71
S31500011B3059656956430000003FE01555555029A6E1
S31500011B40AA9E9AAC0000000000FEFBEBEFBEFBEF85
S31500011B50B55BEFBAFBE00FFFFFFFFFFFFFFC39C3E9
S31500011B600563FFFFFFFFFFFFFFF03BEEFEF3FBEC1C
S31500011B70D555555555554005555417D417000000F0
S31500011B80005505959700000155000002979D65D502
S31500011B90D757000055655565800003FFBEF0155502
S31500011BA05550DAAA9AAAAA9AC000000000FFBEFE02
S31500011BB0FBEFBEFEFABFBEFFBFB03FFFFFFFFFFF59
S31500011BC0FFFFC03FC383FFFFFFFFFFFFFFF03EFBA9
S31500011BD0EFB3EFBC55555555555540155554257818
S31500011BE0D400000000960959570000055500000170
S31500011BF07966D699659703F056569659C3FEFEFB4C
S31500011C00EFB055555550EAAAA9A6AAAAAC000000FC
S31500011C10003BEFBFBEFBEFBEFFFBFBEFBEF03FFF9E
S31500011C20FFFFFFFFFFFFFFFFFC0FFFFFFFFFFFFFB0
S31500011C30FFFC0EFBEBF3BEF0555555555555C0D57A
S31500011C4055542D745000000000D605656700000547
S31500011C505540000259E59D79699503F0565556554B
S31500011C600FAFEFBEFBC055555550E69A6EAA9A6A5C
S31500011C706AA80000003FEFBBEFFBEFBFBEFBEFBE64
S31500011C80FBF03FFFFFFFFFFFFFFFFFFFFFFFFFFF30
S31500011C90FFFFFFFFFFFC0FBEFEF3FBE05555555559
S31500011CA055550055555417DC5000000000150965BF
S31500011CB05700000555C00002995D6957956903E310
S31500011CC0596595650FFBEBEFBEC355555550DAAA1D
S31500011CD0A6A9AAAAA6A00C02800FBEFEFBBEFEFB09
S31500011CE0EFBEFEFBEF803FFFFFFFFFFFFFFFFFFFA2
S31500011CF0FFFFFFFFFFFFFFFFFFFC0FBEFEF3EFB08D
S31500011D005554355555550155555417504000000049
S31500011D1000190D569700000555000001A75A76D502
S31500011D20675503E0555965943EBEBEFBEFC1555557
S31500011D305550AAA6AA6AAAA6A9C014018003FBEF58
S31500011D40BFBEFBEFEFBEFBEFEFC0FFFFFFFFFFFFE5
S31500011D50FFFFFFFFFFFFFFFFFFFFFFFFFFFF0FEF8C
S31500011D60AFB3EFB055C00555555401555554ED70F7
S31500011D704000000000250D55570000055500000DD7
S31500011D8075B55669659500FC5C9556543FEFFEFAAC
S31500011D90FAC155555550E6AAAAAAA6AAA800500DF9
S31500011DA04003FBFBEFEFBFBEFBEFBFBEFA00FFFF39
S31500011DB0FFFFFFFFFFFFFFFFFFFFFFFFFFFFFFFF2C
S31500011DC0FFFF03EFFBF0FBF0540555555554015544
S31500011DD055509D7140000000000501696500000134
S31500011DE05400000E59679D675969C0FC0016595C7D
S31500011DF0FAFAEFAFBFC155555550EAA9AA9AAA9E5C
S31500011E005009400A40C0FEBEFAFFBEFBFBEFBEFB17
S31500011E10FF00FFFFFFFFFFFFFFFFFFFFFFFFFFFFCA
S31500011E20FFFFFFFFFFFF03FAFBE0BEE050555555EC
S31500011E305554015555507771000000000005815534
S31500011E4055000000D00000059B5659D65A5540EB67
S31500011E503C165590FFBFEBFFBEC155555550AA6ABA
S31500011E60A6AA6DAA8015000580F03FEFFFBBEFEF34
S31500011E70BEFBEFEFAF03FFFFFFFFFFFFFFFFFFFF1C
S31500011E80FFFFFFFFFFFFFFFFFFFFC3BFBEFCEFE04A
S31500011E90715555555554015555737541000000004E
S31500011EA0000581569500000000000009966D7595A4
S31500011EB0A59640FFBF056F73EBEBBEFBEFC1555512
S31500011EC05550E6AAAAA79AA6C097002980FC0FEF4B
S31500011ED0AFFBEFBEFEFBFBEFFC03FFFFFFFFFFFFC8
S31500011EE0FFFFFFFFFFFFFFFFFFFFFFFFFFFFC0FB3E
S31500011EF0EFBCFBFC415555555554055555415DC53E
S31500011F000000000000054265590000000000003590
S31500011F10A5D5A669559640FBFBC30003FEFFBEEBA4
S31500011F20EFC155555550EAA9A9B6AAA901600019EC
S31500011F3000EF03BEFAFEFBFBEFBFBEFEFC0FFFFF89
S31500011F40FFFFFFFFFFFFFFFFFFFFFFFFFFFFFFFF9A
S31500011F50FFFFC0FEFBECFEBCC55555555555555505
S31500011F605505DD0500000C000009435559800000A8
S31500011F70000000265D5A5966996540FEFBF00C0E7D
S31500011F80BEFAFBFEFAC155555550DA9B9AAAAA69C3
S31500011F9002C0201903FF00FEFFAFFBEFBFBEFEFB31
S31500011FA0F00FFFFFFFFFFFFFFFFFFFFFFFFFFFFF39
S31500011FB0FFFFFFFFFFFFF03EFBECFFEC055555551C
S31500011FC0555555555437D50500001700003570593C
S31500011FD095400000000000D659659D575965703E31
S31500011FE0FBEFFFBFEBEFEFAFBFC355555550EAAA65
S31500011FF0AA9AA6AAC000E0A603EBC03BEFFBBEFE71
S31500012000FBEFEFBFB03FFFFFFFFFFFFFFFFFFFFF4C
S31500012010FFFFFFFFFFFFFFFFFFFFF03FBEFC3BECB3
S3150001202005555555555555555405741500001580DA
S3150001203000165095567000000000005975A5D695FA
S315000120406596703BEFBEEBEBFFBEEEFBEFC355555E
S315000120505550E6A9AAAA6AAA8002B05403FEF03F27
S31500012060BEFBEFBEFBEFBFBEC03FFFFFFFFFFFFFA3
S31500012070FFFFFFFFFFFFFFFFFFFFFFFFFFFFFC0F5C
S31500012080BEF83BFC055555555555555550435C1500
S315000120900000955000555016655000000000025989
S315000120A0659965795655503FBEBEFEFEBEBEFEFA27
S315000120B0FAC3555555502A9AA6A6AAA9ABAA4050C5
S315000120C003BEFC03FBEFEFBFBEFBFBEF00FFFFFF11
S315000120D0FFFFFFFFFFFFFFFFFFFFFFFFFFFFFFFF09
S315000120E0FFFFFC0FEFBF3EBC0555555555555555E0
S315000120F05003905400005955A56594155594000058
S3150001210000000956965D65569659503EFBEFBEFF97
S31500012110EBEFBBEFBFC3555555501AAAAA6AAA6A77
S31500012120AAAA434043EFAF00EFBEFBEBEFBEFBECC9
S3150001213003FFFFFFFFFFFFFFFFFFFFFFFFFFFFFFA4
S31500012140FFFFFFFFFFFFFF03EFBF3FEC05555555AF
S315000121505555555550F54354000055A555955435DB
S3150001216099560000000025A55A565A956559603EB4
S31500012170FBEFBEEBFFEFBFBFBEC0555555502A6AF8
S315000121809BAAA6AA69AA800142FBFF003FBEFBFEED
S31500012190FBFEFEFC03FFFFFFFFFFFFFFFFFFFFFF4D
S315000121A0FFFFFFFFFFFFFFFFFFFFFFC0FBEB0FEC92
S315000121B005555541555555555055C1540002595669
S315000121C0595A5605596580000003555965A5956903
S315000121D05965903FBEFBEFBEBEFBEBBBEFC155554C
S315000121E0555C2AA9B5AA6AAAAAAA800542FBE800F3
S315000121F00FFBEFBFBEEFAFF00FFFFFFFFFFFFFFFCC
S31500012200FFFFFFFFFFFFFFFFFFFFFFFFFFFFFFC016
S315000122103EFFCEFB0555550055555555543C055CBD
S3150001222000016559595565C155655C000035595917
S31500012230655965569595900FBEFBEBFBEBFBFBFADB
S31500012240FBC15555555429AAAAA6AA9AAA9A702538
S3150001225043EFBF0000EFBEFBEFEFFBC03FFFFFFF09
S31500012260FFFFFFFFFFFFFFFFFFFFFFFFFFFFFFFF77
S31500012270FFFFFFF00EFAC3BF01555500D555555561
S31500012280540015500001659595A565435656558030
S31500012290396596965959669556595C0FEFBEFEEF0C
S315000122A0FBBEBEEFBEC35555555C2AAA9AAAAAAA79
S315000122B09AAAA8054EFEFB0F003FFBEFEFBEFC00FE
S315000122C0FFFFFFFFFFFFFFFFFFFFFFFFFFFFFFFF17
S315000122D0FFFFFFFFFFFFFFFC03FFC3EF0155554063
S315000122E055556555554155500009559595565550C5
S315000122F056556555565595565996556965555C0316
S31500012300EFBEEFAEBFBEFEFFBEC3555555542A9A6A
S31500012310AA9AA6A9EA6A98054FBEFC0FC003EFBEAA
S31500012320FBFBF003FFFFFFFFFFFFFFFFFFFFFFFFC9
S31500012330FFFFFFFFFFFFFFFFFFFFFFFF00FBF3FFB5
S315000123400155555155555555555555400005955904
S315000123505A55595565695656565959655596595599
S3150001236065969400FBEBEFFFEEFBEBEBEFC35555E8
S31500012370555C29B9AAAA7A9E6AA9A8054FBBEC0F92
S31500012380FC003FBEFBEF000FFFFFFFFFFFFFFFFF5C
S31500012390FFFFFFFFFFFFFFFFFFFFFFFFFFFFFFFF46
S315000123A0F00FB0FA005555555555555555555540EB
S315000123B00000005555695965565596556559596533
S315000123C0A5659696556554003EFFBEBAFEEFBFBEA3
S315000123D0EF805555555C2AAAA9AAA9AAA9AAA405B6
S315000123E04EFBEC0FFF0003FFBFF0003FFFFFFFFFB7
S315000123F0FFFFFFFFFFFFFFFFFFFFFFFFFFFFFFFFE6
S31500012400FFFFFFFFFC00303F00555555555555550B
S3150001241055555540000000266555959659559569BF
S315000124205595955556556556596564043FBBBBFF91
S31500012430AFEFBEBEFBC0555555542A9AAAA9AAA606
S31500012440AAAAA80572FEF80FFFF00000000003FF1C
S31500012450FFFFFFFFFFFFFFFFFFFFFFFFFFFFFFFF85
S31500012460FFFFFFFFFFFFFFFFFFC0000004155555EB
S3150001247055555555555555000000000556959595E8
S31500012480659959559955969A595A55655956540506
S315000124900FBFBEEBFAFBEBEFBEF05555555C29AA13
S315000124A06A6AA6AAA6A6A40553EFBC0FFFFF000001
S315000124B000003FFFFFFFFFFFFFFFFFFFFFFFFFFFE3
S315000124C0FFFFFFFFFFFFFFFFFFFFFFFFFFFC000016
S315000124D001355555555555555555550000000009B9
S315000124E095595959655959595969555559555965FD
S315000124F09595940543EEFEFEFBFAFFEFBEF05555AA
S31500012500555C1AAAA7AAAAAA6AAB680572FBEC3F90
S31500012510FFFFF0000003FFFFFFFFFFFFFFFFFFFFCD
S31500012520FFFFFFFFFFFFFFFFFFFFFFFFFFFFFFFFB4
S31500012530FFFFF00003455555555655555555540061
S315000125400000000D595655595655959565556965BD
S3150001255095A596559559670543EFEBEEEFAFBEBED0
S31500012560FBF0D555555C2AA6AA9A9A9AAAAAA80555
S3150001257042FBEC3FFFFFFFFF3FFFFFFFFFFFFFFFB8
S31500012580FFFFFFFFFFFFFFFFFC3FFFFFFFFFFFFF17
S31500012590FFFFFFFFFFFFC03F0041555555555555FC
S315000125A055555C000000000D5665665595655656F5
S315000125B056565555955595595A56570D50FBBFAF19
S315000125C0EFBFAFFAFBB0555555502AAAA9AAAAAA38
S315000125D0AA69A60143BEFC3FFFFFFFFFFFFFFFFF06
S315000125E0FFFFFFFFFFFFFFFFFFFFFFFFF00FFFFFF3
S315000125F0FFFFFFFFFFFFFFFFFFFFC03C24155555FF
S31500012600555555555555500000000005965595658B
S315000126105965A56595A556955A5959955565570113
S315000126205C3BEFBEBEFBFAEFBFB0555555501A6A7B
S315000126309AAA79AA6AAA9C0003FEFC3FFFFFFFFF44
S31500012640FFFFFFFFFFFFFFFFFFFFFFFFFFFFFFFF93
S31500012650F003FFFFFFFFFFFFFFFFFFFFFFFFC0FCD0
S3150001266014155555555555555555704000000005DD
S3150001267059595965965555955955A55A5559555A04
S3150001268065596501543EFAFBFAFAFFBFAFC05555CD
S31500012690555C2AAAAAA6AAAAA79AC00000EFB03F2B
S315000126A0FFFFFFFFFFFFFFFFFFFFFFFFFFFFFFFF33
S315000126B0FFFFFFFFC000FC00FFFFFFFFFFFFFFFF63
S315000126C0FFFF00F057055555555A5555555541507B
S315000126D00000003565955655955A59596559555510
S315000126E06595A59556959701543EFFEFBFBFAFBBC4
S315000126F0FAC0555555501AA9B6AA9AA6E66C000015
S31500012700FC3FB0FFFFFFFFFFFFFFFFFFFFFFFFFFE4
S31500012710FFFFFFFFFFFFFFFFC04000003FFFFFFF7E
S31500012720FFFFFFFFFFFC03F0550155555555555564
S315000127305555415000000016555B002559955956CF
S3150001274056595A656559559595559501550FAEEFEB
S31500012750AFBFBEFBBF8055555550DA9AAAAAAAAD9E
S315000127606B0000FFFC03C0FFFFFFFFFFFFFFFFFF42
S31500012770FFFFFFFFFFFFFFFFFFFFFFFF02600030CC
S315000127803FFFFFFFFFFFFF0003FC03F055405555D8
S3150001279055555555555505540000035559400016D4
S315000127A05559956559559556565559596569550160
S315000127B0550FFAFBFBEBFAFBEFC35555555C2AAAFD
S315000127C09AA6AA5A80000FFFFFC000FFFFFFFFFF76
S315000127D0FFFFFFFFFFFFFFFFFFFFFFFFFFFFFFFF02
S315000127E0025C02583FFFFFFFFFFFF00000300FF0D1
S315000127F055403555555555555555055500000955FD
S3150001280097000E595C0003559596559655A5956505
S3150001281056556501550EFFBEBEFEBFBEFAC15555E2
S31500012820555C1AAAAA7AA6F00000FFFFFFC003FFB3
S31500012830FFFFFFFFFFFFFFFFFFFFFFFFFFFFFFFFA1
S31500012840FFFFFFFF0194165C3FFFFFFFFFFFC00B79
S3150001285000003FC1554001555555555555573555FC
S315000128600000D56950015555C0000035656565956F
S315000128706955965659565601554FAFBEFEBFEBEFF9
S31500012880BFC15555555429A9AAA97C00003FFFFF90
S31500012890FFFFFFFFFFFFFFFFFFFFFFFFFFFFFFFF41
S315000128A0FFFFFFFFFFFFFFFF01A5A5903FFFFFFF12
S315000128B0FFFF035558003FC1554000555555555525
S315000128C055541555400956554015559700000001B8
S315000128D05655655955595956559655015543FBEB6C
S315000128E0EBEBFEEFBEC3555555542AAAAD9F00002A
S315000128F00FFFFFFFFFFFFFFFFFFFFFFFFFFFFFFFD1
S31500012900FFFFFFFFFFFFFFFFFFFFFFFF0169699069
S315000129103FFFFFFFFFFF0962A500FFC15540C0153C
S3150001292055555555555C15555065655503565950C0
S3150001293000000000595A5655965559656595690125
S315000129405543BEFFBFFAEFEEEFC0555555542AA7C2
S3150001295096C00003FFFFFFFFFFFFFFFFFFFFFFFF23
S31500012960FFFFFFFFFFFFFFFFFFFFFFFFFFFFFFF07F
S31500012970025A5960FFFFFFFFFFFC06B06A40FF05E0
S315000129805543F00555555555555055555C5655A762
S315000129900D56594000000000D595566595A59565DB
S315000129A06559550155C3BEEFBEBFEBEFEB805555DB
S315000129B0555439AA7C0003FFFFFFFFFFFFFFFFFF0E
S315000129C0FFFFFFFF33FFFFFFFFFFFFFFFFFFFFFFDC
S315000129D0FFFFFF0002969640FFFFFFFFFFFC264028
S315000129E016603C355543FF015555555555415555CD
S315000129F05495595C35655500000000001555A556DE
S31500012A00595596565656550155CFEFEBEBEFBEBECF
S31500012A10BF80555555543AA90000FFFFFFFFFFFF40
S31500012A20FFFFFFFFFFFFFFC0000FFFFFFFFFFFFFDD
S31500012A30FFFFFFFFFFFFFC000965A6403FFFFFFF09
S31500012A40FFFC194005A03C155543FF00155555558A
S31500012A5055005555549595501555A4000000000094
S31500012A60096555955559555655966901550FEBFE0C
S31500012A70FFEBEFFBFBF05555555436A4000FFFFF56
S31500012A80FFFFFFFFFFFFFFFFFFFFFC000000FFFF4F
S31500012A90FFFFFFFFFFFFFFFFFFFFF0009669666084
S31500012AA03FFFFFFFFFF0190C039C00D55543FFF0D4
S31500012AB00155555554005555545956705599580058
S31500012AC00000000009565959659565A5659555019A
S31500012AD0550EFEBEFAFEFBBBEFB0D55555540A6B3B
S31500012AE000003FFFFFFFFFFFFFFFFFFFFFFFF000BB
S31500012AF03C003FFFFFFFFFFFFFFFFFFFFFFFF0056A
S31500012B00A65A59900FFFFFFFFFF0D60FF018005598
S31500012B105543FFFC000555F0000015555455654316
S31500012B2055555000000000000195555565965555BF
S31500012B3056595501570EFEFBBEFAFBBEEEF0155572
S31500012B4055540AA9B000000FFFFFFFFFFFFFFFFF6B
S31500012B50FFFFC00955800FFFFFFFFFFFFFFFFFFFCC
S31500012B60FFFFFC0D65A5999803FFFFFFFFF0180F06
S31500012B70F05C00555503FFFFF000000000FC055511
S31500012B80506595815A56700000000000015965A5EF
S31500012B905556595995569901543FAFEFBFBFBFEFEF
S31500012BA0BEF0155555540AAAAAB000000FFFFFFF43
S31500012BB0FFFFFFFFFFFF0096A99803FFFFFFFFFF3F
S31500012BC0FFFFFFFFFFFFFC009694266603FFFFFF52
S31500012BD0FFFC1803C29C0055550FFFFFFF000000C4
S31500012BE0FFFC0015435599C15565400000000000E2
S31500012BF002565556966559595965550150EBFBEFE5
S31500012C00EBBFBAFBFBEC15555554069AAAAAC000B0
S31500012C100003FFFFFFFFFFFFFFFC01A65A6A00FF4B
S31500012C20FFFFFFFFFFFFFFFFFFFFFF00095B2565BA
S31500012C3080FFFFFFFFFC198001900055550FFFFF34
S31500012C40FFFF0FFFFFFC00000159550965654000B4
S31500012C500000000003556555565595955655650175
S31500012C6040FEFBBAFFEBFFBEEFBC155555543AAA21
S31500012C709AAAAAC0000000FFFFFFFFFFFFF0096943
S31500012C801665C0FFFFFFFFFFFFFFFFFFFFFFFFC04E
S31500012C9000955A9680FFFFFFFFFC29980990005581
S31500012CA0550FFFFFFFFFFFFFFFFC00000055650505
S31500012CB05655C0000015400000595695655956569F
S31500012CC0956595010FBEFFBFBEFEEFAFEFBC155573
S31500012CD0555439AAAAAA6AABC0000000FFFFFFFF3C
S31500012CE0FFF02696069A403FFFFFFFFFFFFFFFFF1B
S31500012CF0FFFFFFFC00DA400000FFFFFFFFFC069626
S31500012D000A70305555CFFFFFFFFFFFFFFFFC0000A4
S31500012D10001655099659C000005540000056955AAF
S31500012D2055966565596595003FBFB03FBAFEFBFBF9
S31500012D30BEFC155555542AA6A69AAAAAAAC00000F1
S31500012D400FFFFFFFFFC01A58019A600FFFFFFFFF39
S31500012D50FFFFFFFFFFFFFFFFC019800003FFFFFF1B
S31500012D60FFFF0D69C58030955543FFFFFFFFFFFF4C
S31500012D70FFFF000000355909595500000155500063
S31500012D80006559555955655565595900FEFB000FA2
S31500012D90FFAFC3FBFAEC155555542AAA6AAAA9A98D
S31500012DA0AAAAF00000000FFFFFC099903096900F7D
S31500012DB0FFFFFFFFFFFFFFFFFFFFFFFFF025000003
S31500012DC00FFFFFFFFFFF025A5600FC155543FFFF99
S31500012DD0FFFFFFFFFFFF0000000D55056595000091
S31500012DE001555000005559659569559A5655590032
S31500012DF0FEFB09C2EFEC003EEFEC1555555439AA1E
S31500012E00AAA6AA9AA6AAAA00000003FFFFC0A5A027
S31500012E10FC25980FFFFFFFFFFFFFFFFFFFFFFFFFEF
S31500012E20F02603FFFFFFFFFFFFFFC0256003FC3510
S31500012E305543FFFFFFFFFFFFFFFF0000000195CD98
S31500012E4055690000015540000359956559555C00C7
S31500012E500D6655003FBF1583EEFCD43EFEFC1555AD
S31500012E6055543AA6DA6A9AAAAA9A6901400000FF5D
S31500012E70FFC06943FF02680FFFFFFFFFFFFFFFFF70
S31500012E80FFFFFFFFFC3403FFFFFFFFFFFFFFF00023
S31500012E90000FFC055570FFFFFFFFFFFFFFFF00005E
S31500012EA0000059C15A550000015540000255965679
S31500012EB05655C000001565000BEF1A43FEF0570F7B
S31500012EC0BEFC1555555406AAAAAAAAAA6AAAAB0512
S31500012ED0C3FFC0FFFFC05903FFC0D40FFFFFFFFFB1
S31500012EE0FFFFFFFFFFFFFFFFFC080FFFFFFFFFFFD5
S31500012EF0FFFFFC00003FFF055550FFFFFFFFFFFFEF
S31500012F00FFFFC0000000D5415555C0000155000026
S31500012F1001965596565C0000000956010FEF1543C0
S31500012F20BEE3660FAFAC155555543A9A6AA9A6A6E3
S31500012F30A9AAA40503BBF03FFFC3643FFFC0980FD6
S31500012F40FFFFFFFFFFFFFFFFFFFFFFFFFC000FFF7C
S31500012F50FFFFFFFFFFFFFF0003FFFF055550FFFFC8
S31500012F60FFFFFFFFFFFFC00000001541A595C00050
S31500012F7000D40000016565559570000000035701F6
S31500012F8043FB0E03BEF0570BFBFC1555555439AAEE
S31500012F90A9AAAA7AAAA9A4350FFBB03FFFC0680F58
S31500012FA0FFC3680FFFFFFFFFFFFFFFFFFFFFFFFFED
S31500012FB0FF003FFFFFFFFFFFFFFFFFFFFFFFFF05D3
S31500012FC0555C3FFFFFFFFFFFFFFFF00000002540BC
S31500012FD0555940000000000002555A5959C003FFD7
S31500012FE00000560D43BFC00FEFBC2C3FBEFC15556C
S31500012FF055543AAAAAA79AAA6A6AA8150FEFB03F2A
S31500013000FFC0580FFF09640FFFFFFFFFFFFFFFFF20
S31500013010FFFFFFFFFFC3FFFFFFFFFFFFFFFFFFFFF5
S31500013020FFFFFF0155543FFFFFFFFFFFFFFFF000CA
S31500013030000006605965400000000000095A555914
S3150001304067003FFFFC00270D70EEFFFAFBFC003E18
S31500013050EFA01555555426A9A6AAAA9AAAAAA43537
S315000130600EFEF03FFFC0A580FC26980FFFFFFFFF75
S31500013070FFFFFFFFFFFFFFFFFFFFFFFFFFFFFFFF59
S31500013080FFFFFFFFFFFFFFC155543FFFFFFFFFFF9C
S31500013090FFFFFC0000000550D5964000000000002F
S315000130A0059565955400FF3CFFC0070550FEFFFFDF
S315000130B0BEEBF3EFEFFC155555542AAAAA9A6AAA54
S315000130C09AA9B4050FBEFC3FFFC09A9C3CD6900F4F
S315000130D0FFFFFFFFFFFFFFFFFFFFFFFFFFFFFFFFF9
S315000130E0FFFFFFFFFFFFFFFFFFFFFFC155543FFF3C
S315000130F0FFFFFFFFFFFFFF000000059C1555600065
S3150001310000000000355595659003FFFFFFC00405DB
S3150001311050FBEBAFBEFFEFEFBEF0D55555502A9AE7
S31500013120AAAAA9AAAA6AA4350FBFAC0FFFF099965D
S315000131300069603FFFFFFFFFFFFFFFFFFFFFFFFF8C
S31500013140FFFFFFFFFFFFFFFFFFFFFFFFFFFFFFC0C7
S3150001315055543FFFFFFFFFFFFFFFFF00000005542F
S31500013160065950000000000016695A56500FF341E7
S31500013170CFFC00055C3BFBFBEFBEFAFAFBA0D55585
S315000131805550E9AA9A79AAA6A7AA68150FEBFC3F9A
S31500013190FFF019A6C069403FFFFFFFFFFFFFFFFFDA
S315000131A0FFFFFFFFFFFFFFFFFFFFFFFFFFFFFFFF28
S315000131B0FFFFFFF055543FFFFFFFFFFFFFFFFFC07B
S315000131C000000D5509595800000000009555655637
S315000131D0403FF43F1CFC0005543EBEFBEFBAFFBF67
S315000131E0EFF0D5555550AAAAAAAAA7AAAA9AA81530
S315000131F00EFEFC0FFFF03669429680FFFFFFFFFFD0
S31500013200FFFFFFFFFFFFFFFFFFFFFFFFFFFFFFFFC7
S31500013210FFFFFFFFFFFFFFF0155C3FFFFFFFFFFF13
S31500013220FFFFFFF000000195C16596000000000355
S31500013230599655A5403F0FDCF1CF00055C3FEFBE27
S31500013240FBFFAFBEFEF055555550A6A9B69AAA6A20
S3150001325069AAA4350FBEEC0FFFFC09696D6600FF74
S31500013260FFFFFFFFFFFFFFFFFFFFFFFFFFFFFFFF67
S31500013270FFFFFFFFFFFFFFFFFFFFFFFC05503FFFC3
S31500013280FFFFFFFFFFFFFFFC00000059705555C00F
S315000132900000000959659955C0FF71CF4F1F000500
S315000132A050FBEFBEFBEBFBEEEBE0D5555550EAAA22
S315000132B0AAA9AAAAAAAA68150FBBEC3FFFFF035A3F
S315000132C0969803FFFFFFFFFFFFFFFFFFFFFFFFFFD3
S315000132D0FFFFFFFFFFFFFFFFFFFFFFFFFFFFFFFFF7
S315000132E00340FFFFFFFFFFFFFFFFFFFFC0000015C9
S315000132F050256560000000359659595900FCFF3F7D
S3150001330034F3C00550FBFBEFBEBEFBEFFEF0D55517
S315000133105550DA9A69AAA6A9AAA6E8170FEFBC0F13
S31500013320FFFFC025558003FFFFFFFFFFFFFFFFFFE4
S31500013330FFFFFFFFFFFFFFFFFFFFFFFFFFFFFFFF96
S31500013340FFFFFFFFC000FFFFFFFFFFFFFFFFFFFFC4
S31500013350F00F00355635655800000095965965956C
S3150001336000FD071F3FC7C00550FEBEFBBEFEFAFBB0
S31500013370BEF055555550EAAAAAAA6A9AA9AA9C1559
S315000133800EFEFC0FFFFFF000FC003FFFFFFFFFFFFB
S31500013390FFFFFFFFFFFFFFFFFFFFFFFFFFFFFFFF36
S315000133A0FFFFFFFFFFFFFFFFF00FFFFFFFFFFFFF25
S315000133B0FFFFFFFFFFFFF00D655559958000395955
S315000133C06596565900F3FCF373FCF00540EFEFBF29
S315000133D0AFEBEFBFAFA01555555026A6DAA6AAAAA0
S315000133E0AAAA90150FAFEC3FFFFFFC000000FFFFFC
S315000133F0FFFFFFFFFFFFFFFFFFFFFFFFFFFFFFFFD6
S31500013400FFFFFFFFFFFFFFFFFFFFFFFFFFFFFFFFC5
S31500013410FFFFFFFFFFFFFFFFFFFFF0035556955527
S3150001342056B655966596596503F4FF4FCD3FC015BF
S31500013430C3EFBFBEFBBFAFBEFBFC155555502A6D92
S31500013440AAAAA9AA6A69A0D50FFAFC0FFFFFFFC0B5
S31500013450000FFFFFFFFFFFFFFFFFFFFFFFFFFFFF64
S31500013460FFFFFFFFFFFFFFFFFFFFFFFFFFFFFFFF65
S31500013470FFFFFFFFFFFFFFFFFFFFFFFFFFFFFF0054
S31500013480D655566595565A665A59659600FFC734FC
S31500013490DCF1C01503FAFAFAFBFBFBEFFBEC155561
S315000134A055542AAAA69A9AAAAAAA90550EFFAC0F13
S315000134B0FFFFFFFFCFFFFFFFFFFFFFFFFFFFFFFF45
S315000134C0FFFFFFFFFFFFFFFFFFFFFFFFFFFFFFFF05
S315000134D0FFFFFFFFFFFFFFFFFFFFFFFFFFFFFFFFF5
S315000134E0FFFFFF00056965596959A5659665A595AB
S315000134F000F1CF3F3C73F0140EBFEFEFBEEBFBEBD9
S31500013500BEFC155555542AA6AAAAAAA6DAAAA0D57A
S315000135100FAFFC3FFFFFFFFFFFFFFFFFFFFFFFFFB7
S31500013520FFFFFFFFFFFFFFFFFFFFFFFFFFFFFFFFA4
S31500013530FFFFFFFFFFFFFFFFFFFFFFFFFFFFFFFF94
S31500013540FFFFFFFFFFFFFFF00155659656995A5D94
S315000135507575965903FCD371CFF430303FEEBEEF4B
S31500013560BEFEBEFFBEFC155555542A6AAAA9AA7904
S31500013570AA69A0150FFAEC0FFFFFFFFFFFFFFFFF80
S31500013580FFFFFFFFFFFFFFFFFFFFFFFFFFFFFFFF44
S31500013590FFFFFFFFFFFFFFFFFFFFFFFFFFFFFFFF34
S315000135A0FFFFFFFFFFFFFFFFFFFFFFF000965596AE
S315000135B05565975966595965C0F4FF3CFD0F4000A2
S315000135C0FBEFFAFBEFBEFAFAFBEC155555543AAA96
S315000135D09A6AA6AAA6AA9C150EFBEC0FFFFFFFFF8F
S315000135E0FFFFFFFFFFFFFFFFFFFFFFFFFFFFFFFFE4
S315000135F0FFFFFFFFFFFFFFFFFFFFFFFFFFFFFFFFD4
S31500013600FFFFFFFFFFFFFFFFFFFFFFFFFFFFFFFFC3
S31500013610003569596966D5A6969A5965C0CFC734EA
S31500013620D3FFC003BEBEBFBEEFAFEFBFEFBC1555A4
S31500013630555C26A9AAAA6A9AAAAA90150FBFBC3FE9
S31500013640FFFFFFFFFFFFFFFFFFFFFFFFFFFFFFFF83
S31500013650FFFFFFFFFFFFFFFFFFFFFFFF7FFFFFFFF3
S31500013660FFFFFFFFFFFFFFFFFFFFFFFFFFFFFFFF63
S31500013670FFFFFFFFC00156595A595D575D5759590A
S31500013680403F4FFFCFF3C03FBEFBEFBEFBFBEFAFAB
S31500013690AFB80555555C2AAAAA9AAAAA9AA6DC1514
S315000136A00FBBFC3FFFFFFFFFFFFFFFFFFFFFFFFF1A
S315000136B0FFFFFFFFFFFFFFFFFFFFFFFFFFFFFFFF13
S315000136C05FFFFFFFFFFFFFFFFFFFFFFFFFFFFFFFA3
S315000136D0FFFFFFFFFFFFFFFFFC00D596959D65B538
S315000136E065E5A596403CFC73FC71C0FBEFEFEFEB83
S315000136F0FBBEBEFAFBF8055555502A9B6AAAAA6A73
S31500013700AAAA90550EFBAC0FFFFFFFFFFFFFFFFFBD
S31500013710FFFFFFFFFFFFFFFFFFFFFFFFFFFFFFFFB2
S31500013720FFFFFFFF7FFFFFFFFFFFFFFFFFFFFFFF22
S31500013730FFFFFFFFFFFFFFFFFFFFFFFFFF000D552D
S3150001374096969759E5595A56700D3CFF1CFF00FB9A
S31500013750EFBEFAFFBEFBFBFFFBEF055555501AAA5C
S31500013760A6A6A6E6A9A9A0550EFEFC3FFFFFFFFFF0
S31500013770FFFFFFFFFFFFFFFFFFFFFFFFFFFFFFFF52
S31500013780FFFFFFFFFFFFFFFFFFFFFFFFFFFFFFFF42
S31500013790FFFFFFFFFFFFFFFFFFFFFFFFFFFFFFFF32
S315000137A0FFC000255975B5995E699759500FFD07F8
S315000137B03D0703FEBEBEBFBEBEFBEBAFBEFF05555A
S315000137C05550E9A9AAAA6AAA9AAAA0550FAFEC3F31
S315000137D0FFFFFFFFFFFFFFFFFFFFFFFFFFFFFFFFF2
S315000137E0FFFFFFFFFFFFFFFFFFFFFFFFFFFFFFFFE2
S315000137F0FFFFFFFFFFFFFFFFFFFFFFFFFFFFFFFFD2
S31500013800FFFFFFFFFFFC0000356565D759D755A5BA
S315000138109C0073FF43FC03EFFBEFEFBFEFBEFFEB33
S31500013820AFBB05555550AAAAA9AAAA6AAA9B605573
S315000138300FFBBC3FFFFFFFFFFFFFFFFFFFFFFFFF88
S31500013840FFFFFFFFFFFFFFFFFFFFFFFFFFFFFFD7A9
S31500013850FFFFFFFFFFFFFFFFFFFFFFFFFFFFFFFF71
S31500013860FFFFFFFFFFFFFFFFFFFFC0000D6B5D6660
S31500013870B59679565403FF70FFFC03EBEBEFBEEBF5
S31500013880EFBEBEFFFBF805555550AAA6AAA9AAAADE
S315000138906AAAA0D50EFBFC3FFFFFFFFFFFF0000069
S315000138A0FFFFFFFFFFFFFFFFFFFFFFFFFFFFFFFF21
S315000138B0FFFFFFD5FFFFFFFFFFFFFFFFFFFFFFFF3B
S315000138C0FFFFFFFFFFFFFFFFFFFFFFFFFFFFFF0000
S315000138D006959A75675D5665660034371C4C0FBEB2
S315000138E0FEFBBBFEFBEFEEFAFBEC35555550A9AAE4
S315000138F09B6AA9AAAA7990D50EEFA03FFFFFFFFF09
S31500013900FF0000000FFFFFFFFFFFFFFFFFFFFFFFAD
S31500013910FFFFFFFFFFFFFF59FFFFFFDFFFFFFFFF76
S31500013920FFFFFFFFFFFFFFFFFFFFFFFFFFFFFFFFA0
S31500013930FFFFFFFC065D975B5669D66965C03FF3DD
S31500013940FCF40FBEFEFBFBBEFBEFEFBFBEEC155555
S315000139505570AAA9AAA6AAA6DAAAA0150FEFF03F42
S31500013960FFFFFFFFFC00030003FFFFFFFFFFFFFF59
S31500013970FFFFFFFFFFFFFFFFFFFFFF96FDFFFFD7E3
S31500013980FFFFFFFFFFFFFFFFFFFFFFFFFFFFFFFF40
S31500013990FFFFFFFFFFFFFFFC3599E596B5D5995966
S315000139A0594003FFCD300FEFAFBEEFAFBEBEBFBF75
S315000139B0BEFC155555706A6EA9AA9B6AAA9AA015EE
S315000139C00EFAF03FFFFFFFFFF002555B00FFFFFF1E
S315000139D0FFFFFFFFFFFFFFFFFFFFFFFFFFD5FFD643
S315000139E0FDBFFFFFFFFFFFFFFFFFFFFFFFFFFFFF22
S315000139F0FFFFFFFFFFFFFFFFFFFFFFFC35D55DB5B3
S31500013A00599D69D6955003C4F3D03EFBFBBEFEFB20
S31500013A10BFFBFBEBEFBC15555550AAA6AAAAAAAA4D
S31500013A206AAA9C140FBFB03FFFFFFFFFC026AAA5DD
S31500013A30803FFFFFFFFFFFFFFFFFFFFFFFFFFFFFCE
S31500013A40FF55BFDAFDFFD5FFFFFFFFFFFFFFFFFFBA
S31500013A50FFFFFFFFFFFFFFFFFFFFFFFFFFFFFFFC72
S31500013A60356E596B5D6965956654003F7F003EFB77
S31500013A70FBEBEBFBEBEBEBFEFBEC15555570A6AA4E
S31500013A80A6AA69AAA9AA981403EFB0FFFFFFFFFF30
S31500013A9000A59569A00FFFFFFFFFFFFFFFFFFFFFD7
S31500013AA0FFFFFFFFFF967FE63FFF55BFFFFFFFFFCB
S31500013AB0FFFFFFFFFFFFFFFFFFFFFFFFFFFFFFFF0F
S31500013AC0FFFFFFFC3656D75696D7975A5665C00064
S31500013AD000003FAFAFFFBFBEFEBEFEBEFBEC1555FD
S31500013AE05550AAA9AA9BAAA9AAD6C00000EFF0FF21
S31500013AF0FFFFFFFF035A69E59C0FFFFFFFFFFFFF73
S31500013B00FFFFFFFFFFFFFFFFFFDA6FF6FFFD66FF17
S31500013B10FFFFFFFFFFFFFFFFFFFFFFFFFFFFFFFFAE
S31500013B20FFFFFFFFFFFFFFFC36A566B5E59596593A
S31500013B30655950000000FBFEFEBBBEBEFBFEFFEF5B
S31500013B40BEFC15555550DA9AAAA9AA9AA66C000088
S31500013B50003EF0FFFFFFFFFC016958269403FFFFBB
S31500013B60FFFFFFFFFFFFFFFFFFFFFFFFFFE59FFFD8
S31500013B70FFFD67FFFFFFFFFFFFFFFFFFFFFFFFFFE8
S31500013B80FFFFFFFFFFFFFFFFFFFFFFFC05767569E4
S31500013B906D79D5A596955B000000FAFBEFBFBEFBDC
S31500013BA0EFAFABEFBEFC15555550EAAAA9AA9AAAE2
S31500013BB06F000003F00FC0FFFFFFFFFC09A58006A1
S31500013BC06703FFFFFFFFFFFFFFFFFFFFFFFFFFFF92
S31500013BD0FFF59BFFFFF59BFFFFFFFFFFFFFFFFFFCA
S31500013BE0FFFFFFFFFFFFFFFFFFFFFFFFFFFFFFFCE1
S31500013BF0065B5B5E56596D56595655579503EFBB95
S31500013C00EBEEFBEFAFFBFEFBEFA015555550E6AA19
S31500013C106AAAA96B000003FFFF0003FFFFFFFFF085
S31500013C20065800096A03FFFFFFFFFFFFFFFFFFFFC3
S31500013C30FFFFFFFF5FFE57FFFFE5BFFFFFFFFFFF30
S31500013C40FFFFFFFFFFFFFFFFFFFFFFFFFFFFFFFF7D
S31500013C50FFFFFFFC06959696D79D56996565955586
S31500013C605603EFBEFEFBEFBEFAFBEEFBEFFC15556E
S31500013C705550EA9AAB696BC000003FFFFF0003FF96
S31500013C80FFFFFFF026803FCDA503FFFFFFFFFFFFEC
S31500013C90FFFFFFFFFFFFFFFF5FFF95FFFFD6FFFF60
S31500013CA0FFFFFFFFFFFFFFFFFFFFFFFFFFFFFFFF1D
S31500013CB0FFFFFFFFFFFFFFFF09D6D5E56959D65D77
S31500013CC066559665540FBEFEFEFBEFBEFFBEBFAF47
S31500013CD0BEBC15555550DAAA966BC000000FFFFF02
S31500013CE0FFF00FFFFFFFC0001903FFC19900FFFF9F
S31500013CF0FFFFFFFFFFFFFFFFFFFFFFFFFFFFE97F63
S31500013D00FFDBFFFFFFFFFFFFFFFFFFFFFFFFFFFFE0
S31500013D10FFFFFFFFFFFFFFFFFFFFFFFF0D6D6D5E63
S31500013D2075E5996595695656500FBEEFAFAFBEFB67
S31500013D30EFBFFBFEFBEC15555540AA65FF000000E1
S31500013D400FFFFFFFFFFFFFFFFFFC000019C3FFF29C
S31500013D506900FFFFFFFFFFFFFFFFFFFFFFFFFFFF01
S31500013D60FF73FE7FFFFFFFEFFFFFFFFFFFFFFFFF79
S31500013D70FFFFFFFFFFFFFFFFFFFFFFFFFFFFFFFF4C
S31500013D8001596695965E599596556559503EFBEFD4
S31500013D90FBFEFAFBEBEBEBEEFBEC0555554066FC47
S31500013DA000000003FFFFFFFFFFFFFFFFFFF0000022
S31500013DB02643FFF06503FFFFFFFFFFFFFFFFFFFF46
S31500013DC0FFFFFFFFFF57FFFFFFFFFD5BFFFFFFFF4A
S31500013DD0FFFFFFFFFFFFFFFFFFFFFFFFFFFFFFFFEC
S31500013DE0FFFFFFFF035B5769DB55A5D65656559571
S31500013DF0403EFBFAFBBECFEEFEFEFEEFBEFB0555D7
S31500013E005543C00000000FFFFFFFFFFFFFFFFFFF4D
S31500013E10FFC00290D660FFFC1A03FFFFFFFFFFFF02
S31500013E20FFFFFFFFFFFFFFFFFF95FFFFFFFFF59F6F
S31500013E30FFFFFFFFFFFFFFFFFFFFFFFFFFFFFFFF8B
S31500013E40FFFFFFFFFFFFFFFFC065B57595B59659EB
S31500013E5065659959C0FBEFBFBEEBC00FEFBEFEFB18
S31500013E60EFBF055555C0000000FFFFFFFFFFFFFF35
S31500013E70FFFFFFFFFF00D6901A90FFC02900FFFF4A
S31500013E80FFFFFFFFFFFFFFFFFFFFFFFFFFFFFFFF3B
S31500013E90FFFFFFFFFFFFFFFFFFFFFFFFFFFFFFFF2B
S31500013EA0FFFFFFFFFFFFFFFFFFFFFFFFC0659697C5
S31500013EB05D5A5D659595559603FBEFBEFEFFF000D5
S31500013EC00FFFAFBEFBEF015555000033FFFFFFFFAC
S31500013ED0FFFFFFFFFFFFFFFFFF02A59819983C00B8
S31500013EE02503FFFFFFFFFFFFFFFFFFFFFFFFFFFFB1
S31500013EF0FFFFFFFFFFFFFFFFFFFFFFFFFFFFFFFFCB
S31500013F00FFFFFFFFFFFFFFFFFFFFFFFFFFFFFFFFBA
S31500013F10C0DD6D5A69965965995A595403BEFBEE2F
S31500013F20EFBEFF000000FFFEBEFAC1555503FFFFBD
S31500013F30FFFFFFFFFFFFFFFFFFFFFFFFFC0D69A86C
S31500013F40296430396603FFFFFFFFFFFFFFFFFFFF15
S31500013F50FFFFFFFFFFFFFFFFFFFFFFFFFFFFFFFF6A
S31500013F60FFFFFFFFFFFFFFFFFFFFFFFFFFFFFFFF5A
S31500013F70FFFFFFFFF01A56D5D69756595655595099
S31500013F800FBEFBEFEFBEFB0000000003FFFFC055B5
S31500013F905703FFFFFFFFFFFFFFFFFFFFFFFFFFFFCE
S31500013FA0FC069A5406A7035A940FFFFFFFFFFFFF73
S31500013FB0FFFFFFFFFFFFFFFFF56FFFFFFFFFFFFFA4
S31500013FC0FFFFFFFFFFFFFFFFFFFFFFFFFFFFFFFFFA
S31500013FD0FFFFFFFFFFFFFFFFF005D56D59756596E2
S31500013FE0556595403FEFBEFBEBEFBC00C0000000FE
S31500013FF000000055540FFFFFFFFFFFFFFFFFFFFF0C
S31500014000FFFFFFFFF03696A6099609969C0FFFFF64
S31500014010FFFFFFFFFFFFFFFFFFFFFFFFE5BFFFFF03
S31500014020FFFFFE57F7FFFFFFFFFFFFFFFFFFFFFF4A
S31500014030FFFFFFFFFFFFFFFFFFFFFFFFFC016D65B6
S31500014040A565A59669656500FAFBEFBEBEFBF003A3
S31500014050FFF0000000000015540FFFFFFFFFFFFFF8
S31500014060FFFFFFFFFFFFFFFFF0196969026A25A540
S31500014070600FFFFFFFFFFFFFFFFFFFFFFFFFFFFFD8
S31500014080E7FFFFFFFFFFF555F6FFFFFFFFFFFFFF0E
S31500014090FFFFFFFFFFFFFFFFFFFFFFFFFFFFFFFF29
S315000140A0FF0356975B59596555565403FFBEFBEFFF
S315000140B0FEFBC00FFFFFFF0000000000003FFFFFF7
S315000140C0FFFFFFFFFFFFFFFFFFFFFFFF001A6999D9
S315000140D080596A69803FFFFFFFFFFFFFFFFFFFFF78
S315000140E0FFFFFFFFFFFFF5FFFF7FFFAFFFFFFFFFB3
S315000140F0FFFFFFFFFFFFFFFFFFFFFFFFFFFFFFFFC9
S31500014100FFFFFFFFFF00D659655A59659696500F76
S31500014110EBEFBEFBEFBF00FFFFFFFFFFF00000006C
S31500014120003FFFFFFFFFFFFFFFFFFFFFFFFFFFFC5A
S3150001413000A6969A6025965800FFFFFFFFFFFFFF36
S31500014140FFFFFFFFFFFFFFFFFFFF95FFFF5FFFFF82
S31500014150FFFFFFFFFFFFFFFFFFFFFFFFFFFFFFFF68
S31500014160FFFFFFFFFFFFFFFFFFC035999695A5955E
S315000141709555803FBEFBEFBEBFBC00FFFFFFFFFFB3
S31500014180FFFFFF0003FFFFFFFFFFFFFFFFFFFFFF33
S31500014190FFFFFFC00065A6969803968000FFFFFF0C
S315000141A0FFFFFFFFFFFFFFFFFFFFFFFFFFFF56FFC1
S315000141B0FF5BFFFFFFFFFFFFFFFFFFFFFFFFFFFFAC
S315000141C0FFFFFFFFFFFFFFFFFFFFFFFFFFF00359A9
S315000141D095965659595800FFBEFBEFAFFBF00FFFFE
S315000141E0FFFFFFFFFFFFFFFFFFFFFFFFFFFFFFFFD8
S315000141F0FFFFFFFFFFFFFF000A696969A6000000D4
S315000142000FFFFFFFFFFFFFFFFFFFFFFFFFFFFFFFA7
S31500014210FFF95BFFFF96FFFFFFFFFFFFFFFFFFFFBA
S31500014220FFFFFFFFFFFFFC000FFFFFFFFFFFFFFF89
S31500014230FFFC00D579656565957003FAFBEFBEFB5A
S31500014240EFC03FFFFFFFFFFFFFFFFFFFFFFFFFFF86
S31500014250FFFFFFFFFFFFFFFFFFFFFC00D6969A69F6
S315000142606A800000FFFFFFFFFFFFFFFFFFFFFFFF69
S31500014270FFFFFFFFFFF59FF9FFD57FFFFFFFFFFF61
S31500014280FFFFFFFFFFFFFFFFFFFFC00000FFFFFF74
S31500014290FFFFFFFFFFFF000D5669659557000FBF32
S315000142A0EFBEFBFBEC00FFFFFFFFFFFFFFFFFFFF82
S315000142B0FFFFFFFFFFFFFFFFFFFFFFFFFFFFFC0207
S315000142C099625A5A596A000FFFFFFFFFFFFFFFFF6E
S315000142D0FFFFFFFFFFFFFFFFFFD5AFF5FFE656FF2D
S315000142E0FFFFFFFFFFFFFFFFFFFFFFFFFFFC0000D8
S315000142F0000FFFFFFFFFFFFFFFFFF00015555556AB
S31500014300F000FFBBEFBEFBBEB003FFFFFFFFFFFFE9
S31500014310FFFFFFFFFFFFFFFFFFFFC033FFFFFFFFB1
S31500014320FFFFF009A94065A69A59803FFFFFFFFFED
S31500014330FFFFFFFFFFFFFFFFFFFFFFFFFFD66FF945
S31500014340BFF9957FFFFFFFFFFFFFFFFFFFFFFFFFA6
S31500014350FFFC00EF0003FFFFFFFFFFFFFFFFFC0075
S31500014360003FFFC0000FFBFAFBEFBFBFC00FFFFF0F
S31500014370FFFFFFFFFFFFFFFFFFFFFFFFFFFF000044
S31500014380003FFFFFFFFFC03596B0A6A5A69940FFE7
S31500014390FFFFFFFFFFFFFFFFFFFFFFFFFFFFFFFF26
S315000143A0FF967FF57FFF5A7FFFFFFFFFFFFFFFFFAE
S315000143B0FFFFFFFFFFF00955A000FFFFFFFFFFFF13
S315000143C0FFFFFFC000000000003FBBEFBEFBEFEBAD
S315000143D0003FFFFFFFFFFFFFFFFFF3C000000000EC
S315000143E0000000000003FFFFFFFFC01A6960DA5AF0
S315000143F065A6403FFFFFFFFFFFFFFFFFFFFFFFFF38
S31500014400FFFFFFFFFFD67FF67FFFE5BFFFFFFFFF41
S31500014410FFFFFFFFFFFFFFFFFFC02AA966003FFF67
S31500014420FFFFFFFFFFFFFFFC000000000000FEFF93
S31500014430BEFBEEFC03FFFFFFFFFF300000000000A4
S3150001444000000000000009AB0003FFFFFFFF009A18
S31500014450699019A66A66403FFFFFFFFFFFFFFFFF56
S31500014460FFFFFFFFFFFFFFFFFFD5BFFD7E8FFFFFB2
S31500014470FFFFFFFFFFFFFFFFFFFFFFFFFFC0965A92
S3150001448069803FFFFFFFFFFFFFFFFFFFF000000016
S31500014490000000EBEFBEFEC00FFFFC300000000085
S315000144A0000000000000000000000A5959C3FFFF88
S315000144B0FFFF0065969029A6966A603FFFFFFFFF02
S315000144C0FFFFFFFFFFFFFFFFFFFFFFFFFFD9FFFF1B
S315000144D0FD7FFFFFFFFFFFFFFFFFFFFFFFFFFFFF67
S315000144E0FF0369A699A00FFFFFFFFFFFFFFFFFFF75
S315000144F0FFFFCFFF03C0003FEFBEEB00000000004F
S3150001450000000000000000000F3CF3CF3CF006A9BC
S31500014510A980FFFFFFFF0269A6902659A696A03F34
S31500014520FFFFFFFFFFFFFFFFFFFFFFFFFFFFFFFF94
S31500014530FFFFFFFFFE5FFFFFFFFFFFFFFFFFFFFF25
S31500014540FFFFFFFFFF0169A59A5C03FFFFFFFFFF66
S31500014550FFFFFFFFFFFFFFFF099AA00EFFFFF0001D
S315000145600000000000000000CFFFFFFFFFFFFFFF7C
S31500014570FFFC09969A80FFFFFFFC029A696C269957
S3150001458069A5A03FFFFFFFFFFFFFFFFFFFFFFFFF43
S31500014590FFFFFFFFFFFFFFFFFF5FFFFFFFFFFFFFC4
S315000145A0FFFFFFFFFFFFFFFFFC0D965A669400FF1A
S315000145B0FFFFFFFFFFFFFFFFFFFFFFFC29A69A009A
S315000145C000000000000000033FFFFFFFFFFFFFFBAD
S315000145D0EFBEFBEFBEF839AA5983FFFFFFFC0D962C
S315000145E05A5C29A69969603FFFFFFFFFFFFFFFFFA6
S315000145F0FFFFFFFFFFFFFFFFFFFFFFD7FFFFFFFFEC
S31500014600FFFFFFFFFFFFFFFFFFFFFFFFFC0A9A69A6
S3150001461065A600FFFFFFFFFFFFFFFFFFFFFFFFFC98
S315000146202A69A58000000000000FFFFFFFFFFFBE03
S31500014630FEFEFBBEFBEFBEFBEFBC2666A980FFFFBD
S31500014640FFFC09A6969805A69A5A603FFFFFFFFF51
S31500014650FFFFFFFFFFFFFFFFFFFFFFFFFFFFFFD78B
S31500014660FFFFFFFFFFFFFFFFFFFFFFFFFFFFFFFF53
S31500014670FC05A5A6A969C03FFFFFFFFFFFFFFFFFDE
S31500014680FFFFFFFC16996A8003FFFFFFFFFFFFEFA5
S31500014690BEFBEBEFAFEFBFBEFBEFFFFEFBEC26A5CC
S315000146A0A640FFFFFFFC0A69A998365966A6903F06
S315000146B0FFFFFFFFFFFFFFFFFFFFFFFFFFFFFFFF03
S315000146C0FFFFFFFFFFFFFFFFFFFFFFFFFFFFFFFFF3
S315000146D0FFFFFFFFFC0969969A99403FFFFFFFFF25
S315000146E0FFFFFFFFFFFFFFFC1A9A9A43FFFFFFFF41
S315000146F0FEFFEFBEFBEFBEFBFBEFBFFBFEFD555B17
S31500014700FBEC299A5A43FFFFFFFC065969982A696F
S31500014710A5A5A03FFFFFFFFFFFFFFFFFFFFFFFFF75
S31500014720FFFFFFFFFFFFFFFFFFFFFFFFFFFFFFFF92
S31500014730FFFFFFFFFFFFFFFFFC069A69659A600F07
S31500014740FFFFFFFFFFFFFFFFFFFFFFFCD969A58307
S31500014750FBFEFFBEEFAEFBFBEFBEFFBEFBFBF5555F
S3150001476057F9AF55FEFC29AA6980FFFFFFFC069A9F
S315000147705A6C05A69A5A603FFFFFFFFFFFFFFFFF36
S31500014780FFFFFFFFFFFFFFFFFFFFFFFFFFFFFFFF32
S31500014790FFFFFFFFFFFFFFFFFFFFFFFFFC0696691D
S315000147A0A696900FFFFFFFFFFFFFFFFFFFFFFFFC36
S315000147B0DAA66A43FBEFAFBEFBFEFBEFBEFBEBEFF8
S315000147C0BEBFBAFEABB7DF6DAFBC265A6940FFFF6D
S315000147D0FFFC0696965836965A69603FFFFFFFFF23
S315000147E0FFFFFFFFFFFFFFFFFFFFFFFFFFFFFFFFD2
S315000147F0FFFFFFFFFFFFFFFFFFFFFFFFFFFFFFFFC2
S31500014800FC0269969A699C03FFFFFFFFFFFFFFFF0A
S31500014810FFFFFFF099A69A43BEFBFBEFBFBFBEFEAB
S31500014820FBEFBFEFBFEFBFEFFFF56995FFBC26A515
S31500014830A670FFFFFFFC05A6A6902669A5A6903FD8
S31500014840FFFFFFFFFFFFFFFFFFFFFFFFFFFFFFFF71
S31500014850FFFFFFFFFFFFFFFFFFFFFFFFFFFFFFFF61
S31500014860FFFFFFFFF00265A65969A403FFFFFFFFE3
S31500014870FFFFFFFFFFFFFFF09A599A43FEFBFBEF95
S31500014880EFBBEFBEFFBEFBFBEFEFEFBEFEFE559BA0
S31500014890FBEC296A96A0FFFFFFFC0A69699029696A
S315000148A0A696A03FFFFFFFFFFFFFFFFFFFFFFFFFF2
S315000148B0FFFFFFFFFFFFFFFFFFFFFFFFFFFFFFFF01
S315000148C0FFFFFFFFFFFFFFFFC00DA0D6A696640303
S315000148D0FFFFFFFFFFFFFFFFFFFFFFF035A9A683E5
S315000148E0EFBEBFBEFBFBEFBFAFBFEFBEFAFAFEFBEB
S315000148F0EFAFFFFFBEFC1A969A60FFFFFFFC065A58
S31500014900599C29965A69603FFFFFFFFFFFFFFFFF92
S31500014910FFFFFFFFFFFFFFFFFFFFFFFFFFFFFFFFA0
S31500014920FFFFFFFFFFFFFFFFFFFFFFFF00296009FA
S31500014930669A6A00FFFFFFFFFFFFFFFFFFFFFF0011
S31500014940026A6643EFBFEFBEFBEFBEFBFBEBEFBEBA
S31500014950FFBFBEFFBFFFFFFFBEFC25A9A9603FFF4A
S31500014960FFFC0A96A6901A9A6969403FFFFFFFFF6E
S31500014970FFFFFFFFFFFFFFFFFFFFFFFFFFFFFFFF40
S31500014980FFFFFFFFFFFFFFFFFFFFFFFFFFFFFFFF30
S31500014990035A5C0DA5A59500FFFFFFFFFFFFFFFF73
S315000149A0FFFFFC0D40D66A43FBEFEFEFBEFEFBEFC8
S315000149B0BEFEFBEFEFBFBFAFBAFAFBEBEFAC2A5A75
S315000149C069A03FFFFFFC09A5A6501669A69680FFC0
S315000149D0FFFFFFFFFFFFFFFFFFFFFFFFFFFFFFFFE0
S315000149E0FFFFFFFFFFFFFFFFFFFFFFFFFFFFFFFFD0
S315000149F0FFFFFFFC029694025A6A9AC0FFFFFFFF6F
S31500014A00FFFFFFFFFFFFF02558069943BEFAFAFBA9
S31500014A10EFBEFBEFBEFEFBEFBEFBEBFBFFBFBEFE39
S31500014A20FBFC1A6A5AA0FFFFFFFC016A5A60E665A1
S31500014A30969A40FFFFFFFFFFFFFFFFFFFFFFFFFF0C
S31500014A40FFFFFFFFFFFFFFFFFFFFFFFFFFFFFFFF6F
S31500014A50FFFFFFFFC00FFFFC09A6A6006A59698088
S31500014A603FFFFFFFFFFFFFFFFFFFC0555701AA43AF
S31500014A70EFFFBFFBEFBFBEFBEFBFBEFBFBEFFFFBD5
S31500014A80EFBFBEFEFBEC25A5A6603FFFFFFF025A66
S31500014A9069609A6A6969403FFFFFFFFFFFFFFFFFF9
S31500014AA0FFFFFFFFFFFFFFFFFFFFFFFFFFFFFFFF0F
S31500014AB0FFFFFFFFFFFFFFFC0000FFF005A569C038
S31500014AC0A5A696403FFFFFFFFFFFFFFFFFFF015631
S31500014AD0558066B3FBAFFEFEFBEBEFBEFBEBFEFBC9
S31500014AE0EFBEBEBEFBEBEFAFEFEC2A5AA6603FFF6F
S31500014AF0FFFF02969680999669A580FFFFFFFFFF4B
S31500014B00FFFFFFFFFFFFFFFFFFFFFFFFFFFFFFFFAE
S31500014B10FFFFFFFFFFFFFFFFFFFFFFFC0000FFF0AE
S31500014B202A5A99401A669A403FFFFFFFFFFFFFFF8F
S31500014B30FFFC05959570A573BFFAF5AFBEFEFFFEA6
S31500014B40FBFEEFBEFEFBEFEFBEFEFBFBEEFC26A976
S31500014B5069A0FFFFFFFF0069A64069A6969A80FF3C
S31500014B60FFFFFFFFFFFFFFFFFFFFFFFFFFFFFFFF4E
S31500014B70FFFFFFFFFFFFFFFFFFFFFFFFFFFFFFFF3E
S31500014B800003FFF01A699A701A6969703FFFFFFF07
S31500014B90FFFFFFFFFFF0155959509A43FAFFB57F02
S31500014BA0BFBFBA5FFFBEFBEFBEFBFBEFBFEFBEFBB6
S31500014BB0FEFC259A9A503FFFFFFFC0A969826669EC
S31500014BC0A65900FFFFFFFFFFFFFFFFFFFFFFFFFFEC
S31500014BD0FFFFFFFFFFFFFFFFFFFFFFFFFFFFFFFFDE
S31500014BE0FFFFFFFFFFFFFFF016969690359A66A02E
S31500014BF03FFFFFFFFFFFFFFFFFF0555565606A733B
S31500014C00FFAFD5F7FB5FBF5A56BFBEFBEFBFBEFB7B
S31500014C10E9BFBEFFBFAC2A59A6903FFFFFFFC016F2
S31500014C209989A65969A503FFFFFFFFFFFFFFFFFF54
S31500014C30FFFFFFFFFFFFFFFFFFFFFFFFFFFFFFFF7D
S31500014C40FFFFFFFFFFFFFFFFFFFFFFF025A66990B4
S31500014C50069696500FFFFFFFFFFFFFFFFFF059A5D6
S31500014C6065606673EFF5D5D7595FF555555BEFBFAF
S31500014C70EFE76DBEF57BEFB5BBFC26A969A03FFF4B
S31500014C80FFFFF0069A5A5A9A59A603FFFFFFFFFF44
S31500014C90FFFFFFFFFFFFFFFFFFFFFFFFFFFFFFFF1D
S31500014CA0FFFFFFFFFFFFFFFFFFFFFFFFFFFFFFF01C
S31500014CB0DA6969980A69A9A00FFFFFFFFFFFFFFFE5
S31500014CC0FFF055565650A670EEF556D6557ED5557B
S31500014CD06557EFFAFBD559FEF57EFFD55FBC25A6D4
S31500014CE099903FFFFFFFFC02569699A6A66603FF21
S31500014CF0FFFFFFFFFFFFFFFFFFFFFFFFFFFFFFFFBD
S31500014D00FFFFFFFFFFFFFFFFFFFFFFFFFFFFFFFFAC
S31500014D10FFFFFFF01A5A9698096969900FFFFFFF86
S31500014D20FFFFFFFFFFF056565650AA60FE5E56562D
S31500014D30557EEE55BF57FB556DD555EFB5BE5B9A02
S31500014D405FBC2A5A9A903FFFFFFFFF00E169A5A5C4
S31500014D50A66403FFFFFFFFFFFFFFFFFFFFFFFFFF4C
S31500014D60FFFFFFFFFFFFFFFFFFFFFFFFFFFFFFFF4C
S31500014D70FFFFFFFFFFFFFFF01699A6680A969690C0
S31500014D800FFFFFFFFFFFFFFFFFF06565655099838A
S31500014D90BF5B956F657EFF59579FBE555965B6FB3B
S31500014DA0F59D575F5FEC26A5A5903FFFFFFFFFC06E
S31500014DB002A5A65A5A980FFFFFFFFFFFFFFFFFFF4D
S31500014DC0FFFFFFFFFFFFFFFFFFFFFFFFFFFFFFFFEC
S31500014DD0FFFFFFFFFFFFFFFFFFFFFFF029A5A6640F
S31500014DE009A69A5C0FFFFFFFFFFFFFFFFFF0D595B6
S31500014DF06590A960EBD75A7F555FBB5F55FFBD65CF
S31500014E00D566FEBFA5D967559EFC266A6A903FFF07
S31500014E10FFFFFFF0019A5A9A69980FFFFFFFFFFF04
S31500014E20FFFFFFFFFFFFFFFFFFFFFFFFFFFFFFFF8B
S31500014E30FFFFFFFFFFFFFFFFFFFFFFFFFFFFFFF08A
S31500014E40196A5A640969699C0FFFFFFFFFFFFFFF9B
S31500014E50FFF01596557096A0FEE55D7F5A9FBF5BE4
S31500014E60D6FBED75D557556E5595A7559FBC2A5A54
S31500014E7065AC3FFFFFFFFFFF019A69A5A5900FFFF4
S31500014E80FFFFFFFFFFFFFFFFFFFFFFFFFFFFFFFF2B
S31500014E90FFFFFFFFFFFFFFFFFFFFFFFFFFFFFFFF1B
S31500014EA0FFFFFFF0269699A40A5A65900FFFFFFFB0
S31500014EB0FFFFFFFFFFFC15565A706A70EFF56D563E
S31500014EC0FF9BEF5EFFBEFD75D966557E659D9755C5
S31500014ED05BEC25A5AA5C3FFFFFFFFFFF02969669E3
S31500014EE09A603FFFFFFFFFFFFFFFFFFFFFFFFFFF8F
S31500014EF0FFFFFFFFFFFFFFFFFFFFFFFFFFFFFFFFBB
S31500014F00FFFFFFFFFFFFFFFC0699A59706A69A9CE8
S31500014F100FFFFFFFFFFFFFFFFFFC35655550666082
S31500014F20EFBEBE55BFEFEFAFFBD7ED75D967FFBF3C
S31500014F30F5D5D7555FEC36A996903FFFFFFFFFFFEA
S31500014F400269A65A5A403FFFFFFFFFFFFFFFFFFF1F
S31500014F50FFFFFFFFFFFFFFFFFFFFFFFFFFFFFFFF5A
S31500014F60FFFFFFFFFFFFFFFFFFFFFFFC09A96A68C5
S31500014F7005A5999C0FFFFFFFFFFFFFFFFFFC0565DE
S31500014F809550A660FBEFFFFAFAFEFEF59597EE76D1
S31500014F90D555D6FBF599D7699EFC265AA99C3FFFA4
S31500014FA0FFFFFFFFC06969A6A580FFFFFFFFFFFFA7
S31500014FB0FFFFFFFFFFFFFFFFFFFFFFFFFFFFFFFFFA
S31500014FC0FFFFF0FFFFFFFFFFFFFFFFFFFFFFFFFFF9
S31500014FD0025A5A662969A5900FFFFFFFFFFFFFFFDF
S31500014FE0FFFC0595965C1A70FBF56FD5795FB55593
S31500014FF0555BFE655A6595BEBD9D5B59DFB839A601
S315000150005A9C3FFFFFFFFFFFC09A5A966500FFFFBC
S31500015010FFFFFFFFFFFFFFFFFFFFFFFFFFFFFFFF99
S31500015020FFFFFFFFFFFFC00FFFFFFFFFFFFFFFFFB8
S31500015030FFFCFFFF0096A5A5969A6A500FFFFFFF9A
S31500015040FFFFFFFFFFFF01556550DA60EFB557D54A
S31500015050655BD55555AFBF555E757EFFEDBE5B9D54
S315000150605FBC35A6A5903FFFFFFFFFFFC026A5A9A0
S315000150706803FFFFFFFFFFFFFFFFFFFFFFFFFFFFCC
S31500015080FFFFFFFFFFFFFFFFFFFFC003FFFFFFFF64
S31500015090FFFFFFFFFF000FFFC0256969A6965A6053
S315000150A00FFFFFFFFFFFFFFFFFFFC035556096A013
S315000150B0FED5959766D7D7D6A5FFBBEABFA75FEB07
S315000150C0ED7FFF955FEC2699A6903FFFFFFFFFFF5F
S315000150D0F00969699003FFFFFFFFFFFFFFFFFFFF75
S315000150E0FFFFFFFFFFFFFFFFFFFFFFFFFFFF058042
S315000150F00FFFFFFFFFFFFFFFFC000FFFF00396A668
S315000151006969A5A03FFFFFFFFFFFFFFFFFFFC0008B
S3150001511025836970EFD6E55B75EF97D6655BFBFF77
S31500015120FBF7DBFEFD5FBEE6FAFF099A5A6C3FFF0D
S31500015130FFFFFFFFFC035A55800FFFFFFFFFFFFF35
S31500015140FFFFFFFFFFFFFFFFFFFFFFFFFFCFFFFF98
S31500015150FFF0D55803FFFFFFFFFFFFFFFC003FFFF6
S31500015160FC0000065A69A6603FFFFFFFFFFFFFFF35
S31500015170FFFFFF00000D6A60EF97E55B55FED6D68F
S315000151805556FEBEFBF6EFBEF95FBEFFFFBF05A695
S31500015190A9903FFFFFFFFFFFFC002698003FFFFF9E
S315000151A0FFFFFFFFFFFFFFFFFFFFFFFFFFFFFFFF08
S315000151B0FF03FFFFFFC0555C3FFFFFFFFFFFFFFF40
S315000151C0FC0FFFFFFF00000DA6965A703FFFFFFF81
S315000151D0FFFFFFFFFFFFFFF0C035A660FBE7D557D6
S315000151E0D6FBE55555A7EFEFBEFFFEFBEFFBEFFB49
S315000151F0AFE836A5A5903FFFFFFFFFFFFFC0000008
S3150001520000FFFFFFFFFFFFFFFFFFFFFFFFFFFFFFA6
S31500015210FFFFFFFFFF03FFFFFFFC3560FFFFFFFFFF
S31500015220FFFFFFFFFFFFFFFFFFFC3C01A5A6994023
S315000152303FFFFFFFFFFFFFFFFFFFFFF0966A96A00C
S31500015240FBFF57D5FFEFBD6AF9FFBEFBEFAFBEFB14
S31500015250EFFBEFBFFAFF365A6A903FFFFFFFFFFFF2
S31500015260FFF000000FFFFFFFFFFFFFFFFFFFFFFF44
S31500015270FFFFFFFFFFFFFFFFFC00FFFFFFFF0143F3
S31500015280FFFFFFFFFFFFFFFFFFFFFFFFFFFFFFC363
S315000152905A69A980FFFFFFFFFFFFFFFFFFFFFFF036
S315000152A0AA59A970EFBB9FE5BEFEFFFFF9FBFBFB09
S315000152B0EFFBEFBEFEBEFBEEFFFF06AA5A503FFF15
S315000152C0FFFFFFFFFFFF0000FFFFFFFFFFFFFFFFE5
S315000152D0FFFFFFFFFFFFFFFFFFFFFFFFF000FFFFE5
S315000152E0FFFFC20FFFFFFFFFFFFFFFFFFFFFFFFFF4
S315000152F0FFFFFFC09A596500FFFFFFFFFFFFFFFF9A
S31500015300FFFFFFF09A9A5A60EFBFFEF96FBEFBEFFF
S31500015310BFBEFBBEFEFBEFBEFBFEFBEFAFAF0596CE
S31500015320A6A03FFFFFFFFFFFFFFFFFFFFFFFFFFFFE
S31500015330FFFFFFFFFFFFFFFFFFFFFFFFFFFFFFFF76
S31500015340C0503FFFFFFFF00FFFFFFFFFFFFFFFFF13
S31500015350FFFFFFFFFFFFFFC025AA5800FFFFFFFF6A
S31500015360FFFFFFFFFFFFFFF0D6A6A6A3FBEEFBFDA7
S315000153706FBFBEFBEFBEFFBEFBEFBEFBEFBFBEFBCB
S31500015380FEFB0A69A5903FFFFFFFFFFFFFFFFFFF3F
S31500015390FFFFFFFFFFFFFFFFFFFFFFFFFFFFFFFF16
S315000153A0FFFFFFFC025403FFFFFFFC3FFFFFFFFF70
S315000153B0FFFFFFFFFFFFFFF3FFFFFFF00255A00313
S315000153C0FFFFFFFFFFFFFFFFFFFFFFF0DA666970D8
S315000153D0FBEFBFAFBEFBEFBEFBEFAFEFBFBEFBEF19
S315000153E0BEFBEFFBEFFB06699A903FFFFFFFFFFF56
S315000153F0FFFFFFFFFFFFFFFFFFFFFFFFFFFFFFFFB6
S31500015400FFFFFFFFFFFFFFF0055500FFFFFFFFFF57
S31500015410FFFFFFFFFFFFFFFFFFFFFFC0FFFFFFFCD7
S31500015420002B000FFFFFFFFFFFFFFFFFFFFFFFF056
S31500015430D96A5A73BEFBEFFBFEFBEFBEFBEFFAFF29
S31500015440BEFBEFBFBFEFEFBEFBBF06969A603FFF05
S31500015450FFFFFFFFFFFFFFFFFFFFFFFFFFFFFFFF55
S31500015460FFFFFFFFFFFFFFFFFFFFFF001555800F47
S31500015470FFFFFFFFFFFFFFFFFFFFFFFFFFFFFF0034
S31500015480FFFFFFFF0000003FFFFFFFFFFFFFFFFFE2
S31500015490FFFFFFF0DA99A660FEFEFAFEEFBEFBEF14
S315000154A0BEFAFFBBEFEFBEFBEBEEFBEFBFBF069A0B
S315000154B069603FFFFFFFFFFFFFFFFFFFFFFFFFFFEA
S315000154C0FFFFFFFFFFFFFFFFFFFFFFFFFFFFFC01E6
S315000154D05555700FFFFFFFFFFFFFFFFFFFFFFFFFA8
S315000154E0FFFFFC03FFFFFFFFF00000FFFFFFFFFFD1
S315000154F0FFFFFFFFFFFFFFFC169A9A73EFAFBFAFE7
S31500015500EFBEFBEFBEFFAFFBEFBEFBEFFEFEFBEF19
S31500015510BEFB0669A6A0FFFFFFFFFFFFFFFFFFFF20
S31500015520FFFFFFFFFFFFFFFFFFFFFFFFFFFFFFFF84
S31500015530FFFFFC035555C00FFFFFFFFFFFFFFFFFF6
S31500015540FFFFFFFFFFFFF003FFFFFFFFFF000FFF5E
S31500015550FFFFFFFFFFFFFFFFFFFFFFF01A69697300
S31500015560EFFFFBFEFBEFFFFBEFEFFAFEFBFBEFEEC0
S31500015570BEFBEFBEFBEF0A699A603FFFFFFFFFFF2D
S31500015580FFFFFFFFFFFFFFFFFFFFFFFFFFFFFFFF24
S31500015590FFFFFFFFFFFFFF001566003FFFFFFFFF55
S315000155A0FFFFFFFFFFFFFFFFFFFFF03FFFFFFFFFD3
S315000155B0FFFFFFFFFFFFFFFFFFFFFFFFFFFFFFFCF7
S315000155C01A69A6A0FAF6FFEFBEF595BFEFBEFFAFCB
S315000155D0FBEFBEFFEFBFBEFFEFBF06969A603FFF30
S315000155E0FFFFFFFFFFFFFFFFFFFFFFFFFFFFFFFFC4
S315000155F0FFFFFFFFFFFFFFFFFFFFFFC0095800FF8F
S31500015600FFFFFFFFFFFFFFFFFFFFFFFFFFFFFFFFA3
S31500015610FFFFFFFFFFFFFFFFFFFFFFFFFFFFFFFF93
S31500015620FFFFFFFC25A69A43BFE555555FE5557E6D
S31500015630FBFBEFFBBEFEFBEBEFBEFBEBEFBB09A6F5
S31500015640A6A0FFFFFFFFFFFFFFFFFFFFFFFFFFFF1B
S31500015650FFFFFFFFFFFFFFFFFFFFFFFFFFFFFFFC56
S3150001566003500FFFFFFFFFFFFFFFFFFFFFFFFFFFDE
S31500015670FFFFFFFFFFFFFFFFFFFFFFFFFFFFFFFF33
S31500015680FFFFFFFFFFFFFFFC2A969A73FBF556A665
S31500015690FBFFBEFBFBEFBEFBEFBEFFBFFBEFEFBEAB
S315000156A0FBFF09A969603FFFFFFFFFFFFFFFFFFF48
S315000156B0FFFFFFFFFFFFFFFFFFFFFFFFFFFFFFFFF3
S315000156C0FFFFFFFF00703FFFFFFFFFFFFFFFFFFF31
S315000156D0FFFFFFFFFFFFFFFFFFFFFFFFFFFFFFFFD3
S315000156E0FFFFFFFFFFFFFFFFFFFFFFFC1A69A66336
S315000156F0FBBFFFFFFBBFFFEFBEFEFBEFEFBFAFBE82
S31500015700BFEFBFFFBFAF0A5A9A60FFFFFFFFFFFF60
S31500015710FFFFFFFFFFFFFFFFFFFFFFFFFFFFFFFF92
S31500015720FFFFFFFFFFFFFFFFF000FFFFFFFFFFFF90
S31500015730FFFFFFFFFFFFFFFFFFFFFFFFFFFFFFFF72
S31500015740FFFFFFFFFFFFFFFFFFFFFFFFFFFFFFFC65
S3150001575025A9A643EFBFBFFFBFBAEBEFBEFBEFBE66
S31500015760FBEBFBFBEEFBFAEBEFFB0A6996A03FFFB7
S31500015770FFFFFFFFFFFFFFFFFFFFFFFFFFFFFFFF32
S31500015780FFFFFFFFFFFFFFFFFFFFFFFFF000FFFF30
S31500015790FFFFFFFFFFFFFFFFFFFFFFFFFFFFFFFF12
S315000157A0FFFFFFFFFFFFFFFFFFFFFFFFFFFFFFFF02
S315000157B0FFFFFFFC2A5A5A43EFEBEEBBEFFFFEFB5E
S315000157C0EFBFBEFEFFFFFFFFFFFFFFFFFFFF09A6C3
S315000157D0A9703FFFFFFFFFFFFFFFFFFFFFFFFFFF77
S315000157E0FFFFFFFFFFFFFFFFFFFFFFFFFFFFFFFFC2
S315000157F0FC03FFFFFFFFFFFFFFFFFFFFFFFFFFFFB1
S31500015800FFFFFFFFFFFFFFFFFFFFFFFFFFFFFFFFA1
S31500015810FFFFFFFFFFFFFFFC36A6A6B3FEFFFFFF5C
S31500015820FFFFFFFFFFFCC3000000000000000000B7
S3150001583000000A9A6A40FFFFFFFFFFFFFFFFFFFF1D
S31500015840FFFFFFFFFFFFFFFFFFFFFFFFFFFFFFFF61
S31500015850FFFFFFFFFC03FFFFFFFFFFFFFFFFFFFF50
S31500015860FFFFFFFFFFFFFFFFFFFFFFFFFFFFFFFF41
S31500015870FFFFFFFFFFFFFFFFFFFFFFFC0669694018
S315000158800000000000000000000000000000000011
S3150001589000000000000009595680FFFFFFFFFFFFCF
S315000158A0FFFFFFFFFFFFFFFFFFFFFFFFFFFFFFFF01
S315000158B0FFFFFFFFFFFFFFFFFF0FFFFFFFFFFFFFE1
S315000158C0FFFFFFFFFFFFFFFFFFFFFFFFFFFFFFFFE1
S315000158D0FFFFFFFFFFFFFFFFFFFFFFFFFFFFFFFFD1
S315000158E00A5A9A4000000000000000000000000073
S315000158F00000000000000000000003AAA000FFFF56
S31500015900FFFFFFFFFFFFFFFFFFFFFFFFFFFFFFFFA0
S31500015910FFFFFFFFFFFFFFFFFFFFFFFFFF0FFFFF80
S31500015920FFFFFFFFFFFFFFFFFFFFFFFFFFFFFFFF80
S31500015930FFFFFFFFFFFFFFFFFFFFFFFFFFFFFFFF70
S31500015940FFFFFFFF09A696400000000000000000CF
S31500015950000CF3FFFFFFFFFFFFFFFFFFFFFF00004C
S315000159600003FFFFFFFFFFFFFFFFFFFFFFFFFFFF3B
S31500015970FFFFFFFFFFFFFFFFFFFFFFFFFFFFFFFF30
S31500015980FFFFFFFFFFFFFFFFFFFFFFFFFFFFFFFF20
S31500015990FFFFFFFFFFFFFFFFFFFFFFFFFFFFFFFF10
S315000159A0FFFFFFFFFFFFFFFF01656A03FFFFFFFF29
S315000159B0FFFFFFFFFFFFFFFFFFFFFFFFFFFFFFFFF0
S315000159C0FFFFC000003FFFFFFFFFFFFFFFFFFFFFDD
S315000159D0FFFFFFFFFFFFFFFFFFFFFFFFFFFFFFFFD0
S315000159E0FFFFFFFFFFFFFFFFFFFFFFFFFFFFFFFFC0
S315000159F0FFFFFFFFFFFFFFFFFFFFFFFFFFFFFFFFB0
S31500015A00FFFFFFFFFFFFFFFFFFFFFFFF000F000389
S31500015A10FFFFFFFFFFFFFFFFFFFFFFFFFFFFFFFF8F
S31500015A20FFFFFFFFFFFFFC000FFFFFFFFFFFFFFF71
S31500015A30FFFFFFFFFFFFFFFFFFFFFFFFFFFFFFFF6F
S31500015A40FFFFFFFFFFFFFFFFFFFFFFFFFFFFFFFF5F
S31500015A50FFFFFFFFFFFFFFFFFFFFFFFFFFFFFFFF4F
S31500015A60FFFFFFFFFFFFFFFFFFFFFFFFFFFFFFFF3F
S31500015A70C000000FFFFFFFFFFFFFFFFFFFFFFFFF5C
S31500015A80FFFFFFFFFFFFFFFFFFFFFFFFFFFFFFFF1F
S31500015A90FFFFFFFFFFFFFFFFFFFFFFFFFFFFFFFF0F
S31500015AA0FFFFFFFFFFFFFFFFFFFFFFFFFFFFFFFFFF
S31500015AB0FFFFFFFFFFFFFFFFFFFFFFFFFFFFFFFFEF
S31500015AC0FFFFFFFFFFFFFFFFFFFFFFFFFFFFFFFFDF
S31500015AD0FFFFFFFFFC0003FFFFFFFFFFFFFFFFFFCD
S31500015AE0FFFFFFFFFFFFFFFFFFFFFFFFFFFFFFFFBF
S31500015AF0FFFFFFFFFFFFFFFFFFFFFFFFFFFFFFFFAF
S31500015B00FFFFFFFFFFFFFFFFFFFFFFFFFFFFFFFF9E
S31500015B10FFFFFFFFFFFFFFFFFFFFFFFFFFFFFFFF8E
S31500015B20FFFFFFFFFFFFFFFFFFFFFFFFFFFFFFFF7E
S31500015B30FFFFFFFFFFFFFFFFFFFFFFFFFFFFFFFF6E
S31500015B40FFFFFFFFFFFFFFFFFFFFFFFFFFFFFFFF5E
S31500015B50FFFFFFFFFFFFFFFFFFFFFFFFFFFFFFFF4E
S31500015B60FFFFFFFFFFFFFFFFFFFFFFFFFFFFFFFF3E
S31500015B70FFFFFFFFFFFFFFFFFFFFFFFFFFFFFFFF2E
S31500015B80FFFFFFFFFFFFFFFFFFFFFFFFFFFFFFFF1E
S31500015B90FFFFFFFFFFFFFFFFFFFFFFFFFFFFFFFF0E
S31500015BA0FFFFFFFFFFFFFFFFFFFFFFFFFFFFFFFFFE
S31500015BB0FFFFFFFFFFFFFFFFFFFFFFFFFFFFFFFFEE
S31500015BC0FFFFFFFFFFFFFFFFFFFFFFFFFFFFFFFFDE
S31500015BD0FFFFFFFFFFFFFFFFFFFFFFFFFFFFFFFFCE
S31500015BE0FFFFFFFFFFFFFFFFFFFFFFFFFFFFFFFFBE
S31500015BF0FFFFFFFFFFFFFFFFFFFFFFFFFFFFFFFFAE
S31500015C00FFFFFFFFFFFFFFFFFFFFFFFFFFFFFFFF9D
S31500015C10FFFFFFFFFFFFFFFFFFFFFFFFFFFFFFFF8D
S31500015C20FFFFFFFFFFFFFFFFFFFFFFFFFFFFFFFF7D
S31500015C30FFFFFFFFFFFFFFFFFFFFFFFFFFFFFFFF6D
S31500015C40FFFFFFFFFFFFFFFFFFFFFFFFFFFFFFFF5D
S31500015C50FFFFFFFFFFFFFFFFFFFFFFFFFFFFFFFF4D
S31500015C60FFFFFFFFFFFFFFFFFFFFFFFFFFFFFFFF3D
S31500015C70FFFFFFFFFFFFFFFFFFFFFFFFFFFFFFFF2D
S31500015C80FFFFFFFFFFFFFFFFFFFFFFFFFFFFFFFF1D
S31500015C90FFFFFFFFFFFFFFFFFFFFFFFFFFFFFFFF0D
S31500015CA0FFFFFFFFFFFFFFFFFFFFFFFFFFFFFFFFFD
S31500015CB0FFFFFFFFFFFFFFFFFFFFFFFFFFFFFFFFED
S31500015CC0FFFFFFFFFFFFFFFFFFFFFFFFFFFFFFFFDD
S31500015CD0FFFFFFFFFFFFFFFFFFFFFFFFFFFFFFFFCD
S31500015CE0FFFFFFFFFFFFFFFFFFFFFFFFFFFFFFFFBD
S31500015CF0FFFFFFFFFFFFFFFFFFFFFFFFFFFFFFFFAD
S31500015D00FFFFFFFFFFFFFFFFFFFFFFFFFFFFFFFF9C
S31500015D10FFFFFFFFFFFFFFFFFFFFFFFFFFFFFFFF8C
S31500015D20FFFFFFFFFFFFFFFFFFFFFFFFFFFFFFFF7C
S31500015D30FFFFFFFFFFFFFFFFFFFFFFFFFFFFFFFF6C
S31500015D40FFFFFFFFFFFFFFFFFFFFFFFFFFFFFFFF5C
S31500015D50FFFFFFFFFFFFFFFFFFFFFFFFFFFFFFFF4C
S31500015D60FFFFFFFFFFFFFFFFFFFFFFFFFFFFFFFF3C
S31500015D70FFFFFFFFFFFFFFFFFFFFFFFFFFFFFFFF2C
S31500015D80FFFFFFFFFFFFFFFFFFFFFFFFFFFFFFFF1C
S31500015D90FFFFFFFFFFFFFFFFFFFFFFFFFFFFFFFF0C
S31500015DA0FFFFFFFFFFFFFFFFFFFFFFFFFFFFFFFFFC
S31500015DB0FFFFFFFFFFFFFFFFFFFFFFFFFFFFFFFFEC
S31500015DC0FFFFFFFFFFFFFFFFFFFFFFFFFFFFFFFFDC
S31500015DD0FFFFFFFFFFFFFFFFFFFFFFFFFFFFFFFFCC
S31500015DE0FFFFFFFFFFFFFFFFFFFFFFFFFFFFFFFFBC
S31500015DF0FFFFFFFFFFFFFFFFFFFFFFFFFFFFFFFFAC
S31500015E00FFFFFFFFFFFFFFFFFFFFFFFFFFFFFFFF9B
S31500015E10FFFFFFFFFFFFFFFFFFFFFFFFFFFFFFFF8B
S31500015E20FFFFFFFFFFFFFFFFFFFFFFFFFFFFFFFF7B
S31500015E30FFFFFFFFFFFFFFFFFFFFFFFFFFFFFFFF6B
S31500015E40FFFFFFFFFFFFFFFFFFFFFFFFFFFFFFFF5B
S31500015E50FFFFFFFFFFFFFFFFFFFFFFFFFFFFFFFF4B
S31500015E60FFFFFFFFFFFFFFFFFFFFFFFFFFFFFFFF3B
S31500015E70FFFFFFFFFFFFFFFFFFFFFFFFFFFFFFFF2B
S31500015E80FFFFFFFFFFFFFFFFFFFFFFFFFFFFFFFF1B
S31500015E90FFFFFFFFFFFFFFFFFFFFFFFFFFFFFFFF0B
S31500015EA0FFFFFFFFFFFFFFFFFFFFFFFFFFFFFFFFFB
S31500015EB0FFFFFFFFFFFFFFFFFFFFFFFFFFFFFFFFEB
S31500015EC0FFFFFFFFFFFFFFFFFFFFFFFFFFFFFFFFDB
S31500015ED0FFFFFFFFFFFFFFFFFFFFFFFFFFFFFFFFCB
S31500015EE0FFFFFFFFFFFFFFFFFFFFFFFFFFFFFFFFBB
S31500015EF0FFFFFFFFFFFFFFFFFFFFFFFFFFFFFFFFAB
S31500015F00FFFFFFFFFFFFFFFFFFFFFFFFFFFFFFFF9A
S31500015F10FFFFFFFFFFFFFFFFFFFFFFFFFFFFFFFF8A
S31500015F20FFFFFFFFFFFFFFFFFFFFFFFFFFFFFFFF7A
S31500015F30FFFFFFFFFFFFFFFFFFFFFFFFFFFFFFFF6A
S31500015F40FFFFFFFFFFFFFFFFFFFFFFFFFFFFFFFF5A
S31500015F50FFFFFFFFFFFFFFFFFFFFFFFFFFFFFFFF4A
S31500015F60FFFFFFFFFFFFFFFFFFFFFFFFFFFFFFFF3A
S31500015F70FFFFFFFFFFFFFFFFFFFFFFFFFFFFFFFF2A
S31500015F80FFFFFFFFFFFFFFFFFFFFFFFFFFFFFFFF1A
S31500015F90FFFFFFFFFFFFFFFFFFFFFFFFFFFFFFFF0A
S31500015FA0FFFFFFFFFFFFFFFFFFFFFFFFFFFFFFFFFA
S31500015FB0FFFFFFFFFFFFFFFFFFFFFFFFFFFFFFFFEA
S31500015FC0FFFFFFFFFFFFFFFFFFFFFFFFFFFFFFFFDA
S31500015FD0FFFFFFFFFFFFFFFFFFFFFFFFFFFFFFFFCA
S31500015FE0FFFFFFFFFFFFFFFFFFFFFFFFFFFFFFFFBA
S31500015FF0FFFFFFFFFFFFFFFFFFFFFFFFFFFFFFFFAA
S31500016000FFFFFFFFFFFFFFFFFFFFFFFFFFFFFFFF99
S31500016010FFFFFFFFFFFFFFFFFFFFFFFFFFFFFFFF89
S31500016020FFFFFFFFFFFFFFFFFFFFFFFFFFFFFFFF79
S31500016030FFFFFFFFFFFFFFFFFFFFFFFFFFFFFFFF69
S31500016040FFFFFFFFFFFFFFFFFFFFFFFFFFFFFFFF59
S31500016050FFFFFFFFFFFFFFFFFFFFFFFFFFFFFFFF49
S31500016060FFFFFFFFFFFFFFFFFFFFFFFFFFFFFFFF39
S31500016070FFFFFFFFFFFFFFFFFFFFFFFFFFFFFFFF29
S31500016080FFFFFFFFFFFFFFFFFFFFFFFFFFFFFFFF19
S31500016090FFFFFFFFFFFFFFFFFFFFFFFFFFFFFFFF09
S315000160A0FFFFFFFFFFFFFFFFFFFFFFFFFFFFFFFFF9
S315000160B0FFFFFFFFFFFFFFFFFFFFFFFFFFFFFFFFE9
S315000160C0FFFFFFFFFFFFFFFFFFFFFFFFFFFFFFFFD9
S315000160D0FFFFFFFFFFFFFFFFFFFFFFFFFFFFFFFFC9
S315000160E0FFFFFFFFFFFFFFFFFFFFFFFFFFFFFFFFB9
S315000160F0FFFFFFFFFFFFFFFFFFFFFFFFFFFFFFFFA9
S31500016100FFFFFFFFFFFFFFFFFFFFFFFFFFFFFFFF98
S31500016110FFFFFFFFFFFFFFFFFFFFFFFFFFFFFFFF88
S31500016120FFFFFFFFFFFFFFFFFFFFFFFFFFFFFFFF78
S31500016130FFFFFFFFFFFFFFFFFFFFFFFFFFFFFFFF68
S31500016140FFFFFFFFFFFFFFFFFFFFFFFFFFFFFFFF58
S31500016150FFFFFFFFFFFFFFFFFFFFFFFFFFFFFFFF48
S31500016160FFFFFFFFFFFFFFFFFFFFFFFFFFFFFFFF38
S31500016170FFFFFFFFFFFFFFFFFFFFFFFFFFFFFFFF28
S31500016180FFFFFFFFFFFFFFFFFFFFFFFFFFFFFFFF18
S31500016190FFFFFFFFFFFFFFFFFFFFFFFFFFFFFFFF08
S315000161A0FFFFFFFFFFFFFFFFFFFFFFFFFFFFFFFFF8
S315000161B0FFFFFFFFFFFFFFFFFFFFFFFFFFFFFFFFE8
S315000161C0FFFFFFFFFFFFFFFFFFFFFFFFFFFFFFFFD8
S315000161D0FFFFFFFFFFFFFFFFFFFFFFFFFFFFFFFFC8
S315000161E0FFFFFFFFFFFFFFFFFFFFFFFFFFFFFFFFB8
S315000161F0FFFFFFFFFFFFFFFFFFFFFFFFFFFFFFFFA8
S31500016200FFFFFFFFFFFFFFFFFFFFFFFFFFFFFFFF97
S31500016210FFFFFFFFFFFFFFFFFFFFFFFFFFFFFFFF87
S31500016220FFFFFFFFFFFFFFFFFFFFFFFFFFFFFFFF77
S31500016230FFFFFFFFFFFFFFFFFFFFFFFFFFFFFFFF67
S31500016240FFFFFFFFFFFFFFFFFFFFFFFFFFFFFFFF57
S31500016250FFFFFFFFFFFFFFFFFFFFFFFFFFFFFFFF47
S31500016260FFFFFFFFFFFFFFFFFFFFFFFFFFFFFFFF37
S31500016270FFFFFFFFFFFFFFFFFFFFFFFFFFFFFFFF27
S31500016280FFFFFFFFFFFFFFFFFFFFFFFFFFFFFFFF17
S31500016290FFFFFFFFFFFFFFFFFFFFFFFFFFFFFFFF07
S315000162A0FFFFFFFFFFFFFFFFFFFFFFFFFFFFFFFFF7
S315000162B0FFFFFFFFFFFFFFFFFFFFFFFFFFFFFFFFE7
S315000162C0FFFFFFFFFFFFFFFFFFFFFFFFFFFFFFFFD7
S315000162D0FFFFFFFFFFFFFFFFFFFFFFFFFFFFFFFFC7
S315000162E0FFFFFFFFFFFFFFFFFFFFFFFFFFFFFFFFB7
S315000162F0FFFFFFFFFFFFFFFFFFFFFFFFFFFFFFFFA7
S31500016300FFFFFFFFFFFFFFFFFFFFFFFFFFFFFFFF96
S31500016310FFFFFFFFFFFFFFFFFFFFFFFFFFFFFFFF86
S31500016320FFFFFFFFFFFFFFFFFFFFFFFFFFFFFFFF76
S31500016330FFFFFFFFFFFFFFFFFFFFFFFFFFFFFFFF66
S31500016340FFFFFFFFFFFFFFFFFFFFFFFFFFFFFFFF56
S31500016350FFFFFFFFFFFFFFFFFFFFFFFFFFFFFFFF46
S31500016360FFFFFFFFFFFFFFFFFFFFFFFFFFFFFFFF36
S31500016370FFFFFFFFFFFFFFFFFFFFFFFFFFFFFFFF26
S31500016380FFFFFFFFFFFFFFFFFFFFFFFFFFFFFFFF16
S31500016390FFFFFFFFFFFFFFFFFFFFFFFFFFFFFFFF06
S315000163A0FFFFFFFFFFFFFFFFFFFFFFFFFFFFFFFFF6
S315000163B0FFFFFFFFFFFFFFFFFFFFFFFFFFFFFFFFE6
S315000163C0FFFFFFFFFFFFFFFFFFFFFFFFFFFFFFFFD6
S315000163D0FFFFFFFFFFFFFFFFFFFFFFFFFFFFFFFFC6
S315000163E0FFFFFFFFFFFFFFFFFFFFFFFFFFFFFFFFB6
S315000163F0FFFFFFFFFFFFFFFFFFFFFFFFFFFFFFFFA6
S31500016400FFFFFFFFFFFFFFFFFFFFFFFFFFFFFFFF95
S31500016410FFFFFFFFFFFFFFFFFFFFFFFFFFFFFFFF85
S31500016420FFFFFFFFFFFFFFFFFFFFFFFFFFFFFFFF75
S31500016430FFFFFFFFFFFFFFFFFFFFFFFFFFFFFFFF65
S31500016440FFFFFFFFFFFFFFFFFFFFFFFFFFFFFFFF55
S31500016450FFFFFFFFFFFFFFFFFFFFFFFFFFFFFFFF45
S31500016460FFFFFFFFFFFFFFFFFFFFFFFFFFFFFFFF35
S31500016470FFFFFFFFFFFFFFFFFFFFFFFFFFFFFFFF25
S31500016480FFFFFFFFFFFFFFFFFFFFFFFFFFFFFFFF15
S31500016490FFFFFFFFFFFFFFFFFFFFFFFFFFFFFFFF05
S315000164A0FFFFFFFFFFFFFFFFFFFFFFFFFFFFFFFFF5
S315000164B0FFFFFFFFFFFFFFFFFFFFFFFFFFFFFFFFE5
S315000164C0FFFFFFFFFFFFFFFFFFFFFFFFFFFFFFFFD5
S315000164D0FFFFFFFFFFFFFFFFFFFFFFFFFFFFFFFFC5
S315000164E0FFFFFFFFFFFFFFFFFFFFFFFFFFFFFFFFB5
S315000164F0FFFFFFFFFFFFFFFFFFFFFFFFFFFFFFFFA5
S31500016500FFFFFFFFFFFFFFFFFFFFFFFFFFFFFFFF94
S31500016510FFFFFFFFFFFFFFFFFFFFFFFFFFFFFFFF84
S31500016520FFFFFFFFFFFFFFFFFFFFFFFFFFFFFFFF74
S31500016530FFFFFFFFFFFFFFFFFFFFFFFFFFFFFFFF64
S31500016540FFFFFFFFFFFFFFFFFFFFFFFFFFFFFFFF54
S31500016550FFFFFFFFFFFFFFFFFFFFFFFFFFFFFFFF44
S31500016560FFFFFFFFFFFFFFFFFFFFFFFFFFFFFFFF34
S31500016570FFFFFFFFFFFFFFFFFFFFFFFFFFFFFFFF24
S31500016580FFFFFFFFFFFFFFFFFFFFFFFFFFFFFFFF14
S31500016590FFFFFFFFFFFFFFFFFFFFFFFFFFFFFFFF04
S315000165A0FFFFFFFFFFFFFFFFFFFFFFFFFFFFFFFFF4
S315000165B0FFFFFFFFFFFFFFFFFFFFFFFFFFFFFFFFE4
S315000165C0FFFFFFFFFFFFFFFFFFFFFFFFFFFFFFFFD4
S315000165D0FFFFFFFFFFFFFFFFFFFFFFFFFFFFFFFFC4
S315000165E0FFFFFFFFFFFFFFFFFFFFFFFFFFFFFFFFB4
S315000165F0FFFFFFFFFFFFFFFFFFFFFFFFFFFFFFFFA4
S31500016600FFFFFFFFFFFFFFFFFFFFFFFFFFFFFFFF93
S31500016610FFFFFFFFFFFFFFFFFFFFFFFFFFFFFFFF83
S31500016620FFFFFFFFFFFFFFFFFFFFFFFFFFFFFFFF73
S31500016630FFFFFFFFFFFFFFFFFFFFFFFFFFFFFFFF63
S31500016640FFFFFFFFFFFFFFFFFFFFFFFFFFFFFFFF53
S31500016650FFFFFFFFFFFFFFFFED5620080D57200844
S3150001666005582008F5572008E9572008BD57200886
S315000166709157200865572008595720081D572008AB
S3150001668011572008000003452E00000000000000FD
S3150001669000000000E4E00100C8E00100CC7621081A
S315000166A0C87621080000000000000000C476210819
S315000166B0C076210804000000F0E00100000000009F
S315000166C00038041400390415001C040000340410B9
S315000166D000020002F158200811592008A55A200885
S315000166E0895A2008715A2008295A2008E159200898
S315000166F08D592008815920087559200841592008CB
S3150001670035592008295920081D592008004A030037
S31500016710004103000046030000470300000A060586
S31500016720000B06060006060100070602002F020BF3
S315000167300030020C0009020400060201001D0200DD
S31500016740001E02000008020302020A0216171819A7
S315000167501A1B1C1D1E1F2021000000000000010243
S315000167600304050607000008000000000000000001
S3150001677000191A1B1C1D1E09090909000000000049
S315000167800000000000000A0B0C0D0E0F1011121371
S315000167901415000000000000161718191A1B1C1DFD
S315000167A01E1F2021212828262401210F070401006C
S315000167B0494E4600696E66004E414E006E616E009E
S315000167C0300030313233343536373839414243447B
S315000167D045460030313233343536373839616263F4
S315000167E064656600496E66696E697479004E614E2C
S315000167F0005245454E54206D616C6C6F6320737574
S3150001680063636565646564002F646174612F6A65FD
S315000168106E6B696E732F776F726B73706163652F21
S31500016820474E552D746F6F6C636861696E2F617287
S315000168306D2D31322F7372632F6E65776C69622D00
S3150001684063796777696E2F6E65776C69622F6C69FC
S3150001685062632F7374646C69622F64746F612E6353
S315000168600042616C6C6F6320737563636565646573
S3150001687064002F646174612F6A656E6B696E732F94
S31500016880776F726B73706163652F474E552D746F09
S315000168906F6C636861696E2F61726D2D31322F7372
S315000168A072632F6E65776C69622D63796777696E9E
S315000168B02F6E65776C69622F6C6962632F737464DE
S315000168C06C69622F6D707265632E630005000000AE
S315000168D0190000007D0000000080E03779C34143C4
S315000168E0176E05B5B5B89346F5F93FE9034F384D2F
S315000168F0321D30F94877825A3CBF737FDD4F1575DB
S31500016900000000000000F03F0000000000002440ED
S3150001691000000000000059400000000000408F40C8
S31500016920000000000088C34000000000006AF84033
S315000169300000000080842E4100000000D012634157
S315000169400000000084D797410000000065CDCD41CD
S31500016950000000205FA00242000000E876483742AE
S31500016960000000A2941A6D42000040E59C30A2424C
S315000169700000901EC4BCD64200003426F56B0C43C1
S315000169800080E03779C3414300A0D8855734764368
S3150001699000C84E676DC1AB43003D9160E458E143C9
S315000169A0408CB5781DAF154450EFE2D6E41A4B443E
S315000169B092D54D06CFF08044F64AE1C7022DB54483
S315000169C0B49DD9794378EA44232D302B2000686C95
S315000169D04C00656667454647004300504F5349588A
S315000169E0002E002C2066756E6374696F6E3A200066
S315000169F0617373657274696F6E2022257322206636
S31500016A0061696C65643A2066696C6520222573228A
S31500016A102C206C696E65202564257325730A000098
S31500016A202020202020202020202828282828202037
S31500016A30202020202020202020202020202020204F
S31500016A4088101010101010101010101010101010C7
S31500016A5004040404040404040404101010101010A7
S31500016A601041414141414101010101010101010180
S31500016A7001010101010101010101011010101010B4
S31500016A801042424242424202020202020202020251
S31500016A900202020202020202020202101010102079
S31500016AA000000000000000000000000000000000DF
S31500016AB000000000000000000000000000000000CF
S31500016AC000000000000000000000000000000000BF
S31500016AD000000000000000000000000000000000AF
S31500016AE0000000000000000000000000000000009F
S31500016AF0000000000000000000000000000000008F
S31500016B00000000000000000000000000000000007E
S31500016B10000000000000000000000000000000006E
S31500016B207F490278D1F80035F0B502F001024478C8
S31500016B30877CC57CDFF8E8E123F4802343EA8243BE
S31500016B40C1F80035427F017804F001039B0012F081
S31500016B500F0643EA91134FEAC3431FBFC7F3021C53
S31500016B6043EA8C2305F0030C4FEA4C0C1CBF4CEA9C
S31500016B70D71C43EACC13DEF89CC42CF4601C08BF76
S31500016B8043F410632CF4FC5C43EA0C0CCEF89CC471
S31500016B90DFF8A0C1ACF80030C3F3C21CC3F38223F3
S31500016BA0042B98BF0133BCF1000F00F0B080BCF19B
S31500016BB0010F00F0AF80ACF1020EBEF1020F01D859
S31500016BC00CF1010C9B0243EACC13DFF86CC1ACF863
S31500016BD00030534BD3F8ACC4C1F344012CF01F0C65
S31500016BE041EA0C01C3F8AC14D3F8101421F4FE1CCD
S31500016BF0817801F00301490141EAD4014CEA81316E
S31500016C00C3F81014D3F80414847821F4FC11A408F1
S31500016C1041EAC431C3F80414D3F80814447C07F0DC
S31500016C200F077F0047EAD41721F4F81141EA07411B
S31500016C30C3F80814D3F80C1484793A4F640821F484
S31500016C40FE1141EA8431C3F80C14D3F83814C4791F
S31500016C5021F4F03104F00F0441EA4431C3F8381449
S31500016C60D3F81414047A21F4FE1104F07F0441EAE6
S31500016C708431C3F81414C37A847AD7F808155B00F3
S31500016C8043EAD413047B21F47F7104F0010421F05B
S31500016C90030143EA44230B432349C7F80835234C30
S31500016CA0D1F834740123C1F83434D4F8103A23F0FE
S31500016CB00F0343EA1513C4F8103AC1F8347466B3E6
S31500016CC002F00F0252041A4990F82440D1F84037D5
S31500016CD023F4F0131A43C1F84027D1F87C27837FA8
S31500016CE022F00F02C3F383031343C1F87C3790F8F4
S31500016CF02530D1F8482703F007035B0022F4F03270
S31500016D0043EAD41342EA4333C1F84837F0BD4FF0A2
S31500016D10020C57E74FF0000C54E74FF4C012D2E7CC
S31500016D2000A005240080042400100424003004245B
S31500016D300080052456E0010054E00100010502012E
S31500016D400006040100070402000000000001000023
S31500016D50000000002425262728292A2B202122236A
S31500016D602C2D2E2F001D00040B01040900040A001E
S31500016D7001001A00003600003500001B000000006B
S31500016D8037000000AAAAAAAAA500000000800724CD
S31500016D900A000000001C0624000003442100000034
S31500016DA000FC0200891F0000001804240C000000EA
S31500016DB0C8000000BC0000005CE501000000000006
S31500016DC01877210814772108107721080C772108F4
S31500016DD000000000000000000000000000000000AC
S31500016DE00000000000000000F13F000C0000000060
S31500016DF0E15A2008F13F00C001000000D55A2008E1
S31500016E00891F000000000245270000000000000065
S31500016E10000000008CE50100000000002877210831
S31500016E2024772108207721081C772108000000001B
S31500016E30000000000000000001000000000000004A
S31500016E40000000009FFF1F00000000442600000014
S31500016E500000000000000000BCE5010044772108A5
S31500016E60407721083C7721083877210834772108B3
S31500016E70307721082C77210800000000010000006E
S31500016E8000000000000000000000044400010400AE
S31500016E9001000000000100010002030001000000E2
S31500016EA000010100000000000000000000000000D9
S31500016EB000000000000000000000000000000000CB
S31500016EC00000000028230000000000000000000070
S31500016ED000000000000000000000000000000000AB
S31500016EE0000000000000000000000000000000009B
S31500016EF0000000000000000000000000000000008B
S31500016F00000000000000000000000000000000007A
S31500016F10000000000000000000000000000000006A
S31500016F20000000000000000000000000000000005A
S31500016F30000000000000000000000000000000004A
S31500016F40000000000000000000000000000000003A
S31500016F50000000000000000000000000000000002A
S31500016F60000000000000000000000000000000001A
S31500016F70000000000000000000000000000000000A
S31500016F8000000000000000000000000000000000FA
S31500016F9000000000000000000000000000000000EA
S31500016FA000000000010000000000000000000000D9
S31500016FB000000000000000000000000000000000CA
S31500016FC000000000000000000000000000000000BA
S31500016FD000000000000000000000000000000000AA
S31500016FE0000000000000000000000000000000009A
S31500016FF0000000000000000000000000000000008A
S315000170000000000000000000000000000000000079
S315000170100000000000000000000000000000000069
S315000170200000000000000000000000000000000059
S315000170300000000000000000000000000000000049
S31500017040000000000101000000FC0200001C0624F3
S31500017050E4E10100F4E001006C00000060000000C2
S315000170602CEE0100B4ED0100000008000000000054
S315000170700000100080C3C9010000000003000000E9
S315000170808CEF01005C030000000000008CEF0100A2
S31500017090F4EF01005CF001000000000000000000B8
S315000170A000000000000000000000000000000000D9
S315000170B000000000000000000000000000000000C9
S315000170C000000000000000000000000000000000B9
S315000170D00000000043000000000000000000000066
S315000170E00000000000000000000000000000000099
S315000170F00000000043000000000000000000000046
S315000171000000000000000000000000000000000078
S315000171100000000043000000000000000000000025
S315000171200000000000000000000000000000000058
S315000171300000000043000000000000000000000005
S315000171400000000000000000000000000000000038
S3150001715000000000430000000000000000000000E5
S315000171600000000000000000000000000000000018
S3150001717000000000430000000000000000000000C5
S3150001718000000000000000000000000000000000F8
S3150001719000000000430000000000000000000000A5
S315000171A000000000000000000000000000000000D8
S315000171B0000000000DFD2008E9FC20080000000089
S315000171C01F7A2108E179210802002108020021081D
S315000171D002002108020021080200210802002108FC
S315000171E0020021080200210802002108FFFFFFFF1B
S315000171F0FFFFFFFFFFFFFFFFFFFF000001004153FD
S3150001720043494900000000000000000000000000A2
S3150001721000000000000000000000000000004153D3
S315000172204349490000000000000000000000000082
S315000172300000000000000000000000000000000047
S3150001724038B5234B0222C3F88420BFF34F8FBFF317
S315000172506F8F204BD3F80028D30735D40123194665
S31500017260202B01D11C4606E001FA03F4144203F176
S31500017270010027D0DCB2184B03EB04139A68C2F362
S315000172808162032A22D09B689B0F032B1ED0134BCE
S31500017290142202FB0433D3E90253ED1A18BF012568
S315000172A00F4B0E4ADB680C49DB690E4898472DB136
S315000172B0084A01235169A3400B435361044B02223F
S315000172C05A6038BD0346CBE70024D4E70025E7E73B
S315000172D000E100E00000034400FC0200E4E10100DB
S315000172E0000130006C00000038B5244B4FF4806279
S315000172F0C3F88020BFF34F8FBFF36F8F204BD3F8B6
S315000173000028D30736D4012319460C2B01D11C467C
S3150001731006E001FA03F4144203F1010028D0DCB2BD
S31500017320184B03EB04139A68C2F38162032A23D034
S315000173309B689B0F032B1FD0134B142202FB0433B4
S31500017340D3E90253ED1A18BF0125104B0E4ADB682B
S315000173500C49DB690E4898472DB1094A0123516949
S31500017360A3400B435361054B4FF480621A6038BD4D
S315000173700346CAE70024D3E70025E6E700E100E07B
S3150001738000800724001C0624F4E0010000013000FF
S31500017390600000002DE9F041044600F0FFFE334B8A
S315000173A0334E1A68334F01321A603568002D52D1B7
S315000173B034601B68012B1FD1B8464046013500F0E9
S315000173C005FF382D08F11408F7D1DFF8D0802A4DD2
S315000173D0404600F0FBFE284600F0F8FE274800F084
S315000173E0F5FE274800F0F2FE264800F0EFFE264B98
S315000173F0C3F80080254B1D60254A136801331360CD
S31500017400244AA3641168E36A8B4288BF136014227D
S315000174105343F918201D4A68A2609568E5606860C3
S315000174209060FA5861610132FA5000F0AFFE1A4BD2
S315000174301B6873B13368DA6AE36A9A4209D24FF07C
S31500017440E0234FF08052C3F8042DBFF34F8FBFF3F3
S315000174506F8FBDE8F081104B1A68E36A002ACBD121
S315000174603268D26A9A4298BF3460C5E77412010045
S315000174704C170100EC120100C4120100A812010010
S31500017480941201007C120100C0120100BC1201001D
S31500017490581201006C12010068120100D812010095
S315000174A02DE9F8431F4B204C1D68204BD3F8008073
S315000174B01F4B0646D3F8009023682068002283F804
S315000174C0722004300F4600F055FE731C14D19FB193
S315000174D0184B21685A688A6021689068C8602168DB
S315000174E004314160216804319160226853611A6850
S315000174F001321A60BDE8F88323682168AD195D6021
S3150001750001F1040104D34846BDE8F84300F066BE24
S31500017510404600F063FE084B1A68AA4288BF1D6008
S31500017520E8E700BF701201004C170100C01201000C
S31500017530BC1201007C12010054120100064A1368B4
S315000175401968064B19B94FF0FF321A607047126875
S31500017550D2681268F9E700BFC01201005412010097
S3150001756010B590F8713004463BB9006B00F026FE69
S315000175702046BDE8104000F021BE012BF9D0022BB8
S3150001758008D04FF0140383F31188BFF36F8FBFF355
S315000175904F8FFEE710BD0000F8B50C4C0C4F0D4D9A
S315000175A0236803B9F8BD00F0F9FDFB68DE68301DFC
S315000175B000F0E0FD2B68013B2B602368013B236053
S315000175C000F0E4FD3046FFF7CBFFE9E7901201003A
S315000175D0941201007412010008B5084E4FF0E02420
S315000175E04FF08055FFF7D8FF3368012BFAD9C4F85D
S315000175F0045DBFF34F8FBFF36F8FF3E7EC1201000A
S315000176002DE9F0470A9C9600324680460D46206BCE
S31500017610A5219946DDE9087A00F0CCFD236B043EED
S315000176201E4426F0070666646DB16B1E04F1330233
S315000176300E3513F8011F02F8011F09B1AB42F8D14B
S31500017640002384F84230372F08D94FF0140383F30F
S315000176501188BFF36F8FBFF34F8FFEE7E762276590
S31500017660201D00F0BFFDC7F1380704F1180000F036
S31500017670B9FD2461A76164624A464146304600F07D
S3150001768091FD2060BAF1000F01D0CAF80040BDE8B3
S31500017690F0872DE9F04387B0DDE90F940E4600210E
S315000176A00546174698460491B9F1000F08D14FF0E7
S315000176B0140383F31188BFF36F8FBFF34F8FFEE778
S315000176C044B94FF0140383F31188BFF36F8FBFF3EF
S315000176D04F8FFEE778230593059A9A4208D04FF01B
S315000176E0140383F31188BFF36F8FBFF34F8FFEE748
S315000176F02046059B00F05EFD022384F8713004AB41
S31500017700C4F8309001930E9B00933A4643463146A6
S3150001771028460294FFF774FF2046FFF73BFE0498C4
S3150001772007B0BDE8F0832DE9F043074685B0900028
S3150001773088461646994600F04DFD0546F0B178207B
S3150001774000F048FD0446B0B17822002100F032FD78
S315000177500D9B256301930C9B009332464B46414694
S3150001776038460294FFF74CFF2046FFF713FE01202F
S3150001777005B0BDE8F083284600F020FD4FF0FF304C
S31500017780F6E70000F8B50446254D00F007FD04B9FB
S315000177902C68271D384600F0EDFCA36A1BB104F1E5
S315000177A0180000F0E7FC1F4A1F4E136801331360EF
S315000177B02B68A342336800D15BB91C4A1368013BAD
S315000177C01360FFF7BBFE00F0E1FC2046FFF7C8FEA1
S315000177D009E01748394600F0DDFC164A1368013303
S315000177E0136000F0D3FC3368C3B12B68A34215D1F3
S315000177F0114B1B6843B14FF0140383F31188BFF398
S315000178006F8FBFF34F8FFEE74FF0E0234FF08052AB
S31500017810C3F8042DBFF34F8FBFF36F8FF8BD00BFC1
S315000178204C17010058120100681201007412010080
S3150001783094120100901201004C1201002DE9F04151
S31500017840044640B94FF0140383F31188BFF36F8FD9
S31500017850BFF34F8FFEE7194B1B68834226D000F01A
S315000178609DFC174BD4F828801F68164B65691E6866
S3150001787000F08CFC144B98451AD0BD421AD0B54283
S3150001788018D0124B9D4209D1A36A9BB994F8703066
S31500017890012B14BF03200220BDE8F0810C4B9D4251
S315000178A00AD0002D14BF01200420F5E70020F3E7DC
S315000178B00120F1E70220EFE70420EDE74C17010074
S315000178C0C0120100BC120100A81201007C120100C5
S315000178D09412010030B58DB008AB214A1D4612F84D
S315000178E0014B03F8014B002CF9D107AA06A905A8FB
S315000178F0CDE9054400F046FC059B0293069B079AD9
S315000179001848CDE9004329462346FFF7C2FE164B28
S315000179101860A8B100F032FC012815D14FF014030C
S3150001792083F31188BFF36F8FBFF34F8F0F4B4FF068
S31500017930FF321A600E4B18600E4B1C6000F042FCC1
S315000179400D4B1B680DB030BD0130F9D14FF014035A
S3150001795083F31188BFF36F8FBFF34F8FFEE700BF2D
S31500017960F4002108AD080000501201005412010074
S31500017970681201007012010054000000024A1368E7
S3150001798001331360704700BF4C120100014B1868A8
S31500017990704700BF7012010008B500F007FC014BEB
S315000179A0186808BD70120100014B1868704700BFC6
S315000179B0741201002DE9F84F544B1B68002B40F05F
S315000179C09E80534B1C6801341C60BCB9514B1A682C
S315000179D0126842B14FF0140383F31188BFF36F8F1E
S315000179E0BFF34F8FFEE74C4A1968106818601160A3
S315000179F04A4A136801331360FFF7A0FD484D494A0F
S31500017A002B68DFF82CB19C424FF000000FD2DBF857
S31500017A100030DB6A14214B43D358022B424B1B68BF
S31500017A2028BF0120002B18BF0120BDE8F88FDFF821
S31500017A3004C10746374B1B681B681BB94FF0FF3360
S31500017A402B60E4E7334B1B68DB68DB6859688C42C3
S31500017A5001D22960DBE7D3E90219D3F81480C1F812
S31500017A600890C9F80410D8F8041003F1040E714502
S31500017A70D8F8001008BFC8F8049001395F61C8F84A
S31500017A800010D3F82880B8F1000F13D0D3E90719F5
S31500017A90C1F80890C9F80410D8F8041003F1180ABF
S31500017AA05145D8F8001008BFC8F8049001399F6203
S31500017AB0C8F80010D96ADCF800801426414506FB97
S31500017AC001F802EB080A88BFCCF80010DAF8049036
S31500017AD0C3F80890D9F80860DE60C6F804E0C9F872
S31500017AE008E0C3F814A052F80830013342F8083010
S31500017AF0DBF80030DB6A994288BF01209AE70B4A1E
S31500017B0013680133136000208FE700BF4C12010098
S31500017B1070120100C0120100BC1201005C120100CA
S31500017B2054120100EC1201006012010064120100FE
S31500017B304C1701006C1201002DE9F84F00F02EFBE5
S31500017B404C4B1A6842B94FF0140383F31188BFF303
S31500017B506F8FBFF34F8FFEE71A68013A1A601B68F1
S31500017B602BB1002400F012FB2046BDE8F88F424AF3
S31500017B701268002AF5D04148414C424A424E434FD1
S31500017B8014254FF0010C51E0C368DB68D3E90718EF
S31500017B90D3F828E0C1F80880C8F80410DEF804100C
S31500017BA003F1180949454FF0000108BFCEF80480DA
S31500017BB09962DEF800100139CEF80010D3E90218F7
S31500017BC0D3F814E0C1F80880C8F80410DEF80410F0
S31500017BD003F104094945DEF8001008BFCEF8048018
S31500017BE00139CEF80010D3F82CE0216805FB0EF818
S31500017BF002EB080A8E45DAF804109960D1F808B04C
S31500017C00C3F80CB0CBF80490C1F8089052F80810EC
S31500017C1088BFC4F800E00131C3F814A042F8081087
S31500017C203168C96A8E4501D9C7F800C001680029C3
S31500017C30AAD10BB1FFF782FC154D2C6844B1134E46
S31500017C400127FFF7B7FE00B13760013CF9D12C607F
S31500017C500E4B1B68002B84D00B4B1B684FF0E023A7
S31500017C604FF08052C3F8042DBFF34F8FBFF36F8FD0
S31500017C70012477E74C12010074120100A8120100D9
S31500017C806C120100EC1201004C1701006012010098
S31500017C906412010008B550B94FF0E0234FF080524D
S31500017CA0C3F8042DBFF34F8FBFF36F8F08BDFFF7E6
S31500017CB065FE0A4B1B68012B08D04FF0140383F3B2
S31500017CC01188BFF36F8FBFF34F8FFEE70021FFF7D8
S31500017CD0E7FBFFF731FF0028DED0E7E74C12010092
S31500017CE01C4B1A681C4BF0B512B101221A60F0BD8B
S31500017CF01A481A601A4D03681A4E2A685A671A49B1
S31500017D0032684FF0140C0CFB02F35C18CF58A7B184
S31500017D10676808337F6867600B449F4204BFE36866
S31500017D206360142303FB02114B68DB680360326056
S31500017D30036803685B6F2B60D9E742B94FF0140300
S31500017D4083F31188BFF36F8FBFF34F8FFEE7013ABD
S31500017D50D9E700BF4C120100601201004C17010067
S31500017D60781201006C120100EC12010010B50C46EC
S31500017D7040B94FF0140383F31188BFF36F8FBFF33C
S31500017D804F8FFEE7054B1968183100F027FA204698
S31500017D900121BDE81040FFF783BB00BF4C1701006E
S31500017DA070B40C46114640B94FF0140383F31188A1
S31500017DB0BFF36F8FBFF34F8FFEE70D4B42681D6810
S31500017DC09668EA611D682E621D68183575601D6822
S31500017DD01B681835956098620368002903F1010351
S31500017DE003600CBF20464FF0FF3070BCFFF758BB55
S31500017DF04C170100C368DB68F0B543B94FF01403B3
S31500017E0083F31188BFF36F8FBFF34F8FFEE7D3E97B
S31500017E1007019A6A81604860506803F11804A0421C
S31500017E2008BF5160002199621168013911601D4A2C
S31500017E30D96A1268002A29D1D3E902405A69A06099
S31500017E40446054681D1DAC4208BF5060106801387B
S31500017E501060154A1068814288BF116013481422C8
S31500017E604A43861874689C60A768DF607D60A560D8
S31500017E705E618358013383500D4B1B68DB6A99425F
S31500017E8083BF0C4B012018600020F0BD0A4A5068E0
S31500017E90D86185681D626C6084609A6213680133DB
S31500017EA01360E9E74C1201006C120100EC120100AB
S31500017EB04C17010060120100A8120100034B1B6858
S31500017EC00360034B1B684360704700BF5C120100EF
S31500017ED07012010070B50D46044640B94FF0140307
S31500017EE083F31188BFF36F8FBFF34F8FFEE741B95D
S31500017EF04FF0140383F31188BFF36F8FBFF34F8FD6
S31500017F00FEE700F04BF9144B62681968134B1868C9
S31500017F1090F8720040B11B68002283F87220012498
S31500017F2000F034F9204670BD2B68581C12D00C485D
S31500017F3026680068864204D08A4202D800232B6054
S31500017F40EDE7881A8342F9D95B1A13442B60204660
S31500017F50FFF7B4FF0024E3E7701201004C1701009C
S31500017F605C120100014B01221A6070476012010088
S31500017F70014B1868704700BF4C170100054B1B6881
S31500017F8033B1054B1868B0FA80F0400940007047DC
S31500017F9001207047681201004C120100F8B5044631
S31500017FA000282ED01D4DC36A2A68D26A93422DD26B
S31500017FB082691B4E002AA1BF2A68D26AC2F1380221
S31500017FC08261142202FB036342699A421AD1071D98
S31500017FD0384600F0CFF82B68124ADB6A1168E36273
S31500017FE08B4288BF136014225343F1184A68A2607A
S31500017FF09068E06047609760F25861610132F25023
S315000180000120F8BD2B68DB6AC362F9E72B68006DB6
S31500018010DB6A98422CBF00200120F2E74C170100D1
S31500018020EC1201006C12010070B5044608B900207B
S3150001803070BD1F4B1B68834208D04FF0140383F3B6
S315000180401188BFF36F8FBFF34F8FFEE75B6D43B9A7
S315000180504FF0140383F31188BFF36F8FBFF34F8F74
S31500018060FEE7C16A026D013B91424365DFD0002BF9
S31500018070DDD1051D284600F07DF8236DE362C3F1CD
S315000180803802A2610B4A11688B4288BF1360142122
S31500018090094A4B43D0184168A1608E68E660756055
S315000180A08D60D15860610131D1500120C0E700BF18
S315000180B04C1701006C120100EC12010070B5044668
S315000180C0002846D0426D42B94FF0140383F311885C
S315000180D0BFF36F8FBFF34F8FFEE7036D994238BF32
S315000180E01946C36A8B4234D0012A32D1194A126821
S315000180F0824208D14FF0140383F31188BFF36F8FC7
S31500018100BFF34F8FFEE78269134DC162002A4FF01C
S31500018110140202FB03534269A4BFC1F13801816114
S315000181209A4216D1061D304600F024F80B4AE36A3E
S3150001813011688B4288BF136014225343E9184A68B9
S31500018140A2609068E06046609660EA58616101321B
S31500018150EA5070BD4C170100EC1201006C120100CF
S31500018160034B186810B1436D01334365704700BF77
S315000181704C1701005FF800F0293620085FF800F07F
S31500018180514420085FF800F0993520085FF800F0A7
S31500018190354620085FF800F0E53520085FF800F065
S315000181A0F54520085FF800F0C94520085FF800F0A2
S315000181B0254820085FF800F091DF20085FF800F0FD
S315000181C02D4A20085FF800F0AD4620085FF800F060
S315000181D0C93520085FF800F0814820085FF800F0F3
S315000181E0FB3520085FF800F0DF35200801000000AC
S315000181F004A405240000004201000000ACA40524EB
S315000182000000402901000000ACA40524010040291A
S315000182100100000004A505240000C02001000000A3
S31500018220C4A405241F000020010000009CA405240D
S315000182300100C049010000009CA4052400008062E1
S3150001824001000000A4A40524000080A40100000090
S31500018250A4A40524000080A4010000009CA4052418
S315000182600100C049010000009CA4052400008062B1
S31500018270010000004887052400004083010000003A
S315000182807C870524000000180100000040870524B2
S315000182900C0040A401000000CCA405240080007855
S315000182A001000000C8A40524640000580100000074
S315000182B0C4A405240080007801000000C0A40524A0
S315000182C06400005801000000E0A40524D903005011
S315000182D001000000DCA40524BF04005801000000D1
S315000182E0D8A405240E0100480100000038A4052485
S315000182F0000000280100000014A40524270080A323
S315000183000100000038A40524030040830100000099
S3150001831038A4052403004083030000000CA40524AF
S315000183205A0080A30CA40524020040100CA40524C5
S3150001833000000000030000000CA405245A0080A3DD
S315000183400CA40524030040100CA405240000000021
S31500018350030000000CA405245A0080A30CA40524E4
S31500018360000040100CA405240000000001000000DC
S3150001837008A40524150000A40100000008A4052492
S31500018380070000A40100000004A405242000C0A3E6
S315000183900100000010A40524380080A3010000009C
S315000183A010A405245A0080A30100000000A505249D
S315000183B00000805A020000009CA405240300C0AC02
S315000183C0ACA40524100000200100000000A505242E
S315000183D00300809C01000000D4A40524010000785C
S315000183E001000000D0A40524F20000800100000075
S315000183F05887052403008059010000005887052489
S315000184000C00002801000000408705240C0040A450
S315000184100100000000A4052400000008010000007E
S3150001842000A40524560583A00100000038A40524F4
S31500018430070040A40100000038A405240F0040A451
S315000184400100000038A40524070040A40100000033
S3150001845038A405240F0040A4010000009CA40524B3
S3150001846000000021010000009CA405240100002158
S31500018470010000009CA405240000C01801000000B2
S315000184809CA405240100C0180200000094A4052440
S315000184900100009494A40524020000AD010000002F
S315000184A09CA40524000000100100000000A505247D
S315000184B00300809C0100000000A505240000809CAB
S315000184C002000000A4A40524000080A4A4A405249D
S315000184D00000008402000000A4A40524000080A47A
S315000184E0A4A405240100008401000000A4A405241D
S315000184F0010080A401000000A4A40524020080A4B8
S315000185000300000098A40524F80040A3A0A40524B4
S3150001851010008051A0A40524010040AD0100000017
S31500018520A0A40524000040AD020000009CA405247F
S315000185300000C049A0A40524000040AD05000000CC
S31500018540A0A40524000040AD9CA40524020080627D
S3150001855098A40524F80040A3A0A405241000805186
S31500018560A0A40524010040AD0200000098A4052442
S31500018570F00040A3A0A40524010040AD02000000C4
S315000185809CA405240200C049A0A40524000040AD16
S315000185900200000098A405242F003EA8A0A40524EB
S315000185A0200020A802000000548705240100C039DC
S315000185B05887052401000021010000005887052481
S315000185C0010080520300000060870524030080AC8F
S315000185D0748705240600409C748705240400405ACC
S315000185E00200000060870524030080AC7087052423
S315000185F0010040AD0100000078870524090000183C
S315000186000100000078870524080000180500000015
S3150001861074870524DA2422A84887052400004083AC
S31500018620408705240C004083708705240C00007BDD
S3150001863070870524040000100600000074870524D5
S3150001864003008041488705240000408340870524B4
S3150001865003004083708705240200007B7087052490
S315000186600700001074870524020000AD0100000018
S3150001867040870524090040A4010000004087052425
S315000186800C0040A4020000005487052400000021CC
S31500018690448705240000408C02000000548705240D
S315000186A001000021448705240100408C13000000CD
S315000186B0408705240C0040A440870524BF000060C4
S315000186C04887052426000060488705240300409456
S315000186D04C87052420030070688705240300C02009
S315000186E0448705240100C09C608705240100801091
S315000186F0788705240700404158870524CC00005897
S31500018700748705249A2412A87487052403008041DE
S315000187104087052408004083708705240500007BF7
S31500018720708705240400001074870524020000AD3B
S3150001873070870524010000847C8705240100408C94
S315000187403887052401008010090000009CA4052437
S315000187500100C049A4A405240100008400A5052444
S315000187601900C09B94A405240100801014A40524BB
S315000187700100006394A405240100008C94A405243F
S31500018780020000ADACA405240000402910A5052473
S3150001879001004029E9212008C1212008000000002C
S315000187A000000000000000000000000000000000C2
S315000187B000000000000000000000000000000000B2
S315000187C000000000000000000000000000000000A2
S315000187D00000000000000000000000000000000092
S315000187E00000000000000000000000000000000082
S315000187F00000000000000000000000000000000072
S315000188000000000000000000000000000000000061
S315000188100000000000000000000000000000000051
S315000188200000000000000000000000000000000041
S315000188300000000000000000000000000000000031
S315000188400000000000000000000000000000000021
S315000188500000000000000000000000000000000011
S315000188600000000000000000000000000000000001
S3150001887000000000000000000000000000000000F1
S3150001888000000000000000000000000000000000E1
S3150001889000000000000000000000000000000000D1
S315000188A000000000000000000000000000000000C1
S315000188B000000000000000000000000000000000B1
S315000188C000000000000000000000000000000000A1
S315000188D00000000000000000000000000000000091
S315000188E00000000000000000000000000000000081
S315000188F00000000000000000000000000000000071
S315000189000000000000000000000000000000000060
S315000189100000000000000000000000000000000050
S315000189200000000000000000000000000000000040
S315000189300000000000000000000000000000000030
S315000189400000000000000000000000000000000020
S315000189500000000000000000000000000000000010
S315000189600000000000000000000000000000000000
S3150001897000000000000000000000000000000000F0
S3150001898000000000000000000000000000000000E0
S3150001899000000000000000000000000000000000D0
S315000189A000000000000000000000000000000000C0
S315000189B000000000000000000000000000000000B0
S315000189C000000000000000000000000000000000A0
S315000189D00000000000000000000000000000000090
S315000189E00000000000000000000000000000000080
S315000189F00000000000000000000000000000000070
S31500018A00000000000000000000000000000000005F
S31500018A10000000000000000000000000000000004F
S31500018A20000000000000000000000000000000003F
S31500018A30000000000000000000000000000000002F
S31500018A40000000000000000000000000000000001F
S31500018A50000000000000000000000000000000000F
S31500018A6000000000000000000000000000000000FF
S31500018A7000000000000000000000000000000000EF
S31500018A8000000000000000000000000000000000DF
S31500018A9000000000000000000000000000000000CF
S31500018AA000000000000000000000000000000000BF
S31500018AB000000000000000000000000000000000AF
S31500018AC0000000000000000000000000000000009F
S31500018AD0000000000000000000000000000000008F
S31500018AE0000000000000000000000000000000007F
S31500018AF0000000000000000000000000000000006F
S31500018B00000000000000000000000000000000005E
S31500018B10000000000000000000000000000000004E
S31500018B20000000000000000000000000000000003E
S31500018B30000000000000000000000000000000002E
S31500018B40000000000000000000000000000000001E
S31500018B50000000000000000000000000000000000E
S31500018B6000000000000000000000000000000000FE
S31500018B7000000000000000000000000000000000EE
S31500018B8000000000000000000000000000000000DE
S31500018B9000000000000000000000000000000000CE
S31500018BA000000000000000000000000000000000BE
S31500018BB000000000000000000000000000000000AE
S31500018BC0000000000000000000000000000000009E
S31500018BD0000000000000000000000000000000008E
S31500018BE0000000000000000000000000000000007E
S31500018BF0000000000000000000000000000000006E
S31500018C00000000000000000000000000000000005D
S31500018C10000000000000000000000000000000004D
S31500018C20000000000000000000000000000000003D
S31500018C30000000000000000000000000000000002D
S31500018C40000000000000000000000000000000001D
S31500018C50000000000000000000000000000000000D
S31500018C6000000000000000000000000000000000FD
S31500018C7000000000000000000000000000000000ED
S31500018C8000000000000000000000000000000000DD
S31500018C9000000000000000000000000000000000CD
S31500018CA000000000000000000000000000000000BD
S31500018CB000000000000000000000000000000000AD
S31500018CC0000000000000000000000000000000009D
S31500018CD0000000000000000000000000000000008D
S31500018CE0000000000000000000000000000000007D
S31500018CF0000000000000000000000000000000006D
S31500018D00000000000000000000000000000000005C
S31100018D1000000000000000000000000050
S50318D212
S70500000000FA
